source_path,integration_class,status,exact_path_rt56_collision,output_path,reason,donor_sha256,output_sha256
.gitignore,ADD,SHIPPED,no,.gitignore,RT56과 같은 경로가 없는 HOK 고유 콘텐츠/메타데이터,675C178BE6E1AB678D1EE804AD3B79EA084EF140576AB5C66B217138D8C3EBCC,675C178BE6E1AB678D1EE804AD3B79EA084EF140576AB5C66B217138D8C3EBCC
AGENTS.md,OVERRIDE,SHIPPED,no,AGENTS.md,신규 포트의 작업·안전·검증 계약,8C59D493DD618A9462DE7EB3D66F761BBD09EF2DBB02C6CB96DE068CF1B00065,551AF8EAE1C86447389A4433A7BA63CA29F761531E29976E8E1648273299AB6E
common/achievements/HoK_achievements.txt,ADD,SHIPPED,no,common/achievements/HoK_achievements.txt,RT56과 같은 경로가 없는 HOK 고유 콘텐츠/메타데이터,47B52758F6B97D7484CC546149BD4232B2114C4FD2DE756C84976706162B18CA,B3913904C24A142F2C709849C70CB00DB8418E4B796865C8E0258069350F9C8A
common/ai_areas/HoK_ai_areas.txt,ADD,SHIPPED,no,common/ai_areas/HoK_ai_areas.txt,RT56과 같은 경로가 없는 HOK 고유 콘텐츠/메타데이터,35E4344FBF7B3D79E89612C8390F6D89A0C3D8AA91BAB622EDDD9BF071A6E19D,35E4344FBF7B3D79E89612C8390F6D89A0C3D8AA91BAB622EDDD9BF071A6E19D
common/ai_strategy/FIN_finppong.txt,USE_RT56,OMITTED_OUT_OF_SCOPE,no,(omitted; RT56/vanilla scope retained),한국 전용 포트에서 FIN 도전 모듈 제외,82D8084BD676B54C94DEC1DD0E2E2A41A440CBCFB8F4C4E988E764B98ECDAB11,
common/ai_strategy/KOR.txt,ADD,SHIPPED,no,common/ai_strategy/KOR.txt,RT56과 같은 경로가 없는 HOK 고유 콘텐츠/메타데이터,73EA3865C374D3D419B6F7FEE9E9F64B70699622E2CFE1DBCFCB9D4A760C6FD8,0F559EB9C0A4E2E799DBA30BAC1F7D9DAEE15AA9474F0C9511C5478277AF8B0C
common/ai_strategy_plans/KOR_alternate_strategy_plan.txt,ADD,SHIPPED,no,common/ai_strategy_plans/KOR_alternate_strategy_plan.txt,RT56과 같은 경로가 없는 HOK 고유 콘텐츠/메타데이터,C93F9F367B3B986025503E74A7D8E3D57FA3CC02074508755EAFC9377060CBBB,C93F9F367B3B986025503E74A7D8E3D57FA3CC02074508755EAFC9377060CBBB
common/ai_strategy_plans/KOR_historical_strategy_plan.txt,ADD,SHIPPED,no,common/ai_strategy_plans/KOR_historical_strategy_plan.txt,RT56과 같은 경로가 없는 HOK 고유 콘텐츠/메타데이터,09AED7585E784FC4C87FA938862AF7DC053D7A2064C244F77AC2006E6561AC6D,09AED7585E784FC4C87FA938862AF7DC053D7A2064C244F77AC2006E6561AC6D
common/bookmarks/the_gathering_storm.txt,THREE_WAY_MERGE,GENERATED,yes,common/bookmarks/the_gathering_storm.txt,RT56 bookmark base에 HOK 한국 시작 블록만 병합,A834B48B0791C82B4DE719639D6951D64EA45176478B76115AA4D7211ADF6DDE,6ACA69005C6B3AA33AC343BA6F564FE2E7FD78E1474265BE590385F6A019C31E
common/buildings/02_landmark_buildings_HoK.txt,ADD,SHIPPED,no,common/buildings/02_landmark_buildings_HoK.txt,RT56과 같은 경로가 없는 HOK 고유 콘텐츠/메타데이터,3CAC3AA7BDBBD24686E5B0638007DEE1694B234B1D3D5B3F6AEA52CDB32FA026,3CAC3AA7BDBBD24686E5B0638007DEE1694B234B1D3D5B3F6AEA52CDB32FA026
common/characters/KOR.txt,THREE_WAY_MERGE,GENERATED,yes,common/characters/KOR.txt,HOK와 RT56의 한국 인물 정의를 논리 ID별 병합,B9F20CE023B8DCD1070A73EE7AB5B746CC0BAD5D81353FEA30B4428139BC92B8,337A050C892936BECE6FF3A6EBFE637EEF42F7F40720FEE0A7D758F61F33F952
common/characters/MON_mongppong.txt,USE_RT56,OMITTED_OUT_OF_SCOPE,no,(omitted; RT56/vanilla scope retained),한국 전용 포트에서 MON 도전 모듈 제외,FB7397BB677C9FF2BFD2DBCC1703C747B2B25B508A8BA3C30F386AFEB63B6406,
common/countries/colors.txt,THREE_WAY_MERGE,GENERATED,yes,common/countries/zz_hok_rt56_colors.txt,공용 전체 파일 대신 HOK 고유 색상만 추가 파일로 분리,D683D49FE16717D32004243D9A7DB10725BA048F4747F0BFB82769EC5CCED45A,126F82815C813358248CDD20FE9E5EC087980D6CBAD94248844C6EEB7C2F1133
common/countries/cosmetic.txt,THREE_WAY_MERGE,GENERATED,yes,common/countries/zz_hok_rt56_cosmetic.txt,공용 전체 파일 대신 HOK 고유 cosmetic 정의만 분리,BB2D7E182094282A50E4E3F1A89EF65E88758D8CC5306251DFD9A729CABD74BC,45E82DB52A1FC77DFEBF86E998C8207BEB478D4F114F53346F6979357BB6475B
common/countries/Korean China.txt,ADD,SHIPPED,no,common/countries/Korean China.txt,RT56과 같은 경로가 없는 HOK 고유 콘텐츠/메타데이터,BBD0B7B20CE5A1755F3C853B453D13FD2DD229CD512B07732FEC30207B3501D3,BBD0B7B20CE5A1755F3C853B453D13FD2DD229CD512B07732FEC30207B3501D3
common/countries/Korean Japan.txt,ADD,SHIPPED,no,common/countries/Korean Japan.txt,RT56과 같은 경로가 없는 HOK 고유 콘텐츠/메타데이터,017B5ED666933A3E7AEBA568AEFA3CFF2ACDB971913157D1B2C2E0004228842E,017B5ED666933A3E7AEBA568AEFA3CFF2ACDB971913157D1B2C2E0004228842E
common/countries/Ryukyu.txt,ADD,SHIPPED,no,common/countries/Ryukyu.txt,RT56과 같은 경로가 없는 HOK 고유 콘텐츠/메타데이터,15328663201044113CF25F078F2F284D9C4A7E7296762DB2421B73FF405A90E3,15328663201044113CF25F078F2F284D9C4A7E7296762DB2421B73FF405A90E3
common/countries/Taiwan.txt,ADD,SHIPPED,no,common/countries/Taiwan.txt,RT56과 같은 경로가 없는 HOK 고유 콘텐츠/메타데이터,8840D6E1882994F0B0CF7E18F88E3FD7B38749372034CB4988BDEC049FC72625,8840D6E1882994F0B0CF7E18F88E3FD7B38749372034CB4988BDEC049FC72625
common/country_leader/00_hok_traits.txt,ADD,SHIPPED,no,common/country_leader/00_hok_traits.txt,RT56과 같은 경로가 없는 HOK 고유 콘텐츠/메타데이터,566525F070E9B5937FC1926FF273E2381C041CD3DD4312DA2EEC5404372B8DC9,A7CBFA4C1BDA8639DDD66CE92FA9E1B3C41A196FD5EA94366346373FCBCD06E2
common/country_tags/hok_countries.txt,ADD,SHIPPED,no,common/country_tags/hok_countries.txt,RT56과 같은 경로가 없는 HOK 고유 콘텐츠/메타데이터,7D3C4CAB7E34A5C2A2346510AB9019568A1B370AA48E16035D56F7FC0FAC4007,7D3C4CAB7E34A5C2A2346510AB9019568A1B370AA48E16035D56F7FC0FAC4007
common/decisions/categories/JAP_HoK_decision_category.txt,ADD,SHIPPED,no,common/decisions/categories/JAP_HoK_decision_category.txt,RT56과 같은 경로가 없는 HOK 고유 콘텐츠/메타데이터,093EF147EDDF6C6BF89486501D9C257BD631D73979EC13603080B7EF055A263D,093EF147EDDF6C6BF89486501D9C257BD631D73979EC13603080B7EF055A263D
common/decisions/categories/KOR_decision_categories.txt,ADD,SHIPPED,no,common/decisions/categories/KOR_decision_categories.txt,RT56과 같은 경로가 없는 HOK 고유 콘텐츠/메타데이터,70469FC0116178E64738D0DDEB3C499656FAFCCB1CFF51658BD46307395573FB,70469FC0116178E64738D0DDEB3C499656FAFCCB1CFF51658BD46307395573FB
common/decisions/JAP.txt,THREE_WAY_MERGE,GENERATED,yes,common/decisions/JAP.txt,현재 일본 결정에 필요한 한국 독립 delta를 리베이스,5D1765671AC227C5CB4B32F188F744BD69F3384E55F6EA8F6145253B4BFA856E,0D3724A249EA1E9A642CF57B83A2918FE76CE008378AC5BEE8C1D66594B72123
common/decisions/KOR.txt,THREE_WAY_MERGE,GENERATED,no,common/decisions/KOR.txt,현재 바닐라 한국 결정에 새 한국 state 집합만 병합,E1DF75F1B5090E703796E699EAA64A0B7C7C0456129270F900A9C4C67E26B056,4D91EA69A4E595289D1106B97D88EF9FB5CB427D1B87244C2C813253FB36969E
common/decisions/KOR_decision.txt,ADD,SHIPPED,no,common/decisions/KOR_decision.txt,RT56과 같은 경로가 없는 HOK 고유 콘텐츠/메타데이터,051F5CEEFB7CC37CC8EC4F92281FFE920CC7F9ACFC1B18DB090B105C795B84FA,286E3D25DDBD747E4E814E5686E4EBEB425860DB8BB1E3383558068026F271BC
common/difficulty_settings/00_difficulty.txt,USE_RT56,OMITTED_HOST_OWNED,yes,RT56:common/difficulty_settings/00_difficulty.txt,현재 RT56 난이도 정의가 공용 시스템을 소유,E5701B6EC59A5C4781BD596291C301A185088AC5F796DD99E840B7D2E972C401,3DBB427D97C056A6F78566D57078EF91D96AB2D941D65453EE195856485D34AF
common/dynamic_modifiers/0_HoK_dynamic_modifiers.txt,ADD,SHIPPED,no,common/dynamic_modifiers/0_HoK_dynamic_modifiers.txt,RT56과 같은 경로가 없는 HOK 고유 콘텐츠/메타데이터,EBBD31C2C4460D3A9EDBA537B36206C4FE87DC44CEE3F48ED900157E6417166F,EBBD31C2C4460D3A9EDBA537B36206C4FE87DC44CEE3F48ED900157E6417166F
common/game_rules/hok_game_rules.txt,ADD,SHIPPED,no,common/game_rules/hok_game_rules.txt,RT56과 같은 경로가 없는 HOK 고유 콘텐츠/메타데이터,D39496F15D4415F00D2DF15CD57A194C6DD53A6E764C37F823231C2483AC1425,27BEFD5F8ECC782A1C35C5C867D188EA61C01DCD3116DEDA45BC528BE2A0DD26
common/ideas/korea.txt,OVERRIDE,SHIPPED,yes,common/ideas/korea.txt,HOK 한국 아이디어 설계가 이 포트의 의도적 소유 영역,BB53994155D4800B86AD260E32572D54A4FD8D21DEDBE97A8F05B6B8B40F0927,BB53994155D4800B86AD260E32572D54A4FD8D21DEDBE97A8F05B6B8B40F0927
common/intelligence_agencies/00_intelligence_agencies.txt,THREE_WAY_MERGE,GENERATED,yes,common/intelligence_agencies/zz_hok_rt56_intelligence_agencies.txt,공용 전체 파일 대신 HOK 한국 기관만 추가,0F24DEF3E78CB521CC37F28D395645277441045D3126AD3CDBF033F3B0D3FBC4,5C932D1AEB9F52B26517665D536AEC89898E8C91352D3ED4C9DBB53D71429ACC
common/military_industrial_organization/organizations/00_generic_organization.txt,THREE_WAY_MERGE,GENERATED,yes,common/military_industrial_organization/organizations/00_generic_organization.txt,RT56 generic MIO base에 HOK 한국 제외 조건만 병합,830D892C148A8DEDB894E37C72BF9A9ABFEBD1B41EDB504C74CF238E1B00A5E8,770ADCC93B8FFF766D6E898589F0D38CF06B22C71352B50F8852F4C3361BDBAC
common/military_industrial_organization/organizations/KOR_organization.txt,THREE_WAY_MERGE,GENERATED,yes,common/military_industrial_organization/organizations/KOR_organization.txt,RT56 소유권·가용 조건과 HOK 항공 MIO 설계를 병합,87052E3AD3C21FCC97C4F697B6A682CDF04E44EEFA0160AC15E280A317873959,E61F233F0E054564436896A0C995A938D0C75970C196C8D163787F47B3A62F3F
common/names/00_names.txt,THREE_WAY_MERGE,GENERATED,yes,common/names/zz_hok_rt56_names.txt,공용 전체 파일 대신 HOK 고유 이름 목록만 추가,1740DBAC9207B3711FC0D7F9EE5FCBCE2B9A27228BF88CA167AC149610B577AF,2AD30F7678937B3B68219E0ED4A21AF160654263F72A6C8C552B01639ED7B0F8
common/national_focus/china_shared_TSR.txt,THREE_WAY_MERGE,GENERATED,yes,common/national_focus/china_shared_TSR.txt,현재 RT56 중국 공유 중점에 HOK 한국 delta를 병합,CA376A6498F46748B785FBD425C31B96E99E1EE9C6F70E11C197D58A9A3CA0BA,5226E1EEECC3ED2C2E026C8B6F912CE249753A8ABFDC81E87557F0D76C80C50E
common/national_focus/korea.txt,OVERRIDE,SHIPPED,yes,common/national_focus/korea.txt,HOK 한국 중점 트리를 ID 마이그레이션 후 의도적으로 제공,55BC831B7BB3A11DFF49E7DA04541AA9088D4B2D1098D6089D0959DC16C1B0D6,452BFBC140DDA48AA0BA26BB2FC4DF3C706211985AEE9E750DDE3C25704EEA1E
common/on_actions/00_HoK_on_actions.txt,ADD,SHIPPED,no,common/on_actions/00_HoK_on_actions.txt,RT56과 같은 경로가 없는 HOK 고유 콘텐츠/메타데이터,03A0C9B1C81A85CCDD2516D2FAA1ABA3CCD77B2A6E6A1D19B613CA1D2B72E97C,03A0C9B1C81A85CCDD2516D2FAA1ABA3CCD77B2A6E6A1D19B613CA1D2B72E97C
common/on_actions/04_mtg_on_actions.txt,USE_RT56,OMITTED_HOST_OWNED,yes,RT56:common/on_actions/04_mtg_on_actions.txt,현재 RT56 MTG on_action을 그대로 사용,C71868BD2DEB5BE1BF63AF692AB697C6B34FAAD43E1175DF4C25C2855E74C49C,0947E62DE9AE4B442B1B4B64541B20A95C8DEA99ACBD211D813A2A817E9305F8
common/on_actions/14_sea_on_actions.txt,THREE_WAY_MERGE,GENERATED,yes,common/on_actions/14_sea_on_actions.txt,현재 RT56 SEA on_action에 한국 독립 연결만 병합,418F7F23543A227F010F029383BFF4CDBE822F7D404EB80EAD07098E7386F903,4649B0AA22D8F897969B136402ABA2B0B691C10DC4C16E03579069C273409FE3
common/on_actions/finnppong_on_actions.txt,USE_RT56,OMITTED_OUT_OF_SCOPE,no,(omitted; RT56/vanilla scope retained),한국 전용 포트에서 FIN 도전 모듈 제외,5DF0DF7FDFCDA328D6B1BED34345C75CD5A8D0BCBEF68064BCA5CCDB172C81FF,
common/on_actions/gookppong_middle_power_on_actions.txt,ADD,SHIPPED,no,common/on_actions/gookppong_middle_power_on_actions.txt,RT56과 같은 경로가 없는 HOK 고유 콘텐츠/메타데이터,11450E429A8C1A405B06C0249F739608E4D9E603E727C801A5ECD097E69A75F0,D9178973F77D27F72373F4EBC6790B388D009B9960C9040B56F045B27B8E6E21
common/on_actions/gookppong_on_actions.txt,ADD,SHIPPED,no,common/on_actions/gookppong_on_actions.txt,RT56과 같은 경로가 없는 HOK 고유 콘텐츠/메타데이터,F55F3C50B8AD6DC4BCF3AF06532DD4F053E93B9254D8A84C8AA56771C06A9112,AE153C0B1570E0ADFB9C633AB4B3C62C95786F2448122728396D16FCDA0E5FDB
common/on_actions/HoK_cosmetic_tag_on_actions.txt,ADD,SHIPPED,no,common/on_actions/HoK_cosmetic_tag_on_actions.txt,RT56과 같은 경로가 없는 HOK 고유 콘텐츠/메타데이터,2E9E7C48FA1384D5DB9D8ACA66DBEA565646375D3B16463B7149AC7CA32D9C42,2E9E7C48FA1384D5DB9D8ACA66DBEA565646375D3B16463B7149AC7CA32D9C42
common/on_actions/HoK_ragnarok_on_actions.txt,ADD,SHIPPED,no,common/on_actions/HoK_ragnarok_on_actions.txt,RT56과 같은 경로가 없는 HOK 고유 콘텐츠/메타데이터,3B6AC0C5E5AF3631E931B8261F34B5914F76E68B6F4508FA826C2FE7C9CAA3E5,3B6AC0C5E5AF3631E931B8261F34B5914F76E68B6F4508FA826C2FE7C9CAA3E5
common/on_actions/mongppong_on_actions.txt,USE_RT56,OMITTED_OUT_OF_SCOPE,no,(omitted; RT56/vanilla scope retained),한국 전용 포트에서 MON 도전 모듈 제외,122D676C40AB11C89841A4135A75163204AD51DA93FE7875418EFD760FFA76D4,
common/on_actions/sibbppong_on_actions.txt,USE_RT56,OMITTED_OUT_OF_SCOPE,no,(omitted; RT56/vanilla scope retained),한국 전용 포트에서 SIB 도전 모듈 제외,65BD9CF8302786CDB777A88BD398419340E0786456B4AC29A4CB9C449107DA73,
common/peace_conference/ai_peace/KOR.txt,ADD,SHIPPED,no,common/peace_conference/ai_peace/KOR.txt,RT56과 같은 경로가 없는 HOK 고유 콘텐츠/메타데이터,D4AA5834013D193080EC044966D7F517F6359582708AEB1401872BF55498A69A,D4AA5834013D193080EC044966D7F517F6359582708AEB1401872BF55498A69A
common/peace_conference/ai_peace/SOV.txt,THREE_WAY_MERGE,GENERATED,no,common/peace_conference/ai_peace/SOV.txt,현재 바닐라 평화 AI에 전체 한국 state 집합만 병합,B99150C98F1F0A3AB8196320A0D1C447FB66A3206F8585A16BC55C773DC98143,714976931F2DE7EE0F2C37A54AB30C90ECBE338B2F5787BB97A2973C52397889
common/peace_conference/ai_peace/USA.txt,THREE_WAY_MERGE,GENERATED,no,common/peace_conference/ai_peace/USA.txt,현재 바닐라 평화 AI에 전체 한국 state 집합만 병합,9B554F2D48F5D5CE02A95F1044A9579F1BB3D65C42087DD6CC7086E1147B0EF2,9F61DAC42E80FFDA72CC4BEA3DE40C36F795129B3EF72BE4C03CD945B7F7D436
common/scripted_effects/SP_scripted_effects.txt,THREE_WAY_MERGE,GENERATED,no,common/scripted_effects/SP_scripted_effects.txt,현재 바닐라 특수 프로젝트 effect에 HOK 한국 분기만 병합,6F70BC269BB7F30166E51B337FCF675FC3523C004A91161E8AE7CB8EFFEBAD0B,6897CC2F0892CF797C6E94105A43A554E98EE627B85A66BE62791EF707C7CA2C
common/scripted_localisation/HoK_Korea_scripted_loc.txt,ADD,SHIPPED,no,common/scripted_localisation/HoK_Korea_scripted_loc.txt,RT56과 같은 경로가 없는 HOK 고유 콘텐츠/메타데이터,00A298B4C41B9683E93A86CAFB3ED29750AF5C0A13AC1BFC96A7C4D16F0F77DA,00A298B4C41B9683E93A86CAFB3ED29750AF5C0A13AC1BFC96A7C4D16F0F77DA
common/scripted_triggers/JAP_scripted_triggers.txt,THREE_WAY_MERGE,GENERATED,no,common/scripted_triggers/JAP_scripted_triggers.txt,현재 바닐라 일본 trigger에 독립 한국 state 집합만 병합,49FE6E728583B47E706100669339CA47203A3FA0542E4BFA835F8C0413226EA2,89629DB7555F58820922E1E6A215643359DC97E69DA9D0DDFF2FC7071899D606
common/scripted_triggers/unit_medals_scripted_triggers.txt,THREE_WAY_MERGE,GENERATED,yes,common/scripted_triggers/unit_medals_scripted_triggers.txt,현재 훈장 trigger 집합에 HOK 한국 trigger만 병합,D2E0AED9A58F39B7883866B100C18975643DCB7283F0FDF122A1286D05BDEAD2,7E868AC028F1D8ABBD1FF9935CF46A7DA5FC71C533F8663F1AC644A47995712E
common/unit_leader/HoK_commander_traits.txt,ADD,SHIPPED,no,common/unit_leader/HoK_commander_traits.txt,RT56과 같은 경로가 없는 HOK 고유 콘텐츠/메타데이터,79FF43873EFE5F76B7AF8E098A8492D738DB8CE2875296ECA7DFF936E2BB13E7,79FF43873EFE5F76B7AF8E098A8492D738DB8CE2875296ECA7DFF936E2BB13E7
common/unit_medals/hok_medal_default.txt,ADD,SHIPPED,no,common/unit_medals/hok_medal_default.txt,RT56과 같은 경로가 없는 HOK 고유 콘텐츠/메타데이터,78ECF12871B5D3FA1F84BFFBB7522B0B3654B9555EEFBAB6EC4F903C99250C55,78ECF12871B5D3FA1F84BFFBB7522B0B3654B9555EEFBAB6EC4F903C99250C55
common/units/names/00_KOR_names.txt,ADD,SHIPPED,no,common/units/names/00_KOR_names.txt,RT56과 같은 경로가 없는 HOK 고유 콘텐츠/메타데이터,98474998F978A9A2E2ADAF0E522635C7A12923054460C7E49CDBF8D268665BDE,98474998F978A9A2E2ADAF0E522635C7A12923054460C7E49CDBF8D268665BDE
common/units/names_divisions/KOR_names_divisions.txt,THREE_WAY_MERGE,GENERATED,yes,common/units/names_divisions/KOR_names_divisions.txt,HOK 편제명과 RT56 KOR_MOT_01을 병합,674001DAA5EF905E41E55FD8F71F85CD14987CB5A6F77F7F97D0BB04322D27A4,E756D7A23E2C5C051CFD09FF111F254594FD2CCEEC4B0F671D360D903C5F90B6
common/units/names_divisions/MON_names_divisions.txt,USE_RT56,OMITTED_HOST_OWNED,yes,RT56:common/units/names_divisions/MON_names_divisions.txt,RT56 몽골 편제명 정의를 유지,DA39026483E4C8003BFD33140985B3E892270C0AB85CA3C86E88B50DB4A92316,8D460196F1A75DEE52B8D5FA1F49E046D7D152DB1973E616B0A5542516F3E6AA
common/units/names_railway_guns/KOR_railway_gun_names.txt,ADD,SHIPPED,no,common/units/names_railway_guns/KOR_railway_gun_names.txt,RT56과 같은 경로가 없는 HOK 고유 콘텐츠/메타데이터,D38A55DB4275AE6D5761AF7E57DFA00E37A379FA314FF1D2F8A6298E63E11A90,D38A55DB4275AE6D5761AF7E57DFA00E37A379FA314FF1D2F8A6298E63E11A90
common/units/names_ships/KOR_ship_names.txt,THREE_WAY_MERGE,GENERATED,yes,common/units/names_ships/KOR_ship_names.txt,HOK 함명과 RT56 함종 그룹을 병합,E57E7570BA6405B5410F708E41559976BB07EE7F3CCF0D66D3C2C4582829B53D,BE10D25E41B842D1DFFA6B8D5D86A1E604FBCC6385A2DFCEDFD80C61B8EB9765
descriptor.mod,OVERRIDE,SHIPPED,yes,descriptor.mod,RT56 전용 의존성과 신규 업로드 정체성,3FBC6868A7D95BACD6B55AF71593A61AF3A7EADA5654D46CC4C828422ECA032A,20B8460179935A906F5B041E766480C5D15B96C86F1B2D23C7447AF23DF630A1
events/ElectionEvents.txt,THREE_WAY_MERGE,GENERATED,yes,events/ElectionEvents.txt,현재 선거 이벤트에 HOK 한국 분기만 병합,4D51DFF85831EA917B6A1FECD94F41D7A3CCF1177FC2CF823BF0892142E6F4E3,F62A4B0DD247765477D0581C4408F25CBF07F2839A74C3B75C3C45635DCF2718
events/HoK_ragnarok.txt,ADD,SHIPPED,no,events/HoK_ragnarok.txt,RT56과 같은 경로가 없는 HOK 고유 콘텐츠/메타데이터,EF24ADCC34A3332EFCB7DE6457E87BF5DB131B7A88597CF0D58E5C418F06DAEC,EF24ADCC34A3332EFCB7DE6457E87BF5DB131B7A88597CF0D58E5C418F06DAEC
events/korea.txt,ADD,SHIPPED,no,events/korea.txt,RT56과 같은 경로가 없는 HOK 고유 콘텐츠/메타데이터,F2AE48D9118E60F097C15A838A45B4DDA68F13D79484B51C28A896FDFDC2741A,58D7AE993B31537515E7E03A4EC978068BAFD06E3D6E3F2C27E63E9FAEFB5121
events/NewsEvents_KOR.txt,ADD,SHIPPED,no,events/NewsEvents_KOR.txt,RT56과 같은 경로가 없는 HOK 고유 콘텐츠/메타데이터,8690739B2DDF46A6369797312945D862AB74BDDCCFD6B532EDBCC92208E0163F,10E07D6B7469C9853EAAAE77837A1EDFC4DC95B8BBF9EFDCF37CD7186983DB64
events/SEA_Japan.txt,THREE_WAY_MERGE,GENERATED,yes,events/SEA_Japan.txt,현재 SEA 일본 이벤트에 한국 독립 delta를 병합,6EB21D08B03729FDEA1D00944EF4F9FCA8574FC0EE801DD631257EC2F8A31320,AC03731407A82584C80F5583FC66843A7B85F42445C101DCE303A80D1BEDD215
events/WTT_Japan.txt,THREE_WAY_MERGE,GENERATED,yes,events/WTT_Japan.txt,현재 WTT 일본 이벤트에 한국 독립 delta를 병합,654092BF27DF32226C54EF425617196467B93FF4D8E861B637A92D0C92C5A013,64806EC2E01C29D755B936C9242B3A812EB9616CAFF5FB2A186E14EFC483EA50
gfx/achievements/Baebakee.dds,ASSET_COPY,SHIPPED,no,gfx/achievements/Baebakee.dds,RT56과 같은 경로가 없는 HOK 고유 자산; provenance 유지,EBEB55F8FC80268732A8744260AADF3FB68C71B42E87A2C7874DB8CE26757185,EBEB55F8FC80268732A8744260AADF3FB68C71B42E87A2C7874DB8CE26757185
gfx/achievements/Baebakee_grey.dds,ASSET_COPY,SHIPPED,no,gfx/achievements/Baebakee_grey.dds,RT56과 같은 경로가 없는 HOK 고유 자산; provenance 유지,C772F78CB218C2B7DFCE4575C25267178080A3B1D5BE746A82DC62026E3D2E61,C772F78CB218C2B7DFCE4575C25267178080A3B1D5BE746A82DC62026E3D2E61
gfx/achievements/Baebakee_not_eligible.dds,ASSET_COPY,SHIPPED,no,gfx/achievements/Baebakee_not_eligible.dds,RT56과 같은 경로가 없는 HOK 고유 자산; provenance 유지,81B9B4F1F37E04B1A52C73779F4827DC4370BC24E9CAB15EC65ECFBA48ABA982,81B9B4F1F37E04B1A52C73779F4827DC4370BC24E9CAB15EC65ECFBA48ABA982
gfx/achievements/BTS.dds,ASSET_COPY,SHIPPED,no,gfx/achievements/BTS.dds,RT56과 같은 경로가 없는 HOK 고유 자산; provenance 유지,A2E66F4CAF585D97E39C45177EC1C201A477E09EF10BA5A80B368B8373B3EE88,A2E66F4CAF585D97E39C45177EC1C201A477E09EF10BA5A80B368B8373B3EE88
gfx/achievements/BTS_grey.dds,ASSET_COPY,SHIPPED,no,gfx/achievements/BTS_grey.dds,RT56과 같은 경로가 없는 HOK 고유 자산; provenance 유지,DAE21F22C056ADFA24DFA82C1A211BD35228BEC834450817BD6276C6691E08BE,DAE21F22C056ADFA24DFA82C1A211BD35228BEC834450817BD6276C6691E08BE
gfx/achievements/BTS_not_eligible.dds,ASSET_COPY,SHIPPED,no,gfx/achievements/BTS_not_eligible.dds,RT56과 같은 경로가 없는 HOK 고유 자산; provenance 유지,7660A7F049898A56E2C40CC94AE1EB9A323ED2DA5BD165FB98698CA9678F65AD,7660A7F049898A56E2C40CC94AE1EB9A323ED2DA5BD165FB98698CA9678F65AD
gfx/achievements/Gootgeon_needs_friends.dds,ASSET_COPY,SHIPPED,no,gfx/achievements/Gootgeon_needs_friends.dds,RT56과 같은 경로가 없는 HOK 고유 자산; provenance 유지,BC674F0DBA0A8B8A82F3059D8C7382A28CBA179A0D433E84C1763D7BD2228BAE,BC674F0DBA0A8B8A82F3059D8C7382A28CBA179A0D433E84C1763D7BD2228BAE
gfx/achievements/Gootgeon_needs_friends_grey.dds,ASSET_COPY,SHIPPED,no,gfx/achievements/Gootgeon_needs_friends_grey.dds,RT56과 같은 경로가 없는 HOK 고유 자산; provenance 유지,E74A83203444F0182921263C36C5EB6B9932C803DFC4045B5F04828218253720,E74A83203444F0182921263C36C5EB6B9932C803DFC4045B5F04828218253720
gfx/achievements/Gootgeon_needs_friends_not_eligible.dds,ASSET_COPY,SHIPPED,no,gfx/achievements/Gootgeon_needs_friends_not_eligible.dds,RT56과 같은 경로가 없는 HOK 고유 자산; provenance 유지,045F1BAF0ECCB3CA364826D193A893429A91145CD5C194D675754865DCB50993,045F1BAF0ECCB3CA364826D193A893429A91145CD5C194D675754865DCB50993
gfx/achievements/He_has_returned_from_korea.dds,ASSET_COPY,SHIPPED,no,gfx/achievements/He_has_returned_from_korea.dds,RT56과 같은 경로가 없는 HOK 고유 자산; provenance 유지,97D787B754E0CBBD14C2C10CC2A09C1BC3227BB030E18D252593E4DD7591675A,97D787B754E0CBBD14C2C10CC2A09C1BC3227BB030E18D252593E4DD7591675A
gfx/achievements/He_has_returned_from_korea_grey.dds,ASSET_COPY,SHIPPED,no,gfx/achievements/He_has_returned_from_korea_grey.dds,RT56과 같은 경로가 없는 HOK 고유 자산; provenance 유지,63384D5864A4633E28B5DFAD7753FDA2F2FCE0FD30FA2A00E316199F6869D55F,63384D5864A4633E28B5DFAD7753FDA2F2FCE0FD30FA2A00E316199F6869D55F
gfx/achievements/He_has_returned_from_korea_not_eligible.dds,ASSET_COPY,SHIPPED,no,gfx/achievements/He_has_returned_from_korea_not_eligible.dds,RT56과 같은 경로가 없는 HOK 고유 자산; provenance 유지,68611E49AFF9E1B1B9AEB508A746408489324F3FB786BD5B55D5DF2DD2F73E6B,68611E49AFF9E1B1B9AEB508A746408489324F3FB786BD5B55D5DF2DD2F73E6B
gfx/achievements/Hearts_of_korea.dds,ASSET_COPY,SHIPPED,no,gfx/achievements/Hearts_of_korea.dds,RT56과 같은 경로가 없는 HOK 고유 자산; provenance 유지,2D1028F4344FB88CF7245EA1549B9C9EF9907D1BB4150773C1B2CFB038A33963,2D1028F4344FB88CF7245EA1549B9C9EF9907D1BB4150773C1B2CFB038A33963
gfx/achievements/Hearts_of_korea_grey.dds,ASSET_COPY,SHIPPED,no,gfx/achievements/Hearts_of_korea_grey.dds,RT56과 같은 경로가 없는 HOK 고유 자산; provenance 유지,8E30B2EAAD555D160A52BC3BB7B6CC3C652B3E6EB9F6E7F529A283C0EDE89F93,8E30B2EAAD555D160A52BC3BB7B6CC3C652B3E6EB9F6E7F529A283C0EDE89F93
gfx/achievements/Hearts_of_korea_not_eligible.dds,ASSET_COPY,SHIPPED,no,gfx/achievements/Hearts_of_korea_not_eligible.dds,RT56과 같은 경로가 없는 HOK 고유 자산; provenance 유지,F78FEB89A42CB7493D4B40D8CF236C8C56D4896F8BA789363F0AAB20F549BBC5,F78FEB89A42CB7493D4B40D8CF236C8C56D4896F8BA789363F0AAB20F549BBC5
gfx/achievements/Japanese_chang_seop.dds,ASSET_COPY,SHIPPED,no,gfx/achievements/Japanese_chang_seop.dds,RT56과 같은 경로가 없는 HOK 고유 자산; provenance 유지,6930E4F513B47D1654677F02A05C0ACFF89A3B60D4B97877082F7C50F57658C3,6930E4F513B47D1654677F02A05C0ACFF89A3B60D4B97877082F7C50F57658C3
gfx/achievements/Japanese_chang_seop_grey.dds,ASSET_COPY,SHIPPED,no,gfx/achievements/Japanese_chang_seop_grey.dds,RT56과 같은 경로가 없는 HOK 고유 자산; provenance 유지,A524C95275E9425073384A10C9935D85BC3AF93562CD8BAED604C34BE143746F,A524C95275E9425073384A10C9935D85BC3AF93562CD8BAED604C34BE143746F
gfx/achievements/Japanese_chang_seop_not_eligible.dds,ASSET_COPY,SHIPPED,no,gfx/achievements/Japanese_chang_seop_not_eligible.dds,RT56과 같은 경로가 없는 HOK 고유 자산; provenance 유지,BA696203AF41E926A630A9B06E3B465AC3B3F72EF30736BE3CA82F09473D7724,BA696203AF41E926A630A9B06E3B465AC3B3F72EF30736BE3CA82F09473D7724
gfx/achievements/Long_live_the_president.dds,ASSET_COPY,SHIPPED,no,gfx/achievements/Long_live_the_president.dds,RT56과 같은 경로가 없는 HOK 고유 자산; provenance 유지,A1012AC2CEE74437182BC0CF98CC15B98D1A02315692462E43141A9750223D20,A1012AC2CEE74437182BC0CF98CC15B98D1A02315692462E43141A9750223D20
gfx/achievements/Long_live_the_president_grey.dds,ASSET_COPY,SHIPPED,no,gfx/achievements/Long_live_the_president_grey.dds,RT56과 같은 경로가 없는 HOK 고유 자산; provenance 유지,B139822110C1D6C05390F9D95D93EBA8103DEFB425223D4DBA88926C160EE75A,B139822110C1D6C05390F9D95D93EBA8103DEFB425223D4DBA88926C160EE75A
gfx/achievements/Long_live_the_president_not_eligible.dds,ASSET_COPY,SHIPPED,no,gfx/achievements/Long_live_the_president_not_eligible.dds,RT56과 같은 경로가 없는 HOK 고유 자산; provenance 유지,F99243559380E5A999D5C660CE6786E0914BBE6296835F0EFEFAB21CEB7998B6,F99243559380E5A999D5C660CE6786E0914BBE6296835F0EFEFAB21CEB7998B6
gfx/achievements/Manschluss.dds,ASSET_COPY,SHIPPED,no,gfx/achievements/Manschluss.dds,RT56과 같은 경로가 없는 HOK 고유 자산; provenance 유지,FFDA76BA2C7D82C5775CF8782FA020E4495E5A8E884642EEC410B7A8CC364C98,FFDA76BA2C7D82C5775CF8782FA020E4495E5A8E884642EEC410B7A8CC364C98
gfx/achievements/Manschluss_grey.dds,ASSET_COPY,SHIPPED,no,gfx/achievements/Manschluss_grey.dds,RT56과 같은 경로가 없는 HOK 고유 자산; provenance 유지,3173C19407319843DE31F96BB073285901EE633F54C6D6A1E706750B771C6D09,3173C19407319843DE31F96BB073285901EE633F54C6D6A1E706750B771C6D09
gfx/achievements/Manschluss_not_eligible.dds,ASSET_COPY,SHIPPED,no,gfx/achievements/Manschluss_not_eligible.dds,RT56과 같은 경로가 없는 HOK 고유 자산; provenance 유지,BCC7703706A37F8578946144D115A6390C27165D876468966666D6ED3426DF04,BCC7703706A37F8578946144D115A6390C27165D876468966666D6ED3426DF04
gfx/achievements/Meet_hevisaurus.dds,ASSET_COPY,SHIPPED,no,gfx/achievements/Meet_hevisaurus.dds,RT56과 같은 경로가 없는 HOK 고유 자산; provenance 유지,5A2BD8DC1256A968E054817A49E42CFE2FE2B8C9E70F1AA4196B26D4F2EA8F6F,5A2BD8DC1256A968E054817A49E42CFE2FE2B8C9E70F1AA4196B26D4F2EA8F6F
gfx/achievements/Meet_hevisaurus_grey.dds,ASSET_COPY,SHIPPED,no,gfx/achievements/Meet_hevisaurus_grey.dds,RT56과 같은 경로가 없는 HOK 고유 자산; provenance 유지,7984551D74BC7C8ED18A9B922B100E9FBEB44F0432B4213BAE7EED45BC05308F,7984551D74BC7C8ED18A9B922B100E9FBEB44F0432B4213BAE7EED45BC05308F
gfx/achievements/Meet_hevisaurus_not_eligible.dds,ASSET_COPY,SHIPPED,no,gfx/achievements/Meet_hevisaurus_not_eligible.dds,RT56과 같은 경로가 없는 HOK 고유 자산; provenance 유지,28D89281C79E86EF24AA87620A5533E107A6C4653108ED01C2286E01A907D63B,28D89281C79E86EF24AA87620A5533E107A6C4653108ED01C2286E01A907D63B
gfx/achievements/Ready_for_jamboree.dds,ASSET_COPY,SHIPPED,no,gfx/achievements/Ready_for_jamboree.dds,RT56과 같은 경로가 없는 HOK 고유 자산; provenance 유지,2A824BC71572CB3D73F6107B35D60AB125933B5375F3DC75DEFE55BB6B20F20A,2A824BC71572CB3D73F6107B35D60AB125933B5375F3DC75DEFE55BB6B20F20A
gfx/achievements/Ready_for_jamboree_grey.dds,ASSET_COPY,SHIPPED,no,gfx/achievements/Ready_for_jamboree_grey.dds,RT56과 같은 경로가 없는 HOK 고유 자산; provenance 유지,045F9DB548A7BEB9EAE0A2529ACB431BF1AAD0F48E87A6FAE574A39770119D8C,045F9DB548A7BEB9EAE0A2529ACB431BF1AAD0F48E87A6FAE574A39770119D8C
gfx/achievements/Ready_for_jamboree_not_eligible.dds,ASSET_COPY,SHIPPED,no,gfx/achievements/Ready_for_jamboree_not_eligible.dds,RT56과 같은 경로가 없는 HOK 고유 자산; provenance 유지,5960D1D616D954C7B6B19AA6EC0A9878A7C03DB8ABBC090CD4E667BEE3CB629C,5960D1D616D954C7B6B19AA6EC0A9878A7C03DB8ABBC090CD4E667BEE3CB629C
gfx/achievements/The_good_the_bad_the_weird_hok.dds,ASSET_COPY,SHIPPED,no,gfx/achievements/The_good_the_bad_the_weird_hok.dds,RT56과 같은 경로가 없는 HOK 고유 자산; provenance 유지,4DB97D21699DD49BFC49FD3B3ACB5DFDC1CE81213165E73FEFE0A28D5EF2B2EA,4DB97D21699DD49BFC49FD3B3ACB5DFDC1CE81213165E73FEFE0A28D5EF2B2EA
gfx/achievements/The_good_the_bad_the_weird_hok_grey.dds,ASSET_COPY,SHIPPED,no,gfx/achievements/The_good_the_bad_the_weird_hok_grey.dds,RT56과 같은 경로가 없는 HOK 고유 자산; provenance 유지,6BDE3A644110143556F664103C16C302367433E29EAC1D32960D335910BB91EA,6BDE3A644110143556F664103C16C302367433E29EAC1D32960D335910BB91EA
gfx/achievements/The_good_the_bad_the_weird_hok_not_eligible.dds,ASSET_COPY,SHIPPED,no,gfx/achievements/The_good_the_bad_the_weird_hok_not_eligible.dds,RT56과 같은 경로가 없는 HOK 고유 자산; provenance 유지,030190F97B1C4F50A4355FA535336F873C4858817D1E932FD0E6D3B633C86E60,030190F97B1C4F50A4355FA535336F873C4858817D1E932FD0E6D3B633C86E60
gfx/achievements/The_hwan_world_order.dds,ASSET_COPY,SHIPPED,no,gfx/achievements/The_hwan_world_order.dds,RT56과 같은 경로가 없는 HOK 고유 자산; provenance 유지,B4B915BD1F85F9ACCF57AD3AFEF10451FDD296E9F642F5379F9276C6CD7C71B3,B4B915BD1F85F9ACCF57AD3AFEF10451FDD296E9F642F5379F9276C6CD7C71B3
gfx/achievements/The_hwan_world_order_grey.dds,ASSET_COPY,SHIPPED,no,gfx/achievements/The_hwan_world_order_grey.dds,RT56과 같은 경로가 없는 HOK 고유 자산; provenance 유지,D336937C209F713E5144DB32164EC17CED3997F140F700A73BA73C91D0467C14,D336937C209F713E5144DB32164EC17CED3997F140F700A73BA73C91D0467C14
gfx/achievements/The_hwan_world_order_not_eligible.dds,ASSET_COPY,SHIPPED,no,gfx/achievements/The_hwan_world_order_not_eligible.dds,RT56과 같은 경로가 없는 HOK 고유 자산; provenance 유지,7DAAF51715A860ED4BBCAEED73DAD6EC49760FBE1C06BEE9C016E0FDB6C2C83E,7DAAF51715A860ED4BBCAEED73DAD6EC49760FBE1C06BEE9C016E0FDB6C2C83E
gfx/achievements/Yi_un_cess_maker.dds,ASSET_COPY,SHIPPED,no,gfx/achievements/Yi_un_cess_maker.dds,RT56과 같은 경로가 없는 HOK 고유 자산; provenance 유지,3B9E1F3021DF011B9AB10D24EEF6B65343CFDE6A0B56C0703CFF4139D2AC4691,3B9E1F3021DF011B9AB10D24EEF6B65343CFDE6A0B56C0703CFF4139D2AC4691
gfx/achievements/Yi_un_cess_maker_grey.dds,ASSET_COPY,SHIPPED,no,gfx/achievements/Yi_un_cess_maker_grey.dds,RT56과 같은 경로가 없는 HOK 고유 자산; provenance 유지,23D65559E0CB214ED8E437E54C77FD53C90B015CBBC3781E2FEC3D6BAD390442,23D65559E0CB214ED8E437E54C77FD53C90B015CBBC3781E2FEC3D6BAD390442
gfx/achievements/Yi_un_cess_maker_not_eligible.dds,ASSET_COPY,SHIPPED,no,gfx/achievements/Yi_un_cess_maker_not_eligible.dds,RT56과 같은 경로가 없는 HOK 고유 자산; provenance 유지,2DCBFF88BFE51194634150363C7134C0F4AC95BEC0F7D23B4AB426D862D1CA23,2DCBFF88BFE51194634150363C7134C0F4AC95BEC0F7D23B4AB426D862D1CA23
gfx/entities/_HoK_landmarks.asset,ADD,SHIPPED,no,gfx/entities/_HoK_landmarks.asset,RT56과 같은 경로가 없는 HOK 고유 콘텐츠/메타데이터,84A51614AC409EF82E50CBF43EFAC736D095D2C16F9A27318A9E88680A8421B1,84A51614AC409EF82E50CBF43EFAC736D095D2C16F9A27318A9E88680A8421B1
gfx/entities/_HoK_landmarks.gfx,ADD,SHIPPED,no,gfx/entities/_HoK_landmarks.gfx,RT56과 같은 경로가 없는 HOK 고유 콘텐츠/메타데이터,5BA54987C8FC324E890D6078DBF0995708B4050D2CA13E326544EBB73756BB9F,5BA54987C8FC324E890D6078DBF0995708B4050D2CA13E326544EBB73756BB9F
gfx/entities/_HoK_units_artillery.asset,ADD,SHIPPED,no,gfx/entities/_HoK_units_artillery.asset,RT56과 같은 경로가 없는 HOK 고유 콘텐츠/메타데이터,52044061A33205F64BA06DC7C05A5AA1B1D14EA4B311777D119BC995F5F8F4FD,52044061A33205F64BA06DC7C05A5AA1B1D14EA4B311777D119BC995F5F8F4FD
gfx/entities/_HoK_units_cavalry.asset,ADD,SHIPPED,no,gfx/entities/_HoK_units_cavalry.asset,RT56과 같은 경로가 없는 HOK 고유 콘텐츠/메타데이터,1F7EEA52C2D8287904B2656CC194852A846D32D70B97096D93C2ED5B59D7FA21,1F7EEA52C2D8287904B2656CC194852A846D32D70B97096D93C2ED5B59D7FA21
gfx/entities/_HoK_units_infantry.asset,ADD,SHIPPED,no,gfx/entities/_HoK_units_infantry.asset,RT56과 같은 경로가 없는 HOK 고유 콘텐츠/메타데이터,102C04C9B23D4081CAD916C2BC227A0CF88577BBA08074BF413C691E0EA2D429,102C04C9B23D4081CAD916C2BC227A0CF88577BBA08074BF413C691E0EA2D429
gfx/entities/_HoK_units_planes.asset,THREE_WAY_MERGE,GENERATED,no,gfx/entities/_HoK_units_planes.asset,충돌하는 HOK 기본 항공 entity를 hok_rt56_ ID로 이전하고 RT56 supply state 병합,90C1A5568C87404D3FF08360AF969651E3296066CF9F22E73ECA5942707E31BB,736CBD46614B16DF8956F9A7F1987E11258EADAE103C19D040F566EF49CD1CBD
gfx/entities/_HoK_units_railway_guns.asset,ADD,SHIPPED,no,gfx/entities/_HoK_units_railway_guns.asset,RT56과 같은 경로가 없는 HOK 고유 콘텐츠/메타데이터,38895F2CABDCBDF9A11E8E42FE614E640D1F0DD4674399D56319D124B4FAEE4E,38895F2CABDCBDF9A11E8E42FE614E640D1F0DD4674399D56319D124B4FAEE4E
gfx/entities/_HoK_units_special_forces.asset,ADD,SHIPPED,no,gfx/entities/_HoK_units_special_forces.asset,RT56과 같은 경로가 없는 HOK 고유 콘텐츠/메타데이터,E09711FF3B8AFBC6197D9698D92EF759F4440FB94DFFEEBE0905941B30255305,E09711FF3B8AFBC6197D9698D92EF759F4440FB94DFFEEBE0905941B30255305
gfx/entities/_HoK_units_tanks.asset,ADD,SHIPPED,no,gfx/entities/_HoK_units_tanks.asset,RT56과 같은 경로가 없는 HOK 고유 콘텐츠/메타데이터,0A0EAD92A3B45E03F3F9A50D67A2826661613884F2471F40D27EEC9A3F0E8537,0A0EAD92A3B45E03F3F9A50D67A2826661613884F2471F40D27EEC9A3F0E8537
gfx/entities/_HoK_units_vehicles.asset,ADD,SHIPPED,no,gfx/entities/_HoK_units_vehicles.asset,RT56과 같은 경로가 없는 HOK 고유 콘텐츠/메타데이터,63EA05B5888F9FDDD9B5F2AFDDDA5DCDD8F30F19901ED66E98AB0452C950023D,63EA05B5888F9FDDD9B5F2AFDDDA5DCDD8F30F19901ED66E98AB0452C950023D
gfx/entities/kor_infantry.gfx,ADD,SHIPPED,no,gfx/entities/kor_infantry.gfx,RT56과 같은 경로가 없는 HOK 고유 콘텐츠/메타데이터,18C684EFDCEE244CDFD7C7A9BFBC96DAA4E9FEA7F4E2D7633318166B9EF7654E,18C684EFDCEE244CDFD7C7A9BFBC96DAA4E9FEA7F4E2D7633318166B9EF7654E
gfx/entities/kor_planes.gfx,THREE_WAY_MERGE,GENERATED,no,gfx/entities/kor_planes.gfx,충돌하는 HOK 기본 항공 mesh를 hok_rt56_ 고유 ID로 복원,4F344CCA7D5E7532E1209010E0974F3A532321A3D2110AAAA02AD122419B30C6,0D2074313DC0C996920578533559FFD9A5827632273B028D67DD79AE589EE867
gfx/entities/kor_railway_gun.gfx,ADD,SHIPPED,no,gfx/entities/kor_railway_gun.gfx,RT56과 같은 경로가 없는 HOK 고유 콘텐츠/메타데이터,DA626BA2DEBDE788FDAC18424E4468DAEA98A4140BA1B87F73DB81A8FE42FC3E,DA626BA2DEBDE788FDAC18424E4468DAEA98A4140BA1B87F73DB81A8FE42FC3E
gfx/entities/kor_special_forces.gfx,ADD,SHIPPED,no,gfx/entities/kor_special_forces.gfx,RT56과 같은 경로가 없는 HOK 고유 콘텐츠/메타데이터,D9885016AA2498504003ABE04D2B358FA612E029DA809F8A08F105F4F1430FDB,D9885016AA2498504003ABE04D2B358FA612E029DA809F8A08F105F4F1430FDB
gfx/entities/kor_tanks.gfx,ADD,SHIPPED,no,gfx/entities/kor_tanks.gfx,RT56과 같은 경로가 없는 HOK 고유 콘텐츠/메타데이터,8B0DE57F3913D07209B7A95319375A3618A4AF2B84A51729F270E9E41D7A31FD,8B0DE57F3913D07209B7A95319375A3618A4AF2B84A51729F270E9E41D7A31FD
gfx/entities/kor_vehicles.gfx,ADD,SHIPPED,no,gfx/entities/kor_vehicles.gfx,RT56과 같은 경로가 없는 HOK 고유 콘텐츠/메타데이터,ACF999BDA057B86B22AA03DA4241F4C3BDD55F30CD39D66A10491F331858278F,ACF999BDA057B86B22AA03DA4241F4C3BDD55F30CD39D66A10491F331858278F
gfx/event_pictures/newsj_event_001.dds,USE_RT56,OMITTED_OUT_OF_SCOPE,no,(omitted; RT56/vanilla scope retained),호출되지 않는 일본 전용 뉴스 이벤트와 함께 제외,808DFBCB55359D28C6560EDD774555DCD299D0B766AECC0774E557924F3FF9DF,
gfx/event_pictures/newsj_event_002.dds,USE_RT56,OMITTED_OUT_OF_SCOPE,no,(omitted; RT56/vanilla scope retained),호출되지 않는 일본 전용 뉴스 이벤트와 함께 제외,5B9CE881B697A0BC1CB9037E0610ACFC20FCFFFEAA3894F9849B699DEB188A50,
gfx/event_pictures/newsj_event_003.dds,USE_RT56,OMITTED_OUT_OF_SCOPE,no,(omitted; RT56/vanilla scope retained),호출되지 않는 일본 전용 뉴스 이벤트와 함께 제외,B64228ED4255DCBC53BB6794822C6DDEB686917574ECC09D88FF2C6B8F42F6E1,
gfx/event_pictures/newsj_event_004.dds,USE_RT56,OMITTED_OUT_OF_SCOPE,no,(omitted; RT56/vanilla scope retained),호출되지 않는 일본 전용 뉴스 이벤트와 함께 제외,7C0AD7DDF54CA65F5BFCBB884B5F3EF9E81F7DE177FD5B51B7959738F86A35BD,
gfx/event_pictures/newsk_event_001.dds,ASSET_COPY,SHIPPED,no,gfx/event_pictures/newsk_event_001.dds,RT56과 같은 경로가 없는 HOK 고유 자산; provenance 유지,EBC9908EB00BB900ACB249649B29C0F63CD50ADC013A526975F3D45125BA097C,EBC9908EB00BB900ACB249649B29C0F63CD50ADC013A526975F3D45125BA097C
gfx/event_pictures/newsk_event_002.dds,ASSET_COPY,SHIPPED,no,gfx/event_pictures/newsk_event_002.dds,RT56과 같은 경로가 없는 HOK 고유 자산; provenance 유지,4944FE29171F1F80E52CD934EE513C2CBF6BB36E7F4BDC3EDE1414C46DC1740B,4944FE29171F1F80E52CD934EE513C2CBF6BB36E7F4BDC3EDE1414C46DC1740B
gfx/event_pictures/newsk_event_003.dds,ASSET_COPY,SHIPPED,no,gfx/event_pictures/newsk_event_003.dds,RT56과 같은 경로가 없는 HOK 고유 자산; provenance 유지,B995509ECCB19A40CAD0C4E32867613C28396B392920747AB1BFD679C1F027CA,B995509ECCB19A40CAD0C4E32867613C28396B392920747AB1BFD679C1F027CA
gfx/event_pictures/newsk_event_004.dds,ASSET_COPY,SHIPPED,no,gfx/event_pictures/newsk_event_004.dds,RT56과 같은 경로가 없는 HOK 고유 자산; provenance 유지,EBC352977813BA624743F6A70F8D1F3AADEFCACA92B32390581652D9B23D0E12,EBC352977813BA624743F6A70F8D1F3AADEFCACA92B32390581652D9B23D0E12
gfx/event_pictures/newsk_event_005.dds,ASSET_COPY,SHIPPED,no,gfx/event_pictures/newsk_event_005.dds,RT56과 같은 경로가 없는 HOK 고유 자산; provenance 유지,1BD1D64023958C8BB655774CD26B5EE516770811D72AE2B9FD4689BBDA3DAB3F,1BD1D64023958C8BB655774CD26B5EE516770811D72AE2B9FD4689BBDA3DAB3F
gfx/event_pictures/newsk_event_006.dds,ASSET_COPY,SHIPPED,no,gfx/event_pictures/newsk_event_006.dds,RT56과 같은 경로가 없는 HOK 고유 자산; provenance 유지,F611FB6641367BA5E71288B3002471A40172D3D93D91DECAC1DD0A76CFAC6764,F611FB6641367BA5E71288B3002471A40172D3D93D91DECAC1DD0A76CFAC6764
gfx/event_pictures/newsk_event_007.dds,ASSET_COPY,SHIPPED,no,gfx/event_pictures/newsk_event_007.dds,RT56과 같은 경로가 없는 HOK 고유 자산; provenance 유지,61B99546AF9AFD88D0BA6A92C25365B78AFBB9EFC27224B3D30773462802DA55,61B99546AF9AFD88D0BA6A92C25365B78AFBB9EFC27224B3D30773462802DA55
gfx/event_pictures/newsk_event_008.dds,ASSET_COPY,SHIPPED,no,gfx/event_pictures/newsk_event_008.dds,RT56과 같은 경로가 없는 HOK 고유 자산; provenance 유지,87CFDF2D8742468A0DF0ECDAF5A6CCDC64828EB45EF944D6764E6E8BAF2D3CFB,87CFDF2D8742468A0DF0ECDAF5A6CCDC64828EB45EF944D6764E6E8BAF2D3CFB
gfx/event_pictures/newsk_event_009.dds,ASSET_COPY,SHIPPED,no,gfx/event_pictures/newsk_event_009.dds,RT56과 같은 경로가 없는 HOK 고유 자산; provenance 유지,582FA52D7EDBA820640741796918A7D5CC0D1A4BF45BE69D9C6165018A5886B0,582FA52D7EDBA820640741796918A7D5CC0D1A4BF45BE69D9C6165018A5886B0
gfx/event_pictures/newsk_event_010.dds,ASSET_COPY,SHIPPED,no,gfx/event_pictures/newsk_event_010.dds,RT56과 같은 경로가 없는 HOK 고유 자산; provenance 유지,1708DE9405A1D8ECD3B20ECE6BB8C08D89747B160749318213303F4DE988E1DA,1708DE9405A1D8ECD3B20ECE6BB8C08D89747B160749318213303F4DE988E1DA
gfx/event_pictures/newsk_event_011.dds,ASSET_COPY,SHIPPED,no,gfx/event_pictures/newsk_event_011.dds,RT56과 같은 경로가 없는 HOK 고유 자산; provenance 유지,60BDE334494C24E472E50E9EA0EDB858D732004BF106C2182A09C881D79B63F8,60BDE334494C24E472E50E9EA0EDB858D732004BF106C2182A09C881D79B63F8
gfx/event_pictures/newsk_event_012.dds,ASSET_COPY,SHIPPED,no,gfx/event_pictures/newsk_event_012.dds,RT56과 같은 경로가 없는 HOK 고유 자산; provenance 유지,FB115D0C07F191A2D4AD10A61BE1E55CDBD54F1A0EC42D1D3E7B6DA017816679,FB115D0C07F191A2D4AD10A61BE1E55CDBD54F1A0EC42D1D3E7B6DA017816679
gfx/event_pictures/newsk_event_013.dds,ASSET_COPY,SHIPPED,no,gfx/event_pictures/newsk_event_013.dds,RT56과 같은 경로가 없는 HOK 고유 자산; provenance 유지,B4D4BBB7E136A73E4CDCEFF2AF5C23293B6657306C028D0D975F22160053CE33,B4D4BBB7E136A73E4CDCEFF2AF5C23293B6657306C028D0D975F22160053CE33
gfx/event_pictures/newsk_event_014.dds,ASSET_COPY,SHIPPED,no,gfx/event_pictures/newsk_event_014.dds,RT56과 같은 경로가 없는 HOK 고유 자산; provenance 유지,7D55476E9FAAB60D536C2CCFEE22D4BE18553C38A465725088DA2322628D59DA,7D55476E9FAAB60D536C2CCFEE22D4BE18553C38A465725088DA2322628D59DA
gfx/event_pictures/newsk_event_015.dds,ASSET_COPY,SHIPPED,no,gfx/event_pictures/newsk_event_015.dds,RT56과 같은 경로가 없는 HOK 고유 자산; provenance 유지,E797DE36FD81F68E89138FDE23EF406842AB3DDA4574BF76161AF79069149ED6,E797DE36FD81F68E89138FDE23EF406842AB3DDA4574BF76161AF79069149ED6
gfx/event_pictures/newsk_event_016.dds,ASSET_COPY,SHIPPED,no,gfx/event_pictures/newsk_event_016.dds,RT56과 같은 경로가 없는 HOK 고유 자산; provenance 유지,696557D1C5C2597A834FCE475995F4DE7EB5062AAD7630B06BC2436CF6E1F80A,696557D1C5C2597A834FCE475995F4DE7EB5062AAD7630B06BC2436CF6E1F80A
gfx/event_pictures/newsk_event_017.dds,ASSET_COPY,SHIPPED,no,gfx/event_pictures/newsk_event_017.dds,RT56과 같은 경로가 없는 HOK 고유 자산; provenance 유지,52E4CD31E030CCA85E2B21AC968E0F0907651F583580436EA889A003366F47A9,52E4CD31E030CCA85E2B21AC968E0F0907651F583580436EA889A003366F47A9
gfx/event_pictures/newsk_event_018.dds,ASSET_COPY,SHIPPED,no,gfx/event_pictures/newsk_event_018.dds,RT56과 같은 경로가 없는 HOK 고유 자산; provenance 유지,3E4568E26D0E08E1D8E4813A301F40DF9F41F8E1762377B679951BBDC8280D50,3E4568E26D0E08E1D8E4813A301F40DF9F41F8E1762377B679951BBDC8280D50
gfx/event_pictures/newsk_event_019.dds,ASSET_COPY,SHIPPED,no,gfx/event_pictures/newsk_event_019.dds,RT56과 같은 경로가 없는 HOK 고유 자산; provenance 유지,D0D3EE859B4EA3AA1B05695794935E513CFC3F6932D45CF56F2D25BC1FE27D16,D0D3EE859B4EA3AA1B05695794935E513CFC3F6932D45CF56F2D25BC1FE27D16
gfx/event_pictures/newsk_event_020.dds,ASSET_COPY,SHIPPED,no,gfx/event_pictures/newsk_event_020.dds,RT56과 같은 경로가 없는 HOK 고유 자산; provenance 유지,4A87D500A4155C1E6E35E202FCC665FF56E9548CC0176BD4DC8CFD2F3C7EABAD,4A87D500A4155C1E6E35E202FCC665FF56E9548CC0176BD4DC8CFD2F3C7EABAD
gfx/event_pictures/newsk_event_021.dds,ASSET_COPY,SHIPPED,no,gfx/event_pictures/newsk_event_021.dds,RT56과 같은 경로가 없는 HOK 고유 자산; provenance 유지,EBFC4D4AE9E409714AE592B6980AFEDABE46B952EEFF759F3096B8C67D1272E4,EBFC4D4AE9E409714AE592B6980AFEDABE46B952EEFF759F3096B8C67D1272E4
gfx/event_pictures/newsk_event_022.dds,USE_RT56,OMITTED_OUT_OF_SCOPE,no,(omitted; RT56/vanilla scope retained),제외된 FIN 도전 이벤트 newsk.27의 고아 그림 자산,BCE6AF6BC2A096842580A9665E2814B99C935E3D172CA56A31A0F3C4049A45DC,
gfx/event_pictures/report_event_jap_fuse_tatsuji.dds,USE_RT56,OMITTED_OUT_OF_SCOPE,no,(omitted; RT56/vanilla scope retained),runtime 참조가 없는 비한국 donor 자산을 제외,36F68911698D4C1B625A5FF143B439FF75A75D3E300E742145EDB586BC384E46,
gfx/event_pictures/report_event_jap_rok_jpn_talks.dds,USE_RT56,OMITTED_OUT_OF_SCOPE,no,(omitted; RT56/vanilla scope retained),runtime 참조가 없는 비한국 donor 자산을 제외,A43285DED8650E561F1C00E7A1DF62409E5E6E65092058291F3C831D7F776126,
gfx/event_pictures/report_event_japanese_people_protest.dds,USE_RT56,OMITTED_OUT_OF_SCOPE,no,(omitted; RT56/vanilla scope retained),runtime 참조가 없는 비한국 donor 자산을 제외,865A86909510298413B82F26727C71A7D08D1C969B7AC89B4B35204ECA96CAD4,
gfx/event_pictures/report_event_K001.dds,ASSET_COPY,SHIPPED,no,gfx/event_pictures/report_event_K001.dds,RT56과 같은 경로가 없는 HOK 고유 자산; provenance 유지,5DF3713E0253D194C8E46B9342A9F0831E5772A415C0FAEF9DEFD7D9C9C6CE24,5DF3713E0253D194C8E46B9342A9F0831E5772A415C0FAEF9DEFD7D9C9C6CE24
gfx/event_pictures/report_event_K002.dds,ASSET_COPY,SHIPPED,no,gfx/event_pictures/report_event_K002.dds,RT56과 같은 경로가 없는 HOK 고유 자산; provenance 유지,887415F7754E25C8220A9F841F8EA9ADDC934BE9ACF5724113D549E31B718B23,887415F7754E25C8220A9F841F8EA9ADDC934BE9ACF5724113D549E31B718B23
gfx/event_pictures/report_event_K003.dds,ASSET_COPY,SHIPPED,no,gfx/event_pictures/report_event_K003.dds,RT56과 같은 경로가 없는 HOK 고유 자산; provenance 유지,3DF2996166F175B6CD48A3FD0137029E855D37A1458E00D719BDF534766A0721,3DF2996166F175B6CD48A3FD0137029E855D37A1458E00D719BDF534766A0721
gfx/event_pictures/report_event_K004.dds,ASSET_COPY,SHIPPED,no,gfx/event_pictures/report_event_K004.dds,RT56과 같은 경로가 없는 HOK 고유 자산; provenance 유지,89DE1D33AE3B423F88A6331247CF9D01B8D330C71AA7A5FF984BA7D06138B016,89DE1D33AE3B423F88A6331247CF9D01B8D330C71AA7A5FF984BA7D06138B016
gfx/event_pictures/report_event_K005.dds,ASSET_COPY,SHIPPED,no,gfx/event_pictures/report_event_K005.dds,RT56과 같은 경로가 없는 HOK 고유 자산; provenance 유지,08A0D738E94452018991C7700B671B8A6E0F8051DDEB52AA32FEE6FDFA043AC0,08A0D738E94452018991C7700B671B8A6E0F8051DDEB52AA32FEE6FDFA043AC0
gfx/event_pictures/report_event_K006.dds,ASSET_COPY,SHIPPED,no,gfx/event_pictures/report_event_K006.dds,RT56과 같은 경로가 없는 HOK 고유 자산; provenance 유지,FA5186E5BFC29182C9F1074882B468B4AD451D557C80F11DF675F838EE66C828,FA5186E5BFC29182C9F1074882B468B4AD451D557C80F11DF675F838EE66C828
gfx/event_pictures/report_event_kor_intro.dds,ASSET_COPY,SHIPPED,no,gfx/event_pictures/report_event_kor_intro.dds,RT56과 같은 경로가 없는 HOK 고유 자산; provenance 유지,D50C17AD80B8C008CF6D641518F5ED4C65B660703653154D4CEAC3FAF91A7FE9,D50C17AD80B8C008CF6D641518F5ED4C65B660703653154D4CEAC3FAF91A7FE9
gfx/event_pictures/report_event_kor_kimttler.dds,ASSET_COPY,SHIPPED,no,gfx/event_pictures/report_event_kor_kimttler.dds,RT56과 같은 경로가 없는 HOK 고유 자산; provenance 유지,38942317E5191460B8EFEA8AC541ADDFD87C59FC67BC4648F120B5C7CA4A3D6D,38942317E5191460B8EFEA8AC541ADDFD87C59FC67BC4648F120B5C7CA4A3D6D
gfx/flags/AST_pamanyungan_democratic.tga,ASSET_COPY,SHIPPED,no,gfx/flags/AST_pamanyungan_democratic.tga,RT56과 같은 경로가 없는 HOK 고유 자산; provenance 유지,C9530E6DE0A48A23CA67D71092809DE706B25E39C75AB447A3AEF9C48179FF18,C9530E6DE0A48A23CA67D71092809DE706B25E39C75AB447A3AEF9C48179FF18
gfx/flags/INS_free_democratic.tga,ASSET_COPY,SHIPPED,no,gfx/flags/INS_free_democratic.tga,RT56과 같은 경로가 없는 HOK 고유 자산; provenance 유지,829FA8CE3B048614B86192698749316F645230E881D65F8B89889A34495E3765,829FA8CE3B048614B86192698749316F645230E881D65F8B89889A34495E3765
gfx/flags/JAP_daiwa_mingoku.tga,USE_RT56,OMITTED_OUT_OF_SCOPE,no,(omitted; RT56/vanilla scope retained),runtime 참조가 없는 비한국 일본 cosmetic flag를 제외,6C707DC9DF6214896B39FEE6DE01DCB645CDBEACEBC903D571EC3F1B028EFD80,
gfx/flags/JAP_fuso_gasshukoku.tga,USE_RT56,OMITTED_OUT_OF_SCOPE,no,(omitted; RT56/vanilla scope retained),runtime 참조가 없는 비한국 일본 cosmetic flag를 제외,6C707DC9DF6214896B39FEE6DE01DCB645CDBEACEBC903D571EC3F1B028EFD80,
gfx/flags/JAP_yamato_kyowakoku.tga,USE_RT56,OMITTED_OUT_OF_SCOPE,no,(omitted; RT56/vanilla scope retained),runtime 참조가 없는 비한국 일본 cosmetic flag를 제외,6C707DC9DF6214896B39FEE6DE01DCB645CDBEACEBC903D571EC3F1B028EFD80,
gfx/flags/KCH_china.tga,ASSET_COPY,SHIPPED,no,gfx/flags/KCH_china.tga,RT56과 같은 경로가 없는 HOK 고유 자산; provenance 유지,308EEE292772C492BAD4751789FBC934355F60CC1C41286736C9B7F0EEF10A0E,308EEE292772C492BAD4751789FBC934355F60CC1C41286736C9B7F0EEF10A0E
gfx/flags/KCH_democratic.tga,ASSET_COPY,SHIPPED,no,gfx/flags/KCH_democratic.tga,RT56과 같은 경로가 없는 HOK 고유 자산; provenance 유지,A2D3C28C6723ECEA26A2D1CF5DB39797944411FC1BA6C107DE7B1DCAD9EA87D9,A2D3C28C6723ECEA26A2D1CF5DB39797944411FC1BA6C107DE7B1DCAD9EA87D9
gfx/flags/KJP_democratic.tga,ASSET_COPY,SHIPPED,no,gfx/flags/KJP_democratic.tga,RT56과 같은 경로가 없는 HOK 고유 자산; provenance 유지,D29C8A437A1E3622CC17DE3FF4E448A4C1BA26C17A216B492B1717E068345636,D29C8A437A1E3622CC17DE3FF4E448A4C1BA26C17A216B492B1717E068345636
gfx/flags/KJP_PSJ.tga,ASSET_COPY,SHIPPED,no,gfx/flags/KJP_PSJ.tga,RT56과 같은 경로가 없는 HOK 고유 자산; provenance 유지,1A1B25B0334BDC26DEDBC3F3281D606B2CC44A17EABB6F41D56EBDE599DD559F,1A1B25B0334BDC26DEDBC3F3281D606B2CC44A17EABB6F41D56EBDE599DD559F
gfx/flags/KOR_anarchist_korea_neutrality.tga,ASSET_COPY,SHIPPED,no,gfx/flags/KOR_anarchist_korea_neutrality.tga,RT56과 같은 경로가 없는 HOK 고유 자산; provenance 유지,69517B4056B2C9A97B7677B535794835E797DCB9BDBAB01B161CCF81FD743752,69517B4056B2C9A97B7677B535794835E797DCB9BDBAB01B161CCF81FD743752
gfx/flags/KOR_Balhae_communism.tga,ASSET_COPY,SHIPPED,no,gfx/flags/KOR_Balhae_communism.tga,RT56과 같은 경로가 없는 HOK 고유 자산; provenance 유지,D98C112602FFC6CF24B2E14FBD94A079A2AD54B276A32EDB0D616570B6290BF9,D98C112602FFC6CF24B2E14FBD94A079A2AD54B276A32EDB0D616570B6290BF9
gfx/flags/KOR_Balhae_democratic.tga,ASSET_COPY,SHIPPED,no,gfx/flags/KOR_Balhae_democratic.tga,RT56과 같은 경로가 없는 HOK 고유 자산; provenance 유지,7039F451D21A74F94B1D64C99418E4153EF77F12327CB7EDB026D6B3C0E85F09,7039F451D21A74F94B1D64C99418E4153EF77F12327CB7EDB026D6B3C0E85F09
gfx/flags/KOR_Balhae_fascism.tga,ASSET_COPY,SHIPPED,no,gfx/flags/KOR_Balhae_fascism.tga,RT56과 같은 경로가 없는 HOK 고유 자산; provenance 유지,DF2A19995879997BF11D6E6D8C8F784C67E0D17D333B9FE39DD685647515347A,DF2A19995879997BF11D6E6D8C8F784C67E0D17D333B9FE39DD685647515347A
gfx/flags/KOR_Balhae_neutrality.tga,ASSET_COPY,SHIPPED,no,gfx/flags/KOR_Balhae_neutrality.tga,RT56과 같은 경로가 없는 HOK 고유 자산; provenance 유지,4B45241842450A3FBAE56803AD2FE604C0CFF62A511526B083AD652E056CD137,4B45241842450A3FBAE56803AD2FE604C0CFF62A511526B083AD652E056CD137
gfx/flags/KOR_CHI.tga,ASSET_COPY,SHIPPED,no,gfx/flags/KOR_CHI.tga,RT56과 같은 경로가 없는 HOK 고유 자산; provenance 유지,0296B5FBF60670B68690359150935DAB9DD0C815C59BAA1C48ECCDB90C914F31,0296B5FBF60670B68690359150935DAB9DD0C815C59BAA1C48ECCDB90C914F31
gfx/flags/KOR_communism.tga,ASSET_COPY,SHIPPED,yes,gfx/flags/KOR_communism.tga,HOK 고유 한국 시각 정체성 자산; 출처를 유지해 의도적으로 선적,1E34A8CD2083E8AF3BB5D9ABFA8767E8D9B5607E113D3F6C116544DD89E1E216,1E34A8CD2083E8AF3BB5D9ABFA8767E8D9B5607E113D3F6C116544DD89E1E216
gfx/flags/KOR_democratic.tga,ASSET_COPY,SHIPPED,yes,gfx/flags/KOR_democratic.tga,HOK 고유 한국 시각 정체성 자산; 출처를 유지해 의도적으로 선적,3BCDB104244BF78B2DAE3F6DED909781F0A7997910BE4C42F9623623F6210A5A,3BCDB104244BF78B2DAE3F6DED909781F0A7997910BE4C42F9623623F6210A5A
gfx/flags/KOR_fascism.tga,ASSET_COPY,SHIPPED,yes,gfx/flags/KOR_fascism.tga,HOK 고유 한국 시각 정체성 자산; 출처를 유지해 의도적으로 선적,FA9E5BEB2304AC22B77D26D3D31E01CD2D0FE71A40DE840006EE9DEB39472A7E,FA9E5BEB2304AC22B77D26D3D31E01CD2D0FE71A40DE840006EE9DEB39472A7E
gfx/flags/KOR_Goguryeo_communism.tga,ASSET_COPY,SHIPPED,no,gfx/flags/KOR_Goguryeo_communism.tga,RT56과 같은 경로가 없는 HOK 고유 자산; provenance 유지,E05E939EE38F321AFE1D7AC3D45874E53A3AB3E09A9E5FD34B206D6CDAC74235,E05E939EE38F321AFE1D7AC3D45874E53A3AB3E09A9E5FD34B206D6CDAC74235
gfx/flags/KOR_Goguryeo_democratic.tga,ASSET_COPY,SHIPPED,no,gfx/flags/KOR_Goguryeo_democratic.tga,RT56과 같은 경로가 없는 HOK 고유 자산; provenance 유지,AC085D09EEA79CB0CAF58891D0B96050E686BC7A9BD47D2C24D4CB2E161CBF10,AC085D09EEA79CB0CAF58891D0B96050E686BC7A9BD47D2C24D4CB2E161CBF10
gfx/flags/KOR_Goguryeo_fascism.tga,ASSET_COPY,SHIPPED,no,gfx/flags/KOR_Goguryeo_fascism.tga,RT56과 같은 경로가 없는 HOK 고유 자산; provenance 유지,7438D5D0AAF82CE5C5C5D130E7495B34F48A0E4736F8C959536D49E3BCBDCD22,7438D5D0AAF82CE5C5C5D130E7495B34F48A0E4736F8C959536D49E3BCBDCD22
gfx/flags/KOR_Goguryeo_neutrality.tga,ASSET_COPY,SHIPPED,no,gfx/flags/KOR_Goguryeo_neutrality.tga,RT56과 같은 경로가 없는 HOK 고유 자산; provenance 유지,90C916D4C535D39A0C13EF620FC56020B721B7596CC0232F124715D356EDE11E,90C916D4C535D39A0C13EF620FC56020B721B7596CC0232F124715D356EDE11E
gfx/flags/KOR_greater_Hwan_neutrality.tga,ASSET_COPY,SHIPPED,no,gfx/flags/KOR_greater_Hwan_neutrality.tga,RT56과 같은 경로가 없는 HOK 고유 자산; provenance 유지,216EB1F8D8B582B5A311DB7ECB6944600F33458A10178F0E455E812AF45C8E53,216EB1F8D8B582B5A311DB7ECB6944600F33458A10178F0E455E812AF45C8E53
gfx/flags/KOR_Hwan_neutrality.tga,ASSET_COPY,SHIPPED,no,gfx/flags/KOR_Hwan_neutrality.tga,RT56과 같은 경로가 없는 HOK 고유 자산; provenance 유지,6818087FC15E31B02EF215B87B7D771A6909D292C3D9D2ADC612A04ADBBB6FD9,6818087FC15E31B02EF215B87B7D771A6909D292C3D9D2ADC612A04ADBBB6FD9
gfx/flags/KOR_JAP.tga,ASSET_COPY,SHIPPED,no,gfx/flags/KOR_JAP.tga,RT56과 같은 경로가 없는 HOK 고유 자산; provenance 유지,55FA4C38BCAFB0367AE818F9C38E370D42AA0893F40BBC144A6EDD445F9DDA62,55FA4C38BCAFB0367AE818F9C38E370D42AA0893F40BBC144A6EDD445F9DDA62
gfx/flags/KOR_neutrality.tga,ASSET_COPY,SHIPPED,yes,gfx/flags/KOR_neutrality.tga,HOK 고유 한국 시각 정체성 자산; 출처를 유지해 의도적으로 선적,18F28EA8646850F70001A261B0AE5533D237B0243A8E98C7E906F2AF943BE542,18F28EA8646850F70001A261B0AE5533D237B0243A8E98C7E906F2AF943BE542
gfx/flags/KOR_PRC.tga,ASSET_COPY,SHIPPED,no,gfx/flags/KOR_PRC.tga,RT56과 같은 경로가 없는 HOK 고유 자산; provenance 유지,F3DE57DE6D204E46E2653D45E09656C8B521984920757AED58920E6F73C1202C,F3DE57DE6D204E46E2653D45E09656C8B521984920757AED58920E6F73C1202C
gfx/flags/KOR_PRK_communism.tga,ASSET_COPY,SHIPPED,no,gfx/flags/KOR_PRK_communism.tga,RT56과 같은 경로가 없는 HOK 고유 자산; provenance 유지,D703835D8B82AEE599527C530304AAF6F69958273DE5CA9033268351D71FA9BC,D703835D8B82AEE599527C530304AAF6F69958273DE5CA9033268351D71FA9BC
gfx/flags/KOR_reichskommissariat_fascism.tga,ASSET_COPY,SHIPPED,no,gfx/flags/KOR_reichskommissariat_fascism.tga,RT56과 같은 경로가 없는 HOK 고유 자산; provenance 유지,013DA395C4A5F08DA344BEE9C5EA8D5ED6ADFDF631F528EF49A0FD4A13DF8AA5,013DA395C4A5F08DA344BEE9C5EA8D5ED6ADFDF631F528EF49A0FD4A13DF8AA5
gfx/flags/MAL_free_democratic.tga,ASSET_COPY,SHIPPED,no,gfx/flags/MAL_free_democratic.tga,RT56과 같은 경로가 없는 HOK 고유 자산; provenance 유지,B642B23030778E011BB54DBAE57F092DCDE2335FF46E5A44DACFA9F29E04B4F0,B642B23030778E011BB54DBAE57F092DCDE2335FF46E5A44DACFA9F29E04B4F0
gfx/flags/medium/AST_pamanyungan_democratic.tga,ASSET_COPY,SHIPPED,no,gfx/flags/medium/AST_pamanyungan_democratic.tga,RT56과 같은 경로가 없는 HOK 고유 자산; provenance 유지,0434CB09D6C63F7FAAC3315B4FCCE9CE58889604A106FD461CAC6B6898F04628,0434CB09D6C63F7FAAC3315B4FCCE9CE58889604A106FD461CAC6B6898F04628
gfx/flags/medium/INS_free_democratic.tga,ASSET_COPY,SHIPPED,no,gfx/flags/medium/INS_free_democratic.tga,RT56과 같은 경로가 없는 HOK 고유 자산; provenance 유지,2D1C6D278E681C0408C343178FE25ED5B706023EE5F6BD0D5AC9F23F05E1ACDA,2D1C6D278E681C0408C343178FE25ED5B706023EE5F6BD0D5AC9F23F05E1ACDA
gfx/flags/medium/JAP_daiwa_mingoku.tga,USE_RT56,OMITTED_OUT_OF_SCOPE,no,(omitted; RT56/vanilla scope retained),runtime 참조가 없는 비한국 일본 cosmetic flag를 제외,444D9D77D8A14D0BF75B66B3036CA29F689BCCEB497168189037A3B57635308B,
gfx/flags/medium/JAP_fuso_gasshukoku.tga,USE_RT56,OMITTED_OUT_OF_SCOPE,no,(omitted; RT56/vanilla scope retained),runtime 참조가 없는 비한국 일본 cosmetic flag를 제외,B1231940D341EE304D41857AA58C05C50188A897725E2893C718DB60074C3BF5,
gfx/flags/medium/JAP_yamato_kyowakoku.tga,USE_RT56,OMITTED_OUT_OF_SCOPE,no,(omitted; RT56/vanilla scope retained),runtime 참조가 없는 비한국 일본 cosmetic flag를 제외,223187025F40506E07D66318BE4E5AF9393F9F3CC5676BB89D850FFB7DF3763A,
gfx/flags/medium/KCH_china.tga,ASSET_COPY,SHIPPED,no,gfx/flags/medium/KCH_china.tga,RT56과 같은 경로가 없는 HOK 고유 자산; provenance 유지,E1A651A52A15C158D5755D6B3B3675BBBAA6BC699CA970CD1576EFF1B5B10911,E1A651A52A15C158D5755D6B3B3675BBBAA6BC699CA970CD1576EFF1B5B10911
gfx/flags/medium/KCH_democratic.tga,ASSET_COPY,SHIPPED,no,gfx/flags/medium/KCH_democratic.tga,RT56과 같은 경로가 없는 HOK 고유 자산; provenance 유지,67FBDBE5A5ED32138536DB03DD9BFDC84C3F70D6C6D77DEE51E8012BD79B6083,67FBDBE5A5ED32138536DB03DD9BFDC84C3F70D6C6D77DEE51E8012BD79B6083
gfx/flags/medium/KJP_democratic.tga,ASSET_COPY,SHIPPED,no,gfx/flags/medium/KJP_democratic.tga,RT56과 같은 경로가 없는 HOK 고유 자산; provenance 유지,37626EE58830B41D9727A909696E647F9C81D2724667216CA7A8B7FB5200A6B5,37626EE58830B41D9727A909696E647F9C81D2724667216CA7A8B7FB5200A6B5
gfx/flags/medium/KJP_PSJ.tga,ASSET_COPY,SHIPPED,no,gfx/flags/medium/KJP_PSJ.tga,RT56과 같은 경로가 없는 HOK 고유 자산; provenance 유지,6291E84C64C708BEC5ED382B2DFB662F3E58D2A6A83B990E45978BB8484F9B0B,6291E84C64C708BEC5ED382B2DFB662F3E58D2A6A83B990E45978BB8484F9B0B
gfx/flags/medium/KOR_Balhae_communism.tga,ASSET_COPY,SHIPPED,no,gfx/flags/medium/KOR_Balhae_communism.tga,RT56과 같은 경로가 없는 HOK 고유 자산; provenance 유지,E790B8CCCED427DBAFDA02A5A92A32AEF8BCD77C56A0265C3464516A8CE0CF71,E790B8CCCED427DBAFDA02A5A92A32AEF8BCD77C56A0265C3464516A8CE0CF71
gfx/flags/medium/KOR_Balhae_democratic.tga,ASSET_COPY,SHIPPED,no,gfx/flags/medium/KOR_Balhae_democratic.tga,RT56과 같은 경로가 없는 HOK 고유 자산; provenance 유지,1AE90FE66AA36B94FDDEDE7B654DAC2FD5898C38DD411E2468355B5670DA9D12,1AE90FE66AA36B94FDDEDE7B654DAC2FD5898C38DD411E2468355B5670DA9D12
gfx/flags/medium/KOR_Balhae_fascism.tga,ASSET_COPY,SHIPPED,no,gfx/flags/medium/KOR_Balhae_fascism.tga,RT56과 같은 경로가 없는 HOK 고유 자산; provenance 유지,CA6A9412708B2B1ACCD27B54AAAAE2A0F56CF92595D4FD986B513B037EB72795,CA6A9412708B2B1ACCD27B54AAAAE2A0F56CF92595D4FD986B513B037EB72795
gfx/flags/medium/KOR_Balhae_neutrality.tga,ASSET_COPY,SHIPPED,no,gfx/flags/medium/KOR_Balhae_neutrality.tga,RT56과 같은 경로가 없는 HOK 고유 자산; provenance 유지,ACEC7BC218663A037914B811FB434D6C309DD875B36CBEDD0116AE7EE65B1C86,ACEC7BC218663A037914B811FB434D6C309DD875B36CBEDD0116AE7EE65B1C86
gfx/flags/medium/KOR_CHI.tga,ASSET_COPY,SHIPPED,no,gfx/flags/medium/KOR_CHI.tga,RT56과 같은 경로가 없는 HOK 고유 자산; provenance 유지,CE422B3561881DBECF2896C299D10DDFB6C2308CDEF8522574A46E104BC3B2EB,CE422B3561881DBECF2896C299D10DDFB6C2308CDEF8522574A46E104BC3B2EB
gfx/flags/medium/KOR_communism.tga,ASSET_COPY,SHIPPED,yes,gfx/flags/medium/KOR_communism.tga,HOK 고유 한국 시각 정체성 자산; 출처를 유지해 의도적으로 선적,F54AD9F0EC0BA9453A7948A7CE612C70991050C3701B46ACFD79C3D93F2D710E,F54AD9F0EC0BA9453A7948A7CE612C70991050C3701B46ACFD79C3D93F2D710E
gfx/flags/medium/KOR_fascism.tga,ASSET_COPY,SHIPPED,yes,gfx/flags/medium/KOR_fascism.tga,HOK 고유 한국 시각 정체성 자산; 출처를 유지해 의도적으로 선적,44EF9CE428478FE483CCDFF9C0454D5E0902AD967394ED72EED2B1C6EC2D4706,44EF9CE428478FE483CCDFF9C0454D5E0902AD967394ED72EED2B1C6EC2D4706
gfx/flags/medium/KOR_Goguryeo_communism.tga,ASSET_COPY,SHIPPED,no,gfx/flags/medium/KOR_Goguryeo_communism.tga,RT56과 같은 경로가 없는 HOK 고유 자산; provenance 유지,2E11B605B47142C12E48312DE5E39F2E3DA72C256553FBD0C44F6150D28964B2,2E11B605B47142C12E48312DE5E39F2E3DA72C256553FBD0C44F6150D28964B2
gfx/flags/medium/KOR_Goguryeo_democratic.tga,ASSET_COPY,SHIPPED,no,gfx/flags/medium/KOR_Goguryeo_democratic.tga,RT56과 같은 경로가 없는 HOK 고유 자산; provenance 유지,EF283FCCFE88821394A501922A7DA6A7AA2702A58CB3302A575C22FF61ECC0DC,EF283FCCFE88821394A501922A7DA6A7AA2702A58CB3302A575C22FF61ECC0DC
gfx/flags/medium/KOR_Goguryeo_fascism.tga,ASSET_COPY,SHIPPED,no,gfx/flags/medium/KOR_Goguryeo_fascism.tga,RT56과 같은 경로가 없는 HOK 고유 자산; provenance 유지,6AB64E6407D5A1EF76EC9BC2B6CBEBAB840BBB9697EC37583C0DCB065FF56583,6AB64E6407D5A1EF76EC9BC2B6CBEBAB840BBB9697EC37583C0DCB065FF56583
gfx/flags/medium/KOR_Goguryeo_neutrality.tga,ASSET_COPY,SHIPPED,no,gfx/flags/medium/KOR_Goguryeo_neutrality.tga,RT56과 같은 경로가 없는 HOK 고유 자산; provenance 유지,582AF31B9EC43B6CCE2DF501B94399337A9896A654B616676DB619B1FB4E4443,582AF31B9EC43B6CCE2DF501B94399337A9896A654B616676DB619B1FB4E4443
gfx/flags/medium/KOR_greater_Hwan_neutrality.tga,ASSET_COPY,SHIPPED,no,gfx/flags/medium/KOR_greater_Hwan_neutrality.tga,RT56과 같은 경로가 없는 HOK 고유 자산; provenance 유지,25EF350D2F1BC23935731FF8D5F4D5EE67F1F8A8F09E1E271B568B82BEEBA622,25EF350D2F1BC23935731FF8D5F4D5EE67F1F8A8F09E1E271B568B82BEEBA622
gfx/flags/medium/KOR_Hwan_neutrality.tga,ASSET_COPY,SHIPPED,no,gfx/flags/medium/KOR_Hwan_neutrality.tga,RT56과 같은 경로가 없는 HOK 고유 자산; provenance 유지,41D817EB9D6A0BDCFDA685AE855E0C95DD2513E45E776CFE4B116B79C36F9D3B,41D817EB9D6A0BDCFDA685AE855E0C95DD2513E45E776CFE4B116B79C36F9D3B
gfx/flags/medium/KOR_JAP.tga,ASSET_COPY,SHIPPED,no,gfx/flags/medium/KOR_JAP.tga,RT56과 같은 경로가 없는 HOK 고유 자산; provenance 유지,321E37D2445FFDF3EEB36F305BB4695A313D7F617C675970B210265145D86D56,321E37D2445FFDF3EEB36F305BB4695A313D7F617C675970B210265145D86D56
gfx/flags/medium/KOR_neutrality.tga,ASSET_COPY,SHIPPED,yes,gfx/flags/medium/KOR_neutrality.tga,HOK 고유 한국 시각 정체성 자산; 출처를 유지해 의도적으로 선적,6C341DF7F171668F4253882A08ED6B4A9966A8FD313A6558C7A789992865A908,6C341DF7F171668F4253882A08ED6B4A9966A8FD313A6558C7A789992865A908
gfx/flags/medium/KOR_PRC.tga,ASSET_COPY,SHIPPED,no,gfx/flags/medium/KOR_PRC.tga,RT56과 같은 경로가 없는 HOK 고유 자산; provenance 유지,DCA5E0335758619AFD6BA6EB3241238CCF2461AADA5B451A060F1544328A3DE8,DCA5E0335758619AFD6BA6EB3241238CCF2461AADA5B451A060F1544328A3DE8
gfx/flags/medium/KOR_PRK_communism.tga,ASSET_COPY,SHIPPED,no,gfx/flags/medium/KOR_PRK_communism.tga,RT56과 같은 경로가 없는 HOK 고유 자산; provenance 유지,96C268DA6B6367A9EA13666579553CFEE1132043FEAACA3FD74EF59775B0C975,96C268DA6B6367A9EA13666579553CFEE1132043FEAACA3FD74EF59775B0C975
gfx/flags/medium/KOR_reichskommissariat_fascism.tga,ASSET_COPY,SHIPPED,no,gfx/flags/medium/KOR_reichskommissariat_fascism.tga,RT56과 같은 경로가 없는 HOK 고유 자산; provenance 유지,02472CDE69A66DCF54C299164E246C4E940C710FA2E4ECFF7534420E0D27EFF6,02472CDE69A66DCF54C299164E246C4E940C710FA2E4ECFF7534420E0D27EFF6
gfx/flags/medium/MAL_free_democratic.tga,ASSET_COPY,SHIPPED,no,gfx/flags/medium/MAL_free_democratic.tga,RT56과 같은 경로가 없는 HOK 고유 자산; provenance 유지,F0A5A0386B023519C4B09603BBB14242CC1F93B2A3E3E96ED259D8E4BA5041C5,F0A5A0386B023519C4B09603BBB14242CC1F93B2A3E3E96ED259D8E4BA5041C5
gfx/flags/medium/NZL_aotearoa_democratic.tga,ASSET_COPY,SHIPPED,no,gfx/flags/medium/NZL_aotearoa_democratic.tga,RT56과 같은 경로가 없는 HOK 고유 자산; provenance 유지,DD5F90159BE099A403B861C1977DA071EE3BC64C6A8B309C65386DF1C2979BBA,DD5F90159BE099A403B861C1977DA071EE3BC64C6A8B309C65386DF1C2979BBA
gfx/flags/medium/PHI_free_democratic.tga,ASSET_COPY,SHIPPED,no,gfx/flags/medium/PHI_free_democratic.tga,RT56과 같은 경로가 없는 HOK 고유 자산; provenance 유지,08A3C318A57A16EADFF1D4E1C7557327187882EAB3C7D72745A8AB6961FBA2CC,08A3C318A57A16EADFF1D4E1C7557327187882EAB3C7D72745A8AB6961FBA2CC
gfx/flags/medium/RKY_communism.tga,ASSET_COPY,SHIPPED,no,gfx/flags/medium/RKY_communism.tga,RT56과 같은 경로가 없는 HOK 고유 자산; provenance 유지,56A9967CA22FDADCBBC3229E03C5FF44F36365FA6FD634DCE1ADBE87DF776C89,56A9967CA22FDADCBBC3229E03C5FF44F36365FA6FD634DCE1ADBE87DF776C89
gfx/flags/medium/RKY_democratic.tga,ASSET_COPY,SHIPPED,no,gfx/flags/medium/RKY_democratic.tga,RT56과 같은 경로가 없는 HOK 고유 자산; provenance 유지,53B1F9FAB86E75CC24A953D10A24EBE76BE572CD946896EA48B2627E75A26EBC,53B1F9FAB86E75CC24A953D10A24EBE76BE572CD946896EA48B2627E75A26EBC
gfx/flags/medium/RKY_fascism.tga,ASSET_COPY,SHIPPED,no,gfx/flags/medium/RKY_fascism.tga,RT56과 같은 경로가 없는 HOK 고유 자산; provenance 유지,C7BB47401A9D029C33AAB75B0F0643892D9D834E0CFEF5A4E1318A4D5E1B8DDA,C7BB47401A9D029C33AAB75B0F0643892D9D834E0CFEF5A4E1318A4D5E1B8DDA
gfx/flags/medium/RKY_neutrality.tga,ASSET_COPY,SHIPPED,no,gfx/flags/medium/RKY_neutrality.tga,RT56과 같은 경로가 없는 HOK 고유 자산; provenance 유지,97E10EF70983110CD1CE021E7C722FF7938731D07B5E9EBCFF1D36963D0B6556,97E10EF70983110CD1CE021E7C722FF7938731D07B5E9EBCFF1D36963D0B6556
gfx/flags/medium/TWN_communism.tga,ASSET_COPY,SHIPPED,no,gfx/flags/medium/TWN_communism.tga,RT56과 같은 경로가 없는 HOK 고유 자산; provenance 유지,BB964786D17B39699FF3C026C937453FB0136E5890FA6DE05F8149777A59194F,BB964786D17B39699FF3C026C937453FB0136E5890FA6DE05F8149777A59194F
gfx/flags/medium/TWN_democratic.tga,ASSET_COPY,SHIPPED,no,gfx/flags/medium/TWN_democratic.tga,RT56과 같은 경로가 없는 HOK 고유 자산; provenance 유지,90BA408A71C42E0D2D3B263ADDE8DDE243E7EC058FE769534C6DD409EE5D4C58,90BA408A71C42E0D2D3B263ADDE8DDE243E7EC058FE769534C6DD409EE5D4C58
gfx/flags/medium/TWN_fascism.tga,ASSET_COPY,SHIPPED,no,gfx/flags/medium/TWN_fascism.tga,RT56과 같은 경로가 없는 HOK 고유 자산; provenance 유지,A1B19DC39F1E099D5004685556B179B5A764E7E233B0E9773321C76F30620790,A1B19DC39F1E099D5004685556B179B5A764E7E233B0E9773321C76F30620790
gfx/flags/medium/TWN_neutrality.tga,ASSET_COPY,SHIPPED,no,gfx/flags/medium/TWN_neutrality.tga,RT56과 같은 경로가 없는 HOK 고유 자산; provenance 유지,EDFFE0221A98D3BC38E343A9F29C10C37EF2971F9C2CB3B7651D99167C78428D,EDFFE0221A98D3BC38E343A9F29C10C37EF2971F9C2CB3B7651D99167C78428D
gfx/flags/NZL_aotearoa_democratic.tga,ASSET_COPY,SHIPPED,no,gfx/flags/NZL_aotearoa_democratic.tga,RT56과 같은 경로가 없는 HOK 고유 자산; provenance 유지,9E8DA5AB87D845AF4F42D6FC6E4B4E60C3110CEF9CCBB8DA549DD9628453DC7A,9E8DA5AB87D845AF4F42D6FC6E4B4E60C3110CEF9CCBB8DA549DD9628453DC7A
gfx/flags/PHI_free_democratic.tga,ASSET_COPY,SHIPPED,no,gfx/flags/PHI_free_democratic.tga,RT56과 같은 경로가 없는 HOK 고유 자산; provenance 유지,3AEE334A1F6D9ABF79B3ECF70B5772B2BBF2FBB9A95A4F76D54A08146E85E6EA,3AEE334A1F6D9ABF79B3ECF70B5772B2BBF2FBB9A95A4F76D54A08146E85E6EA
gfx/flags/RAJ_bharat_democratic.tga,USE_RT56,OMITTED_OUT_OF_SCOPE,no,(omitted; RT56/vanilla scope retained),runtime 참조가 없는 비한국 donor 자산을 제외,A953F93B35A3DBAE61076526FE2A98CD6D8AE35CFDCCC30C6D6BA12D7C2157E9,
gfx/flags/RKY_communism.tga,ASSET_COPY,SHIPPED,no,gfx/flags/RKY_communism.tga,RT56과 같은 경로가 없는 HOK 고유 자산; provenance 유지,F9B9E5D6F05B85D6538F184B300B4CE4003C6769B141D5D7A07613BD46507CF5,F9B9E5D6F05B85D6538F184B300B4CE4003C6769B141D5D7A07613BD46507CF5
gfx/flags/RKY_democratic.tga,ASSET_COPY,SHIPPED,no,gfx/flags/RKY_democratic.tga,RT56과 같은 경로가 없는 HOK 고유 자산; provenance 유지,F348B89899187ED8F064CBBAC7CAC2662A725FE4CC3340D14A13B7E05534C4C8,F348B89899187ED8F064CBBAC7CAC2662A725FE4CC3340D14A13B7E05534C4C8
gfx/flags/RKY_fascism.tga,ASSET_COPY,SHIPPED,no,gfx/flags/RKY_fascism.tga,RT56과 같은 경로가 없는 HOK 고유 자산; provenance 유지,538AD1D258552BA33F5BC71426C0BD46762F444B0F318EA3B1E544EF95481E3F,538AD1D258552BA33F5BC71426C0BD46762F444B0F318EA3B1E544EF95481E3F
gfx/flags/RKY_neutrality.tga,ASSET_COPY,SHIPPED,no,gfx/flags/RKY_neutrality.tga,RT56과 같은 경로가 없는 HOK 고유 자산; provenance 유지,AAF2C95BAE9A19A8DDFF5DF475B7AE1D7531EAF1435130B79C41EE21EDF52588,AAF2C95BAE9A19A8DDFF5DF475B7AE1D7531EAF1435130B79C41EE21EDF52588
gfx/flags/small/AST_pamanyungan_democratic.tga,ASSET_COPY,SHIPPED,no,gfx/flags/small/AST_pamanyungan_democratic.tga,RT56과 같은 경로가 없는 HOK 고유 자산; provenance 유지,82868C9AC7ED25A5E8415A2F6D939037608B9CA58193574426648E57F2460DC8,82868C9AC7ED25A5E8415A2F6D939037608B9CA58193574426648E57F2460DC8
gfx/flags/small/INS_free_democratic.tga,ASSET_COPY,SHIPPED,no,gfx/flags/small/INS_free_democratic.tga,RT56과 같은 경로가 없는 HOK 고유 자산; provenance 유지,0AB12CAF129327C6943FEF599E7A36B96EA608963FF7EA6636822417C9C4FA71,0AB12CAF129327C6943FEF599E7A36B96EA608963FF7EA6636822417C9C4FA71
gfx/flags/small/JAP_daiwa_mingoku.tga,USE_RT56,OMITTED_OUT_OF_SCOPE,no,(omitted; RT56/vanilla scope retained),runtime 참조가 없는 비한국 일본 cosmetic flag를 제외,E68DB1EEA9185BE9359B6CF41C5DB10D2B2481184231C5FFFF5E1BBA0E107FF6,
gfx/flags/small/JAP_fuso_gasshukoku.tga,USE_RT56,OMITTED_OUT_OF_SCOPE,no,(omitted; RT56/vanilla scope retained),runtime 참조가 없는 비한국 일본 cosmetic flag를 제외,C390B5C862732A0ACFDD1B3F12543814FFE24CCA369848EB0B0123D9986BC027,
gfx/flags/small/JAP_yamato_kyowakoku.tga,USE_RT56,OMITTED_OUT_OF_SCOPE,no,(omitted; RT56/vanilla scope retained),runtime 참조가 없는 비한국 일본 cosmetic flag를 제외,75DFC554693DE87EF4D2172F2739DBF09DCD714260AC087A3C587E4272F013CB,
gfx/flags/small/KCH_china.tga,ASSET_COPY,SHIPPED,no,gfx/flags/small/KCH_china.tga,RT56과 같은 경로가 없는 HOK 고유 자산; provenance 유지,939E2825C5D8EBC480D4DCDA2204B0028138DD17728FD6FA072AC135A3FA911E,939E2825C5D8EBC480D4DCDA2204B0028138DD17728FD6FA072AC135A3FA911E
gfx/flags/small/KCH_democratic.tga,ASSET_COPY,SHIPPED,no,gfx/flags/small/KCH_democratic.tga,RT56과 같은 경로가 없는 HOK 고유 자산; provenance 유지,740FBD148C71601688C0A6205C53B8EE4F0DD6FD1AFBD99027EA46D0B25A7F67,740FBD148C71601688C0A6205C53B8EE4F0DD6FD1AFBD99027EA46D0B25A7F67
gfx/flags/small/KJP_democratic.tga,ASSET_COPY,SHIPPED,no,gfx/flags/small/KJP_democratic.tga,RT56과 같은 경로가 없는 HOK 고유 자산; provenance 유지,200A6A9F902D1A8245676DFC3A61C29BEAA1897D76201932C9B9FCBEDAEFA40C,200A6A9F902D1A8245676DFC3A61C29BEAA1897D76201932C9B9FCBEDAEFA40C
gfx/flags/small/KJP_PSJ.tga,ASSET_COPY,SHIPPED,no,gfx/flags/small/KJP_PSJ.tga,RT56과 같은 경로가 없는 HOK 고유 자산; provenance 유지,22DCCCE68D76AB886A4072EB9804337337747A530C7117D86063A937B326D728,22DCCCE68D76AB886A4072EB9804337337747A530C7117D86063A937B326D728
gfx/flags/small/KOR_Balhae_communism.tga,ASSET_COPY,SHIPPED,no,gfx/flags/small/KOR_Balhae_communism.tga,RT56과 같은 경로가 없는 HOK 고유 자산; provenance 유지,FCDC13FE729C45959F9E9ED5AABA8CF9140FE49F1ED3FAA7EC3EFEAF1CB63FF8,FCDC13FE729C45959F9E9ED5AABA8CF9140FE49F1ED3FAA7EC3EFEAF1CB63FF8
gfx/flags/small/KOR_Balhae_democratic.tga,ASSET_COPY,SHIPPED,no,gfx/flags/small/KOR_Balhae_democratic.tga,RT56과 같은 경로가 없는 HOK 고유 자산; provenance 유지,14B2E7C9AF83234D43D2443E89CAD4F980E546ABECFCBFE259AABF58F0083B70,14B2E7C9AF83234D43D2443E89CAD4F980E546ABECFCBFE259AABF58F0083B70
gfx/flags/small/KOR_Balhae_fascism.tga,ASSET_COPY,SHIPPED,no,gfx/flags/small/KOR_Balhae_fascism.tga,RT56과 같은 경로가 없는 HOK 고유 자산; provenance 유지,FA351E48DE471040E9819A2B7C551FCC1F7F258D8E0D8619CC43FC7EDC54A275,FA351E48DE471040E9819A2B7C551FCC1F7F258D8E0D8619CC43FC7EDC54A275
gfx/flags/small/KOR_Balhae_neutrality.tga,ASSET_COPY,SHIPPED,no,gfx/flags/small/KOR_Balhae_neutrality.tga,RT56과 같은 경로가 없는 HOK 고유 자산; provenance 유지,C68BF84A943849AFD2A158CA1922B2426E2779A9E3951453B77E00FF256A8097,C68BF84A943849AFD2A158CA1922B2426E2779A9E3951453B77E00FF256A8097
gfx/flags/small/KOR_CHI.tga,ASSET_COPY,SHIPPED,no,gfx/flags/small/KOR_CHI.tga,RT56과 같은 경로가 없는 HOK 고유 자산; provenance 유지,477E17D1912B6FC1FFC97DAA6C0CABF030713149774089F8018FD66A0C1EE4F7,477E17D1912B6FC1FFC97DAA6C0CABF030713149774089F8018FD66A0C1EE4F7
gfx/flags/small/KOR_communism.tga,ASSET_COPY,SHIPPED,yes,gfx/flags/small/KOR_communism.tga,HOK 고유 한국 시각 정체성 자산; 출처를 유지해 의도적으로 선적,330AE824FBD4B82B98ED2B601AC96E1FE1B0CE87D92C859FCC0CE71A0ED3BC1D,330AE824FBD4B82B98ED2B601AC96E1FE1B0CE87D92C859FCC0CE71A0ED3BC1D
gfx/flags/small/KOR_fascism.tga,ASSET_COPY,SHIPPED,yes,gfx/flags/small/KOR_fascism.tga,HOK 고유 한국 시각 정체성 자산; 출처를 유지해 의도적으로 선적,72468715025AD8D701C2E7E60F5BF5BD032E1CB76FFEE7847DF2E4AF3F91DDDB,72468715025AD8D701C2E7E60F5BF5BD032E1CB76FFEE7847DF2E4AF3F91DDDB
gfx/flags/small/KOR_Goguryeo_communism.tga,ASSET_COPY,SHIPPED,no,gfx/flags/small/KOR_Goguryeo_communism.tga,RT56과 같은 경로가 없는 HOK 고유 자산; provenance 유지,8AC3DFC2A6EB84ADEEFA9FD7EA387C7374BD6B40CA0CB7C654830DEAF2532A8E,8AC3DFC2A6EB84ADEEFA9FD7EA387C7374BD6B40CA0CB7C654830DEAF2532A8E
gfx/flags/small/KOR_Goguryeo_democratic.tga,ASSET_COPY,SHIPPED,no,gfx/flags/small/KOR_Goguryeo_democratic.tga,RT56과 같은 경로가 없는 HOK 고유 자산; provenance 유지,C6BD43D2E62DA25E017493A10B2B55ECB22391395BB539F37CE7630E884C28BA,C6BD43D2E62DA25E017493A10B2B55ECB22391395BB539F37CE7630E884C28BA
gfx/flags/small/KOR_Goguryeo_fascism.tga,ASSET_COPY,SHIPPED,no,gfx/flags/small/KOR_Goguryeo_fascism.tga,RT56과 같은 경로가 없는 HOK 고유 자산; provenance 유지,F7951FA209DC1780C75C39CFE09E7D55A0BE086D9F5B98FF045144147E424D93,F7951FA209DC1780C75C39CFE09E7D55A0BE086D9F5B98FF045144147E424D93
gfx/flags/small/KOR_Goguryeo_neutrality.tga,ASSET_COPY,SHIPPED,no,gfx/flags/small/KOR_Goguryeo_neutrality.tga,RT56과 같은 경로가 없는 HOK 고유 자산; provenance 유지,D35980738636BBB101264CBC4C4008BFE640B47AC45AF7EE0747C50D00BA6DBD,D35980738636BBB101264CBC4C4008BFE640B47AC45AF7EE0747C50D00BA6DBD
gfx/flags/small/KOR_greater_Hwan_neutrality.tga,ASSET_COPY,SHIPPED,no,gfx/flags/small/KOR_greater_Hwan_neutrality.tga,RT56과 같은 경로가 없는 HOK 고유 자산; provenance 유지,D5D1F86CCBFD32D73151C1F4A601FFDFDD68D56FCA99632B749075C88D4D0F68,D5D1F86CCBFD32D73151C1F4A601FFDFDD68D56FCA99632B749075C88D4D0F68
gfx/flags/small/KOR_Hwan_neutrality.tga,ASSET_COPY,SHIPPED,no,gfx/flags/small/KOR_Hwan_neutrality.tga,RT56과 같은 경로가 없는 HOK 고유 자산; provenance 유지,33F99676B7A37347319ADF7E5E3390404E2E89D7A36C1559205795BDFC28F22D,33F99676B7A37347319ADF7E5E3390404E2E89D7A36C1559205795BDFC28F22D
gfx/flags/small/KOR_JAP.tga,ASSET_COPY,SHIPPED,no,gfx/flags/small/KOR_JAP.tga,RT56과 같은 경로가 없는 HOK 고유 자산; provenance 유지,AC461AEBE8D48250120F0EA2BB95BBDDB469D384810392DAC26793529C1A9233,AC461AEBE8D48250120F0EA2BB95BBDDB469D384810392DAC26793529C1A9233
gfx/flags/small/KOR_neutrality.tga,ASSET_COPY,SHIPPED,yes,gfx/flags/small/KOR_neutrality.tga,HOK 고유 한국 시각 정체성 자산; 출처를 유지해 의도적으로 선적,86889AF02140C6DB1D6BED908FE3057375D24AB84333E8FE9266E0FA1AF4C85D,86889AF02140C6DB1D6BED908FE3057375D24AB84333E8FE9266E0FA1AF4C85D
gfx/flags/small/KOR_PRC.tga,ASSET_COPY,SHIPPED,no,gfx/flags/small/KOR_PRC.tga,RT56과 같은 경로가 없는 HOK 고유 자산; provenance 유지,EFC12F07A695F91436DBA1157B9894B44A8FFA3E10B12FF9BD65CE4BF591491A,EFC12F07A695F91436DBA1157B9894B44A8FFA3E10B12FF9BD65CE4BF591491A
gfx/flags/small/KOR_PRK_communism.tga,ASSET_COPY,SHIPPED,no,gfx/flags/small/KOR_PRK_communism.tga,RT56과 같은 경로가 없는 HOK 고유 자산; provenance 유지,BC2364A3FAE41910BC856B9676FE9EE278FA195A842F5D8D9E156825D7336BB9,BC2364A3FAE41910BC856B9676FE9EE278FA195A842F5D8D9E156825D7336BB9
gfx/flags/small/KOR_reichskommissariat_fascism.tga,ASSET_COPY,SHIPPED,no,gfx/flags/small/KOR_reichskommissariat_fascism.tga,RT56과 같은 경로가 없는 HOK 고유 자산; provenance 유지,C873ED793A950183AF5C593662E3201C7F289935921AC27C5A86928D539D0E69,C873ED793A950183AF5C593662E3201C7F289935921AC27C5A86928D539D0E69
gfx/flags/small/MAL_free_democratic.tga,ASSET_COPY,SHIPPED,no,gfx/flags/small/MAL_free_democratic.tga,RT56과 같은 경로가 없는 HOK 고유 자산; provenance 유지,4D9EFD03F2904F0B698495F37944CD206D52E7B1D151F2ED13C01EA99EA17A03,4D9EFD03F2904F0B698495F37944CD206D52E7B1D151F2ED13C01EA99EA17A03
gfx/flags/small/NZL_aotearoa_democratic.tga,ASSET_COPY,SHIPPED,no,gfx/flags/small/NZL_aotearoa_democratic.tga,RT56과 같은 경로가 없는 HOK 고유 자산; provenance 유지,5E5615F879AADF3517A3F07AD7508534FD299551717630929E7D6199A76A6AFB,5E5615F879AADF3517A3F07AD7508534FD299551717630929E7D6199A76A6AFB
gfx/flags/small/PHI_free_democratic.tga,ASSET_COPY,SHIPPED,no,gfx/flags/small/PHI_free_democratic.tga,RT56과 같은 경로가 없는 HOK 고유 자산; provenance 유지,5593D5FBD9220C6F950632F32482B9D3A38C6DAED6A49DF9FAE199EB6E68CEC6,5593D5FBD9220C6F950632F32482B9D3A38C6DAED6A49DF9FAE199EB6E68CEC6
gfx/flags/small/RKY_communism.tga,ASSET_COPY,SHIPPED,no,gfx/flags/small/RKY_communism.tga,RT56과 같은 경로가 없는 HOK 고유 자산; provenance 유지,D8143C4278A069229D7FC53A1F808714157507AD1BD096C9B8BCA50DB3A6821C,D8143C4278A069229D7FC53A1F808714157507AD1BD096C9B8BCA50DB3A6821C
gfx/flags/small/RKY_democratic.tga,ASSET_COPY,SHIPPED,no,gfx/flags/small/RKY_democratic.tga,RT56과 같은 경로가 없는 HOK 고유 자산; provenance 유지,078C4DA0BD78FD55595976AA75B488B3D1BE4A2A4DFD588530525C2C430235CA,078C4DA0BD78FD55595976AA75B488B3D1BE4A2A4DFD588530525C2C430235CA
gfx/flags/small/RKY_fascism.tga,ASSET_COPY,SHIPPED,no,gfx/flags/small/RKY_fascism.tga,RT56과 같은 경로가 없는 HOK 고유 자산; provenance 유지,FC8BBEF17A51FF8AB27BEB96F9FCF8596FC77D1EEB0E7AB4B1B8D3941DE8B5EE,FC8BBEF17A51FF8AB27BEB96F9FCF8596FC77D1EEB0E7AB4B1B8D3941DE8B5EE
gfx/flags/small/RKY_neutrality.tga,ASSET_COPY,SHIPPED,no,gfx/flags/small/RKY_neutrality.tga,RT56과 같은 경로가 없는 HOK 고유 자산; provenance 유지,7FC3835C4D5818BE5FDDC3B257AAB9400AF6461B45A9AE5C76544B481DAA99B0,7FC3835C4D5818BE5FDDC3B257AAB9400AF6461B45A9AE5C76544B481DAA99B0
gfx/flags/small/TWN_communism.tga,ASSET_COPY,SHIPPED,no,gfx/flags/small/TWN_communism.tga,RT56과 같은 경로가 없는 HOK 고유 자산; provenance 유지,192552FC383A0D23FC06BF3D8DA48045D7992D6386DC9FF36563D6D2A4CB3FA2,192552FC383A0D23FC06BF3D8DA48045D7992D6386DC9FF36563D6D2A4CB3FA2
gfx/flags/small/TWN_democratic.tga,ASSET_COPY,SHIPPED,no,gfx/flags/small/TWN_democratic.tga,RT56과 같은 경로가 없는 HOK 고유 자산; provenance 유지,ABCF31DB2E54290AD1821DEBCBEFD1B3B27A8D3D61A1ED24A0D0C7A35B25D73A,ABCF31DB2E54290AD1821DEBCBEFD1B3B27A8D3D61A1ED24A0D0C7A35B25D73A
gfx/flags/small/TWN_fascism.tga,ASSET_COPY,SHIPPED,no,gfx/flags/small/TWN_fascism.tga,RT56과 같은 경로가 없는 HOK 고유 자산; provenance 유지,7434CD6357B60816942A122EB49FA6A44BBB834954F63CAC17D66F81F0875F54,7434CD6357B60816942A122EB49FA6A44BBB834954F63CAC17D66F81F0875F54
gfx/flags/small/TWN_neutrality.tga,ASSET_COPY,SHIPPED,no,gfx/flags/small/TWN_neutrality.tga,RT56과 같은 경로가 없는 HOK 고유 자산; provenance 유지,C6A5EA06E3E368E247744E074DC350B81B32F027DF09C9BFADFD551265F01BE3,C6A5EA06E3E368E247744E074DC350B81B32F027DF09C9BFADFD551265F01BE3
gfx/flags/TWN_communism.tga,ASSET_COPY,SHIPPED,no,gfx/flags/TWN_communism.tga,RT56과 같은 경로가 없는 HOK 고유 자산; provenance 유지,AABC627DDD51E5132D0ABA57792759D38C1265833908B0FB4D0379842A430907,AABC627DDD51E5132D0ABA57792759D38C1265833908B0FB4D0379842A430907
gfx/flags/TWN_democratic.tga,ASSET_COPY,SHIPPED,no,gfx/flags/TWN_democratic.tga,RT56과 같은 경로가 없는 HOK 고유 자산; provenance 유지,B4C8455B9E1E61BE961CDE8BB3B0C86E33CE7F11C10C5284784D8261A4367900,B4C8455B9E1E61BE961CDE8BB3B0C86E33CE7F11C10C5284784D8261A4367900
gfx/flags/TWN_fascism.tga,ASSET_COPY,SHIPPED,no,gfx/flags/TWN_fascism.tga,RT56과 같은 경로가 없는 HOK 고유 자산; provenance 유지,C1A921F0D47FC8817A3844981C8F549A3C0FFDFE04621C67DD6E42A67568460B,C1A921F0D47FC8817A3844981C8F549A3C0FFDFE04621C67DD6E42A67568460B
gfx/flags/TWN_neutrality.tga,ASSET_COPY,SHIPPED,no,gfx/flags/TWN_neutrality.tga,RT56과 같은 경로가 없는 HOK 고유 자산; provenance 유지,0D2420F6101F735FDFA1790F0FE03E18A38FD8C1580358D1AF128AD4BB0D4862,0D2420F6101F735FDFA1790F0FE03E18A38FD8C1580358D1AF128AD4BB0D4862
gfx/interface/buildings/historical_buildings/large/gyeongbokgung_icon.dds,ASSET_COPY,SHIPPED,no,gfx/interface/buildings/historical_buildings/large/gyeongbokgung_icon.dds,RT56과 같은 경로가 없는 HOK 고유 자산; provenance 유지,85B596AC52BAF6415212DCD2CC2F21566431C3DB581B209F69E23C39179B6859,85B596AC52BAF6415212DCD2CC2F21566431C3DB581B209F69E23C39179B6859
gfx/interface/buildings/historical_buildings/small/gyeongbokgung_icon_small.dds,ASSET_COPY,SHIPPED,no,gfx/interface/buildings/historical_buildings/small/gyeongbokgung_icon_small.dds,RT56과 같은 경로가 없는 HOK 고유 자산; provenance 유지,6D50C9BD7F4F9A010D032A08DCF1FB588EEEE8B0AADF460E49D39C1F55330E62,6D50C9BD7F4F9A010D032A08DCF1FB588EEEE8B0AADF460E49D39C1F55330E62
gfx/interface/decisions/decision_cat_generic_goguryeo.dds,ASSET_COPY,SHIPPED,no,gfx/interface/decisions/decision_cat_generic_goguryeo.dds,RT56과 같은 경로가 없는 HOK 고유 자산; provenance 유지,FE498D5BA962B380DA2378D5E6898E12AD335105ABFD85389C3A66C364A6A9A6,FE498D5BA962B380DA2378D5E6898E12AD335105ABFD85389C3A66C364A6A9A6
gfx/interface/decisions/decision_cat_generic_greater_mongolia.dds,USE_RT56,OMITTED_OUT_OF_SCOPE,no,(omitted; RT56/vanilla scope retained),제외된 MON 도전 모듈의 미사용 자산,093AFCACB8DE83403B6C82C1327224DBC119BAE22A0BB5E8EA4FD095AD045DDD,
gfx/interface/decisions/decision_cat_generic_unite_mongolia.dds,USE_RT56,OMITTED_OUT_OF_SCOPE,no,(omitted; RT56/vanilla scope retained),제외된 MON 도전 모듈의 미사용 자산,FEA4FBB80EFFF5B5DE4AD8AD22AE300B12475F816144B4749DD67F20DD7E417B,
gfx/interface/decisions/decision_cat_jap_unite_karafuto.dds,USE_RT56,OMITTED_OUT_OF_SCOPE,no,(omitted; RT56/vanilla scope retained),runtime 참조가 없는 비한국 donor 자산을 제외,6A2D7CC6E7AE5FF9BCD159C7D22F4BB930BF50A6997EDCBEEF2D04E867C6FE86,
gfx/interface/decisions/decision_cat_kor_CNDP.dds,ASSET_COPY,SHIPPED,no,gfx/interface/decisions/decision_cat_kor_CNDP.dds,RT56과 같은 경로가 없는 HOK 고유 자산; provenance 유지,1808A5B79653F61E9E8296D8181DB6F74629F76B99A116BBD9A083D1652DEA4C,1808A5B79653F61E9E8296D8181DB6F74629F76B99A116BBD9A083D1652DEA4C
gfx/interface/decisions/decision_cat_kor_decision_expend_federation_of_balhae.dds,ASSET_COPY,SHIPPED,no,gfx/interface/decisions/decision_cat_kor_decision_expend_federation_of_balhae.dds,RT56과 같은 경로가 없는 HOK 고유 자산; provenance 유지,DAF81934077824D54B8FE10421BEFFBBAFD6F68BD06E33EBE520FDD44FEC2380,DAF81934077824D54B8FE10421BEFFBBAFD6F68BD06E33EBE520FDD44FEC2380
gfx/interface/decisions/decision_cat_kor_jaebeol.dds,ASSET_COPY,SHIPPED,no,gfx/interface/decisions/decision_cat_kor_jaebeol.dds,RT56과 같은 경로가 없는 HOK 고유 자산; provenance 유지,F2C801CD0F13FBCAAB2109387A2A247DBED5CC2C832AA09A12A8861CAB86B112,F2C801CD0F13FBCAAB2109387A2A247DBED5CC2C832AA09A12A8861CAB86B112
gfx/interface/decisions/EMPTY_decision_paper.dds,ASSET_COPY,SHIPPED,no,gfx/interface/decisions/EMPTY_decision_paper.dds,RT56과 같은 경로가 없는 HOK 고유 자산; provenance 유지,093AFCACB8DE83403B6C82C1327224DBC119BAE22A0BB5E8EA4FD095AD045DDD,093AFCACB8DE83403B6C82C1327224DBC119BAE22A0BB5E8EA4FD095AD045DDD
gfx/interface/equipmentdesigner/graphic_db/00_hok_plane_icons.txt,THREE_WAY_MERGE,GENERATED,no,gfx/interface/equipmentdesigner/graphic_db/00_hok_plane_icons.txt,삭제된 장비 참조와 HOK 고유 항공 entity 소비 경로를 이전,E3E61E2EB055DCE0C1167AFFD77BD3158D79F8BACB889D86F8BA88E4525E3AAE,4DCC92781BEDD39CEAFDD745E4469E32BC21FA4873A628DC18B91A0FC7D47B39
gfx/interface/equipmentdesigner/graphic_db/00_hok_ship_icons.txt,ADD,SHIPPED,no,gfx/interface/equipmentdesigner/graphic_db/00_hok_ship_icons.txt,RT56과 같은 경로가 없는 HOK 고유 콘텐츠/메타데이터,F22F115DC0C41206EED7282662D9520C3F06975DB023B133015FD73EA97DD4A7,F22F115DC0C41206EED7282662D9520C3F06975DB023B133015FD73EA97DD4A7
gfx/interface/equipmentdesigner/graphic_db/00_hok_tank_icons.txt,ADD,SHIPPED,no,gfx/interface/equipmentdesigner/graphic_db/00_hok_tank_icons.txt,RT56과 같은 경로가 없는 HOK 고유 콘텐츠/메타데이터,6E941025B2D57DD26DEFA8B9EEC36A6F7ECEC1594CD1EFEF9353C5C33AD6B639,6E941025B2D57DD26DEFA8B9EEC36A6F7ECEC1594CD1EFEF9353C5C33AD6B639
gfx/interface/goals/_EMPTY.dds,ASSET_COPY,SHIPPED,no,gfx/interface/goals/_EMPTY.dds,RT56과 같은 경로가 없는 HOK 고유 자산; provenance 유지,C6350F7333777988E81A426810882A135E0B7752F8F488252D24F9919FEF6780,C6350F7333777988E81A426810882A135E0B7752F8F488252D24F9919FEF6780
gfx/interface/goals/_EMPTY_flag_sample.dds,ASSET_COPY,SHIPPED,no,gfx/interface/goals/_EMPTY_flag_sample.dds,RT56과 같은 경로가 없는 HOK 고유 자산; provenance 유지,3AD04831CE13561021999E4F4E723110629C1A80EB6B94988D3657175D19B4BF,3AD04831CE13561021999E4F4E723110629C1A80EB6B94988D3657175D19B4BF
gfx/interface/goals/_EMPTY_invade_sample.dds,ASSET_COPY,SHIPPED,no,gfx/interface/goals/_EMPTY_invade_sample.dds,RT56과 같은 경로가 없는 HOK 고유 자산; provenance 유지,FD92D26FB7CBF6E0E9AA49DCA3ECDFD83019576CB68681D8BD8336A0308585C8,FD92D26FB7CBF6E0E9AA49DCA3ECDFD83019576CB68681D8BD8336A0308585C8
gfx/interface/goals/focus_attack_manchuria.dds,ASSET_COPY,SHIPPED,no,gfx/interface/goals/focus_attack_manchuria.dds,RT56과 같은 경로가 없는 HOK 고유 자산; provenance 유지,C4946D5231390B9D373D4CED5BC038E5597940E726B3F81F3F78DBC8B30DB983,C4946D5231390B9D373D4CED5BC038E5597940E726B3F81F3F78DBC8B30DB983
gfx/interface/goals/focus_generic_attack_korea.dds,ASSET_COPY,SHIPPED,no,gfx/interface/goals/focus_generic_attack_korea.dds,RT56과 같은 경로가 없는 HOK 고유 자산; provenance 유지,8804F2BE7E0D56457A11B54B6E9AF623532104BFF3A363CA7F9B4AF29EB750FF,8804F2BE7E0D56457A11B54B6E9AF623532104BFF3A363CA7F9B4AF29EB750FF
gfx/interface/goals/focus_generic_befriend_korea.dds,ASSET_COPY,SHIPPED,no,gfx/interface/goals/focus_generic_befriend_korea.dds,RT56과 같은 경로가 없는 HOK 고유 자산; provenance 유지,CF656091167092D34FE4C78BFA5ED74002FA9316D72B2EC87C6A9F4C50CC24A3,CF656091167092D34FE4C78BFA5ED74002FA9316D72B2EC87C6A9F4C50CC24A3
gfx/interface/goals/focus_generic_handshake_with_communist_japan.dds,ASSET_COPY,SHIPPED,no,gfx/interface/goals/focus_generic_handshake_with_communist_japan.dds,RT56과 같은 경로가 없는 HOK 고유 자산; provenance 유지,325131051551C2714CE5306DABBE94A781318F45EE41EAAC8A49F6FF2C6F2D94,325131051551C2714CE5306DABBE94A781318F45EE41EAAC8A49F6FF2C6F2D94
gfx/interface/goals/focus_generic_handshake_with_democratic_japan.dds,ASSET_COPY,SHIPPED,no,gfx/interface/goals/focus_generic_handshake_with_democratic_japan.dds,RT56과 같은 경로가 없는 HOK 고유 자산; provenance 유지,0B4CBBD850A57C6F718B4984F2AAECA17247058098CABDE3698B5D9490BFCAAD,0B4CBBD850A57C6F718B4984F2AAECA17247058098CABDE3698B5D9490BFCAAD
gfx/interface/goals/focus_JAP_demand_sagaren.dds,USE_RT56,OMITTED_OUT_OF_SCOPE,no,(omitted; RT56/vanilla scope retained),runtime 참조가 없는 비한국 일본 focus 자산을 제외,F98B74BB9971F7E0392FC3ECBACB1B1B180AB93FBC3F5B0556BA08E77ECFC8D9,
gfx/interface/goals/focus_JAP_develop_home_island.dds,USE_RT56,OMITTED_OUT_OF_SCOPE,no,(omitted; RT56/vanilla scope retained),runtime 참조가 없는 비한국 일본 focus 자산을 제외,00FCA9A2942B2677CCA4BD692BDA638B7C7DA0FB6681E08963D7B094D4F3CB88,
gfx/interface/goals/focus_JAP_free_election_in_taiwan.dds,USE_RT56,OMITTED_OUT_OF_SCOPE,no,(omitted; RT56/vanilla scope retained),runtime 참조가 없는 비한국 일본 focus 자산을 제외,5A686972B381B6B40D59D48EA29D1D63691B7831549B852D40A2DD79EC8D987E,
gfx/interface/goals/focus_JAP_integrate_nanyo_gunto.dds,USE_RT56,OMITTED_OUT_OF_SCOPE,no,(omitted; RT56/vanilla scope retained),runtime 참조가 없는 비한국 일본 focus 자산을 제외,881ADC6BEA3FC107A160CDC4DE5C448858E9DDBF82C9FEA9D6E168D814FF068A,
gfx/interface/goals/focus_JAP_joint_staff_office.dds,USE_RT56,OMITTED_OUT_OF_SCOPE,no,(omitted; RT56/vanilla scope retained),runtime 참조가 없는 비한국 일본 focus 자산을 제외,005453E51C285384F77B5348DF701DFE1FD4758005B59A5D3E95CE738FF137B5,
gfx/interface/goals/focus_JAP_memories_of_taisho_democracy.dds,USE_RT56,OMITTED_OUT_OF_SCOPE,no,(omitted; RT56/vanilla scope retained),runtime 참조가 없는 비한국 일본 focus 자산을 제외,2B4CDB125B95DE01BB78C8B35AC405119AB1F5EF8BE103B7F733C55090AEE72B,
gfx/interface/goals/focus_JAP_oppose_peace_preservation_law.dds,USE_RT56,OMITTED_OUT_OF_SCOPE,no,(omitted; RT56/vanilla scope retained),runtime 참조가 없는 비한국 일본 focus 자산을 제외,721B723A8ED1F1C27408F531E28D0FD5F2DF9F0AF9E1331E6EE95C86D616A25F,
gfx/interface/goals/focus_JAP_proclaim_the_republic.dds,USE_RT56,OMITTED_OUT_OF_SCOPE,no,(omitted; RT56/vanilla scope retained),runtime 참조가 없는 비한국 일본 focus 자산을 제외,9CA52154155A6DE49AF57AA8D1F000B4EB3FD496DCA55B73C5335651D8C2AE90,
gfx/interface/goals/focus_JAP_purge_the_militarists.dds,USE_RT56,OMITTED_OUT_OF_SCOPE,no,(omitted; RT56/vanilla scope retained),runtime 참조가 없는 비한국 일본 focus 자산을 제외,FA4B1D0A5B2E86AA53BC2F8507F9184C290926E74EFC3E174DEC515AA4313848,
gfx/interface/goals/focus_JAP_rok_jpn_free_trade_agreement.dds,USE_RT56,OMITTED_OUT_OF_SCOPE,no,(omitted; RT56/vanilla scope retained),runtime 참조가 없는 비한국 일본 focus 자산을 제외,0B4F5BA4F4E511E4A9085EDC0F1382470B6E10E0A65F10D96E3688DE51593D4F,
gfx/interface/goals/focus_kor_1.dds,ASSET_COPY,SHIPPED,no,gfx/interface/goals/focus_kor_1.dds,RT56과 같은 경로가 없는 HOK 고유 자산; provenance 유지,4256F154B99EDBD1BC0CCF03B590177B0F39E32AF2104459E00FA93EB827AA6F,4256F154B99EDBD1BC0CCF03B590177B0F39E32AF2104459E00FA93EB827AA6F
gfx/interface/goals/focus_kor_2.dds,ASSET_COPY,SHIPPED,no,gfx/interface/goals/focus_kor_2.dds,RT56과 같은 경로가 없는 HOK 고유 자산; provenance 유지,2C15136FE9109AC05A6F7484378003CDDEA5E82F791BE714B0FC890F832C0BCF,2C15136FE9109AC05A6F7484378003CDDEA5E82F791BE714B0FC890F832C0BCF
gfx/interface/goals/focus_kor_american_bridgehead_in_asia.dds,ASSET_COPY,SHIPPED,no,gfx/interface/goals/focus_kor_american_bridgehead_in_asia.dds,RT56과 같은 경로가 없는 HOK 고유 자산; provenance 유지,E1889341DAFA633BD860D8C51286044F1C05C7DB22FC2B120A9A131D634DDB2B,E1889341DAFA633BD860D8C51286044F1C05C7DB22FC2B120A9A131D634DDB2B
gfx/interface/goals/focus_kor_armored_vanguard.dds,ASSET_COPY,SHIPPED,no,gfx/interface/goals/focus_kor_armored_vanguard.dds,RT56과 같은 경로가 없는 HOK 고유 자산; provenance 유지,D782061B386CACEF2ADA937FA346B28EC8E6C0DA7AEB9486F507C1E11FE7C1D0,D782061B386CACEF2ADA937FA346B28EC8E6C0DA7AEB9486F507C1E11FE7C1D0
gfx/interface/goals/focus_kor_beautiful_country.dds,ASSET_COPY,SHIPPED,no,gfx/interface/goals/focus_kor_beautiful_country.dds,RT56과 같은 경로가 없는 HOK 고유 자산; provenance 유지,F185EFBF2B47285E56FED5816D032F6E8A53413BB5F48B41F9ACC19A9CBA59D8,F185EFBF2B47285E56FED5816D032F6E8A53413BB5F48B41F9ACC19A9CBA59D8
gfx/interface/goals/focus_kor_begin_rearmament.dds,ASSET_COPY,SHIPPED,no,gfx/interface/goals/focus_kor_begin_rearmament.dds,RT56과 같은 경로가 없는 HOK 고유 자산; provenance 유지,44E173E45680CAB9ED599CFB0051DE028576F1BB4B9C2C1626311F2BA94F765A,44E173E45680CAB9ED599CFB0051DE028576F1BB4B9C2C1626311F2BA94F765A
gfx/interface/goals/focus_kor_build_the_gyeryongdae.dds,ASSET_COPY,SHIPPED,no,gfx/interface/goals/focus_kor_build_the_gyeryongdae.dds,RT56과 같은 경로가 없는 HOK 고유 자산; provenance 유지,EB72684396B203CECEFDDB055475FE32121D03D0CB91E99FDFB114518EFBFF58,EB72684396B203CECEFDDB055475FE32121D03D0CB91E99FDFB114518EFBFF58
gfx/interface/goals/focus_kor_call_up_the_rokrf.dds,ASSET_COPY,SHIPPED,no,gfx/interface/goals/focus_kor_call_up_the_rokrf.dds,RT56과 같은 경로가 없는 HOK 고유 자산; provenance 유지,7D57D2F4D94D6E76283DFB07466DEBF32A23518D1F8EB70C5033DD515527F566,7D57D2F4D94D6E76283DFB07466DEBF32A23518D1F8EB70C5033DD515527F566
gfx/interface/goals/focus_kor_central_region_development.dds,ASSET_COPY,SHIPPED,no,gfx/interface/goals/focus_kor_central_region_development.dds,RT56과 같은 경로가 없는 HOK 고유 자산; provenance 유지,412241E3FD132C807DB03911E8E94AC31EAA552B60FBC90494704CA8D1818201,412241E3FD132C807DB03911E8E94AC31EAA552B60FBC90494704CA8D1818201
gfx/interface/goals/focus_kor_central_region_development_commie.dds,ASSET_COPY,SHIPPED,no,gfx/interface/goals/focus_kor_central_region_development_commie.dds,RT56과 같은 경로가 없는 HOK 고유 자산; provenance 유지,88FFA33DD5C5EE70EFCBABD3911152BA06ABA6D4B697A30EAE239D51D133FC36,88FFA33DD5C5EE70EFCBABD3911152BA06ABA6D4B697A30EAE239D51D133FC36
gfx/interface/goals/focus_kor_daehanminguk_gonggun.dds,ASSET_COPY,SHIPPED,no,gfx/interface/goals/focus_kor_daehanminguk_gonggun.dds,RT56과 같은 경로가 없는 HOK 고유 자산; provenance 유지,767ED72D88B0C70DB3D2F08537D580D6E2BD38BDBACE562AF2078C5B90EB9D62,767ED72D88B0C70DB3D2F08537D580D6E2BD38BDBACE562AF2078C5B90EB9D62
gfx/interface/goals/focus_kor_daehanminguk_haegun.dds,ASSET_COPY,SHIPPED,no,gfx/interface/goals/focus_kor_daehanminguk_haegun.dds,RT56과 같은 경로가 없는 HOK 고유 자산; provenance 유지,5DA48749FC23D74665EA9378162A53402E4196954C7E87CD19EDF45936AA6736,5DA48749FC23D74665EA9378162A53402E4196954C7E87CD19EDF45936AA6736
gfx/interface/goals/focus_kor_daehanminguk_mansae.dds,ASSET_COPY,SHIPPED,no,gfx/interface/goals/focus_kor_daehanminguk_mansae.dds,RT56과 같은 경로가 없는 HOK 고유 자산; provenance 유지,995CF43A9A15D1AFDBEB3EE0054B1FBB982DCC03683D2E16E85DC6BAC60434AE,995CF43A9A15D1AFDBEB3EE0054B1FBB982DCC03683D2E16E85DC6BAC60434AE
gfx/interface/goals/focus_kor_daehanminguk_yuggun.dds,ASSET_COPY,SHIPPED,no,gfx/interface/goals/focus_kor_daehanminguk_yuggun.dds,RT56과 같은 경로가 없는 HOK 고유 자산; provenance 유지,CE9FB6167E77CCFC3FFD51AE62BAF06407513A5E51109C94E49354A0AD78A727,CE9FB6167E77CCFC3FFD51AE62BAF06407513A5E51109C94E49354A0AD78A727
gfx/interface/goals/focus_kor_deoksugung_pyeonguihoe.dds,ASSET_COPY,SHIPPED,no,gfx/interface/goals/focus_kor_deoksugung_pyeonguihoe.dds,RT56과 같은 경로가 없는 HOK 고유 자산; provenance 유지,9FC749F85614EE94F39CDD56497E881B4275C62FFD97D4754D862DF976760CE0,9FC749F85614EE94F39CDD56497E881B4275C62FFD97D4754D862DF976760CE0
gfx/interface/goals/focus_kor_deploy_united_states_eighth_army.dds,ASSET_COPY,SHIPPED,no,gfx/interface/goals/focus_kor_deploy_united_states_eighth_army.dds,RT56과 같은 경로가 없는 HOK 고유 자산; provenance 유지,50ABC0C44293CB6343A0B09814A7EFB4C244A60507ABEA7480DEFB057415EED0,50ABC0C44293CB6343A0B09814A7EFB4C244A60507ABEA7480DEFB057415EED0
gfx/interface/goals/focus_kor_devalue_the_won.dds,ASSET_COPY,SHIPPED,no,gfx/interface/goals/focus_kor_devalue_the_won.dds,RT56과 같은 경로가 없는 HOK 고유 자산; provenance 유지,7DD06D7763D846080A996EAEF93CEB05693FDB72826575C50FDE3AD8C0153256,7DD06D7763D846080A996EAEF93CEB05693FDB72826575C50FDE3AD8C0153256
gfx/interface/goals/focus_kor_devalue_the_won_neutie.dds,ASSET_COPY,SHIPPED,no,gfx/interface/goals/focus_kor_devalue_the_won_neutie.dds,RT56과 같은 경로가 없는 HOK 고유 자산; provenance 유지,FDFD5C30C131225CAD0CC50000F4C75A5199804ABA5C8EB37CC515CF8B952791,FDFD5C30C131225CAD0CC50000F4C75A5199804ABA5C8EB37CC515CF8B952791
gfx/interface/goals/focus_kor_empire_of_hwan.dds,ASSET_COPY,SHIPPED,no,gfx/interface/goals/focus_kor_empire_of_hwan.dds,RT56과 같은 경로가 없는 HOK 고유 자산; provenance 유지,C8E92F3EC15DA32B1BD66EEC84EB426E193887C1793471462890AD203497E744,C8E92F3EC15DA32B1BD66EEC84EB426E193887C1793471462890AD203497E744
gfx/interface/goals/focus_kor_establish_dasmfe.dds,ASSET_COPY,SHIPPED,no,gfx/interface/goals/focus_kor_establish_dasmfe.dds,RT56과 같은 경로가 없는 HOK 고유 자산; provenance 유지,C1D821E5D722A6E41BE868633E364799C9141D269A55C827AE0B5564107E4975,C1D821E5D722A6E41BE868633E364799C9141D269A55C827AE0B5564107E4975
gfx/interface/goals/focus_kor_expand_ofn.dds,ASSET_COPY,SHIPPED,no,gfx/interface/goals/focus_kor_expand_ofn.dds,RT56과 같은 경로가 없는 HOK 고유 자산; provenance 유지,77EB9D9579792F77E0644CA8CFF0CB494790D66BCD508CD56AC75BD403D82168,77EB9D9579792F77E0644CA8CFF0CB494790D66BCD508CD56AC75BD403D82168
gfx/interface/goals/focus_kor_fall_of_the_sun.dds,ASSET_COPY,SHIPPED,no,gfx/interface/goals/focus_kor_fall_of_the_sun.dds,RT56과 같은 경로가 없는 HOK 고유 자산; provenance 유지,616C4E0EB11F0A5C17562E424D6E70FFEE3B1C650BA5AC361CD635BD987BB7FC,616C4E0EB11F0A5C17562E424D6E70FFEE3B1C650BA5AC361CD635BD987BB7FC
gfx/interface/goals/focus_kor_first_new_city_plan.dds,ASSET_COPY,SHIPPED,no,gfx/interface/goals/focus_kor_first_new_city_plan.dds,RT56과 같은 경로가 없는 HOK 고유 자산; provenance 유지,57357D7B2EBBC34C0505D11CC92471442C08FA44B6F45EC4406069E990EEBAE0,57357D7B2EBBC34C0505D11CC92471442C08FA44B6F45EC4406069E990EEBAE0
gfx/interface/goals/focus_kor_founding_of_the_asian_union.dds,ASSET_COPY,SHIPPED,no,gfx/interface/goals/focus_kor_founding_of_the_asian_union.dds,RT56과 같은 경로가 없는 HOK 고유 자산; provenance 유지,A31EA2BA3301BCF8F57E666B72A93C595372FB0CF0619081FE2492C1FB8F5AA9,A31EA2BA3301BCF8F57E666B72A93C595372FB0CF0619081FE2492C1FB8F5AA9
gfx/interface/goals/focus_kor_freedom_to_indochina.dds,ASSET_COPY,SHIPPED,no,gfx/interface/goals/focus_kor_freedom_to_indochina.dds,RT56과 같은 경로가 없는 HOK 고유 자산; provenance 유지,1007C6728D4FECECA0754283E56C5B4080CFA36A9EFD7B8E837ADC2088E4D379,1007C6728D4FECECA0754283E56C5B4080CFA36A9EFD7B8E837ADC2088E4D379
gfx/interface/goals/focus_kor_freedom_to_indonesia.dds,ASSET_COPY,SHIPPED,no,gfx/interface/goals/focus_kor_freedom_to_indonesia.dds,RT56과 같은 경로가 없는 HOK 고유 자산; provenance 유지,0C8E4B6BA8D562394D5C23A77C5E1D4D408BFDB1C82533467DCC3D8AE3BEA4E7,0C8E4B6BA8D562394D5C23A77C5E1D4D408BFDB1C82533467DCC3D8AE3BEA4E7
gfx/interface/goals/focus_kor_freedom_to_malaysia.dds,ASSET_COPY,SHIPPED,no,gfx/interface/goals/focus_kor_freedom_to_malaysia.dds,RT56과 같은 경로가 없는 HOK 고유 자산; provenance 유지,EDAEBBF34707319EC931751FABF0FCC583E2388E0E6D1F5D103398BF25A3B547,EDAEBBF34707319EC931751FABF0FCC583E2388E0E6D1F5D103398BF25A3B547
gfx/interface/goals/focus_kor_freedom_to_philippines.dds,ASSET_COPY,SHIPPED,no,gfx/interface/goals/focus_kor_freedom_to_philippines.dds,RT56과 같은 경로가 없는 HOK 고유 자산; provenance 유지,B9FD79B35277796CB653CE36D7A42BD76C7554961533C8143B276A5A0246F6A8,B9FD79B35277796CB653CE36D7A42BD76C7554961533C8143B276A5A0246F6A8
gfx/interface/goals/focus_kor_freedom_to_ryukyu_and_ainu.dds,ASSET_COPY,SHIPPED,no,gfx/interface/goals/focus_kor_freedom_to_ryukyu_and_ainu.dds,RT56과 같은 경로가 없는 HOK 고유 자산; provenance 유지,A75AD2072EA9DFE2ED3215EF685F0A5747A396F38FBC4F524FA886E2AD12FA2F,A75AD2072EA9DFE2ED3215EF685F0A5747A396F38FBC4F524FA886E2AD12FA2F
gfx/interface/goals/focus_kor_future_of_the_republic.dds,ASSET_COPY,SHIPPED,no,gfx/interface/goals/focus_kor_future_of_the_republic.dds,RT56과 같은 경로가 없는 HOK 고유 자산; provenance 유지,71DAAAB9AA1F2B3B3402C0014A64215990ED4EECCA66F8709B474405721E01A3,71DAAAB9AA1F2B3B3402C0014A64215990ED4EECCA66F8709B474405721E01A3
gfx/interface/goals/focus_kor_ganghanchingu_daehan_yuggun.dds,ASSET_COPY,SHIPPED,no,gfx/interface/goals/focus_kor_ganghanchingu_daehan_yuggun.dds,RT56과 같은 경로가 없는 HOK 고유 자산; provenance 유지,39B63FCF9EC56B54DCD05E888C0A280B5031A259B63A8C70B92EEE5CB9EDD99E,39B63FCF9EC56B54DCD05E888C0A280B5031A259B63A8C70B92EEE5CB9EDD99E
gfx/interface/goals/focus_kor_gyeongbu_expressway.dds,ASSET_COPY,SHIPPED,no,gfx/interface/goals/focus_kor_gyeongbu_expressway.dds,RT56과 같은 경로가 없는 HOK 고유 자산; provenance 유지,99C74ECB5BFBBD1A876E251015BEA44850C469ABB62FEB0D5A02F2CE32A854DF,99C74ECB5BFBBD1A876E251015BEA44850C469ABB62FEB0D5A02F2CE32A854DF
gfx/interface/goals/focus_kor_gyeongui_expressway.dds,ASSET_COPY,SHIPPED,no,gfx/interface/goals/focus_kor_gyeongui_expressway.dds,RT56과 같은 경로가 없는 HOK 고유 자산; provenance 유지,E99FD1D500D5E30E2A5FA17903F26C8A0FED82CB040E3DE697DEBDB6F2A440FA,E99FD1D500D5E30E2A5FA17903F26C8A0FED82CB040E3DE697DEBDB6F2A440FA
gfx/interface/goals/focus_kor_homeland_defence_special_act.dds,ASSET_COPY,SHIPPED,no,gfx/interface/goals/focus_kor_homeland_defence_special_act.dds,RT56과 같은 경로가 없는 HOK 고유 자산; provenance 유지,97A1B1AC82D2256613FEC71828F70FFFA088A313B24D5781AD58889D465171C5,97A1B1AC82D2256613FEC71828F70FFFA088A313B24D5781AD58889D465171C5
gfx/interface/goals/focus_kor_horang_horang_horang.dds,ASSET_COPY,SHIPPED,no,gfx/interface/goals/focus_kor_horang_horang_horang.dds,RT56과 같은 경로가 없는 HOK 고유 자산; provenance 유지,5E0CA1A285CF4421B9C9B9227E0F311346D30E474BD421C4B5B36CBE89513048,5E0CA1A285CF4421B9C9B9227E0F311346D30E474BD421C4B5B36CBE89513048
gfx/interface/goals/focus_kor_idolization_dangun.dds,ASSET_COPY,SHIPPED,no,gfx/interface/goals/focus_kor_idolization_dangun.dds,RT56과 같은 경로가 없는 HOK 고유 자산; provenance 유지,3B3ADAFC0C415FBDDDB7C521FA35A23AAAD627D8E7E97576B1250EBEC3489A46,3B3ADAFC0C415FBDDDB7C521FA35A23AAAD627D8E7E97576B1250EBEC3489A46
gfx/interface/goals/focus_KOR_ilppong.dds,ASSET_COPY,SHIPPED,no,gfx/interface/goals/focus_KOR_ilppong.dds,RT56과 같은 경로가 없는 HOK 고유 자산; provenance 유지,33CB7E05C1C9835074659A1EBB2D460A21F2919F9BB92AFAE4CED1A40ED9D345,33CB7E05C1C9835074659A1EBB2D460A21F2919F9BB92AFAE4CED1A40ED9D345
gfx/interface/goals/focus_kor_imperial_regent_gyeyeonsu.dds,ASSET_COPY,SHIPPED,no,gfx/interface/goals/focus_kor_imperial_regent_gyeyeonsu.dds,RT56과 같은 경로가 없는 HOK 고유 자산; provenance 유지,580517E01FEBE66505BE62C713BCD787C3CDED85CE6CAB9FA9E563CE2DC0DFD2,580517E01FEBE66505BE62C713BCD787C3CDED85CE6CAB9FA9E563CE2DC0DFD2
gfx/interface/goals/focus_kor_invest_macarthur.dds,ASSET_COPY,SHIPPED,no,gfx/interface/goals/focus_kor_invest_macarthur.dds,RT56과 같은 경로가 없는 HOK 고유 자산; provenance 유지,2BFC7B3EFE743951079CB70606D0084293C62BFC65DEA9BDB513EE49BAE6BD83,2BFC7B3EFE743951079CB70606D0084293C62BFC65DEA9BDB513EE49BAE6BD83
gfx/interface/goals/focus_kor_invitation_jewish.dds,ASSET_COPY,SHIPPED,no,gfx/interface/goals/focus_kor_invitation_jewish.dds,RT56과 같은 경로가 없는 HOK 고유 자산; provenance 유지,4CBF13B5FB61F1CA5FB148A9C5DB8A0F04092433EB4222DE8E955627DA1F0B8F,4CBF13B5FB61F1CA5FB148A9C5DB8A0F04092433EB4222DE8E955627DA1F0B8F
gfx/interface/goals/focus_kor_invitation_white_russian.dds,ASSET_COPY,SHIPPED,no,gfx/interface/goals/focus_kor_invitation_white_russian.dds,RT56과 같은 경로가 없는 HOK 고유 자산; provenance 유지,F926B319D47ADFFB4B7028615C0F44442A52513B8B9174AD50564CB7F079C782,F926B319D47ADFFB4B7028615C0F44442A52513B8B9174AD50564CB7F079C782
gfx/interface/goals/focus_kor_japanese_trade.dds,USE_RT56,OMITTED_OUT_OF_SCOPE,no,(omitted; RT56/vanilla scope retained),runtime 참조가 없는 비한국 donor 자산을 제외,22A53B4C53849131D97F2FD590554EF40ABEE385CF69BF96DEA01768DCB61BE3,
gfx/interface/goals/focus_kor_join_the_allies.dds,ASSET_COPY,SHIPPED,no,gfx/interface/goals/focus_kor_join_the_allies.dds,RT56과 같은 경로가 없는 HOK 고유 자산; provenance 유지,B2CA1CB28EAF9D03AB1BB390C675E14A18FFE750A3CA85D7271363BA8FF8C25B,B2CA1CB28EAF9D03AB1BB390C675E14A18FFE750A3CA85D7271363BA8FF8C25B
gfx/interface/goals/focus_kor_korea_aerospace_industry.dds,ASSET_COPY,SHIPPED,no,gfx/interface/goals/focus_kor_korea_aerospace_industry.dds,RT56과 같은 경로가 없는 HOK 고유 자산; provenance 유지,E22E60E746AAADF6F0BCDA7EF3DDB345C454AFCE79EE8DB873C5B0386E5912E7,E22E60E746AAADF6F0BCDA7EF3DDB345C454AFCE79EE8DB873C5B0386E5912E7
gfx/interface/goals/focus_kor_korea_in_the_world.dds,ASSET_COPY,SHIPPED,no,gfx/interface/goals/focus_kor_korea_in_the_world.dds,RT56과 같은 경로가 없는 HOK 고유 자산; provenance 유지,FF9F52B4837D3974495BD8DB2D875E7E305061893B5EE28BE3551CFD0018CB61,FF9F52B4837D3974495BD8DB2D875E7E305061893B5EE28BE3551CFD0018CB61
gfx/interface/goals/focus_kor_korea_park_heon_young_as_the_leader.dds,ASSET_COPY,SHIPPED,no,gfx/interface/goals/focus_kor_korea_park_heon_young_as_the_leader.dds,RT56과 같은 경로가 없는 HOK 고유 자산; provenance 유지,A73782B80D88241252271390EF2968DDF1E939E3BB8E673E44FD98F88B7C2CB4,A73782B80D88241252271390EF2968DDF1E939E3BB8E673E44FD98F88B7C2CB4
gfx/interface/goals/focus_kor_korea_reigns_above_the_world.dds,ASSET_COPY,SHIPPED,no,gfx/interface/goals/focus_kor_korea_reigns_above_the_world.dds,RT56과 같은 경로가 없는 HOK 고유 자산; provenance 유지,EF56B44699534931B852A43C05A19FE180ACF91947DCA39C74C70193218FCA1C,EF56B44699534931B852A43C05A19FE180ACF91947DCA39C74C70193218FCA1C
gfx/interface/goals/focus_kor_korea_yeo_woon_hyung_as_the_leader.dds,ASSET_COPY,SHIPPED,no,gfx/interface/goals/focus_kor_korea_yeo_woon_hyung_as_the_leader.dds,RT56과 같은 경로가 없는 HOK 고유 자산; provenance 유지,D3C4E49AF2B7C571FAA4060CC48EE6D066051B8D11F7DE12A0476C5FE36933B4,D3C4E49AF2B7C571FAA4060CC48EE6D066051B8D11F7DE12A0476C5FE36933B4
gfx/interface/goals/focus_kor_korean_dream.dds,ASSET_COPY,SHIPPED,no,gfx/interface/goals/focus_kor_korean_dream.dds,RT56과 같은 경로가 없는 HOK 고유 자산; provenance 유지,A301EE4C0516CEC0C58CA5F3155C5CABC5182E348E81C353EFC799EA630BF7FC,A301EE4C0516CEC0C58CA5F3155C5CABC5182E348E81C353EFC799EA630BF7FC
gfx/interface/goals/focus_kor_korean_ming_empire.dds,ASSET_COPY,SHIPPED,no,gfx/interface/goals/focus_kor_korean_ming_empire.dds,RT56과 같은 경로가 없는 HOK 고유 자산; provenance 유지,F6D12D3A326453692C851EE9757B9BFACB925D2129BD87E086BBA1D8AB89AFA4,F6D12D3A326453692C851EE9757B9BFACB925D2129BD87E086BBA1D8AB89AFA4
gfx/interface/goals/focus_kor_korean_neutrality.dds,ASSET_COPY,SHIPPED,no,gfx/interface/goals/focus_kor_korean_neutrality.dds,RT56과 같은 경로가 없는 HOK 고유 자산; provenance 유지,800B7D22150919474B112CFEFEAD17697875ED799B9912A054ADDCE12FFF9502,800B7D22150919474B112CFEFEAD17697875ED799B9912A054ADDCE12FFF9502
gfx/interface/goals/focus_kor_korean_volunteer_corps.dds,ASSET_COPY,SHIPPED,no,gfx/interface/goals/focus_kor_korean_volunteer_corps.dds,RT56과 같은 경로가 없는 HOK 고유 자산; provenance 유지,306F8EDCCE79CB2620362E24AC7121B1CC6B410D64AEB0E864E77144CDE0CD98,306F8EDCCE79CB2620362E24AC7121B1CC6B410D64AEB0E864E77144CDE0CD98
gfx/interface/goals/focus_kor_lee_seong_gyes_resurrection.dds,ASSET_COPY,SHIPPED,no,gfx/interface/goals/focus_kor_lee_seong_gyes_resurrection.dds,RT56과 같은 경로가 없는 HOK 고유 자산; provenance 유지,5D2DB65A514BADF69762F04BA668D3D7A6DD4DE8000BDBAACDC8500807FAA20D,5D2DB65A514BADF69762F04BA668D3D7A6DD4DE8000BDBAACDC8500807FAA20D
gfx/interface/goals/focus_kor_manchulus.dds,ASSET_COPY,SHIPPED,no,gfx/interface/goals/focus_kor_manchulus.dds,RT56과 같은 경로가 없는 HOK 고유 자산; provenance 유지,CDB1814D2F8F75BFE8E08F07B10DEA371D69354871F7A95BF2AC0858BE806E10,CDB1814D2F8F75BFE8E08F07B10DEA371D69354871F7A95BF2AC0858BE806E10
gfx/interface/goals/focus_kor_memory_of_goguryeo.dds,ASSET_COPY,SHIPPED,no,gfx/interface/goals/focus_kor_memory_of_goguryeo.dds,RT56과 같은 경로가 없는 HOK 고유 자산; provenance 유지,330912D3A937D889EE512C7B547ECC9E648E68A25EC5CCF3A9057CBB80A794D8,330912D3A937D889EE512C7B547ECC9E648E68A25EC5CCF3A9057CBB80A794D8
gfx/interface/goals/focus_kor_modern_sejong_the_great.dds,ASSET_COPY,SHIPPED,no,gfx/interface/goals/focus_kor_modern_sejong_the_great.dds,RT56과 같은 경로가 없는 HOK 고유 자산; provenance 유지,CFE48D51261BA40294696D23ECAA8841E71FC8485916021FBED32EB04102B242,CFE48D51261BA40294696D23ECAA8841E71FC8485916021FBED32EB04102B242
gfx/interface/goals/focus_kor_multiethnic_embrace.dds,ASSET_COPY,SHIPPED,no,gfx/interface/goals/focus_kor_multiethnic_embrace.dds,RT56과 같은 경로가 없는 HOK 고유 자산; provenance 유지,CA04B0E5B7F06C975EF89A96261583FA0DF7955FB3E0CC447B3FD304A48CE106,CA04B0E5B7F06C975EF89A96261583FA0DF7955FB3E0CC447B3FD304A48CE106
gfx/interface/goals/focus_kor_national_unity.dds,ASSET_COPY,SHIPPED,no,gfx/interface/goals/focus_kor_national_unity.dds,RT56과 같은 경로가 없는 HOK 고유 자산; provenance 유지,E15FED7E18D30D587D83736444A269B59D74433C9663CA05E61F156A59743303,E15FED7E18D30D587D83736444A269B59D74433C9663CA05E61F156A59743303
gfx/interface/goals/focus_kor_national_unity_old.dds,ASSET_COPY,SHIPPED,no,gfx/interface/goals/focus_kor_national_unity_old.dds,RT56과 같은 경로가 없는 HOK 고유 자산; provenance 유지,0C550997C06D6A40662FFB1FDB2201DCCDC62FA2ABDE7C1658E54ABD466365FD,0C550997C06D6A40662FFB1FDB2201DCCDC62FA2ABDE7C1658E54ABD466365FD
gfx/interface/goals/focus_kor_nomination_prime_minister.dds,ASSET_COPY,SHIPPED,no,gfx/interface/goals/focus_kor_nomination_prime_minister.dds,RT56과 같은 경로가 없는 HOK 고유 자산; provenance 유지,FDA384942B901C20D8FB1BB627ECADCAB4597C5E94A89ACB3EA1887F35FDE505,FDA384942B901C20D8FB1BB627ECADCAB4597C5E94A89ACB3EA1887F35FDE505
gfx/interface/goals/focus_kor_northern_development.dds,ASSET_COPY,SHIPPED,no,gfx/interface/goals/focus_kor_northern_development.dds,RT56과 같은 경로가 없는 HOK 고유 자산; provenance 유지,B0ECBF91C16E7683889098D43F739B25CFDBE85EE4B0287434507B2F6BF1B0B1,B0ECBF91C16E7683889098D43F739B25CFDBE85EE4B0287434507B2F6BF1B0B1
gfx/interface/goals/focus_kor_northern_development_commie.dds,ASSET_COPY,SHIPPED,no,gfx/interface/goals/focus_kor_northern_development_commie.dds,RT56과 같은 경로가 없는 HOK 고유 자산; provenance 유지,CB96442E2F938FEE069A7D2D422895015475C1ED46598B426AE768E986954F55,CB96442E2F938FEE069A7D2D422895015475C1ED46598B426AE768E986954F55
gfx/interface/goals/focus_kor_oppose_gyeyeonsu.dds,ASSET_COPY,SHIPPED,no,gfx/interface/goals/focus_kor_oppose_gyeyeonsu.dds,RT56과 같은 경로가 없는 HOK 고유 자산; provenance 유지,93742F1C8A9D789ADDB4E68D80FD00B997FF023DE9042CE3AF6F90350A0A92CD,93742F1C8A9D789ADDB4E68D80FD00B997FF023DE9042CE3AF6F90350A0A92CD
gfx/interface/goals/focus_kor_organization_of_free_nations.dds,ASSET_COPY,SHIPPED,no,gfx/interface/goals/focus_kor_organization_of_free_nations.dds,RT56과 같은 경로가 없는 HOK 고유 자산; provenance 유지,506922B97B323FEF8964F4207B1EF731B52FEA2FB482577EBE34C9A91D0F5ACE,506922B97B323FEF8964F4207B1EF731B52FEA2FB482577EBE34C9A91D0F5ACE
gfx/interface/goals/focus_kor_organization_rokasf.dds,ASSET_COPY,SHIPPED,no,gfx/interface/goals/focus_kor_organization_rokasf.dds,RT56과 같은 경로가 없는 HOK 고유 자산; provenance 유지,6A373811EDD20AF6F6F63D45A73F542D9A3A06BE6EEE83CA62A1ABF660E2C687,6A373811EDD20AF6F6F63D45A73F542D9A3A06BE6EEE83CA62A1ABF660E2C687
gfx/interface/goals/focus_kor_organization_rokmc.dds,ASSET_COPY,SHIPPED,no,gfx/interface/goals/focus_kor_organization_rokmc.dds,RT56과 같은 경로가 없는 HOK 고유 자산; provenance 유지,BAA09131CCDAE3367D8219CB31F1C9763062057E6CAC5D4FE5ECF0E1B28D3DEE,BAA09131CCDAE3367D8219CB31F1C9763062057E6CAC5D4FE5ECF0E1B28D3DEE
gfx/interface/goals/focus_kor_overthrow_the_chinese_dictators.dds,ASSET_COPY,SHIPPED,no,gfx/interface/goals/focus_kor_overthrow_the_chinese_dictators.dds,RT56과 같은 경로가 없는 HOK 고유 자산; provenance 유지,21ECD0DD6BDA88B7E66DA2BD1490EDFC1874D3700145F6B7861BA08B914AFAAE,21ECD0DD6BDA88B7E66DA2BD1490EDFC1874D3700145F6B7861BA08B914AFAAE
gfx/interface/goals/focus_kor_president_kim_gu.dds,ASSET_COPY,SHIPPED,no,gfx/interface/goals/focus_kor_president_kim_gu.dds,RT56과 같은 경로가 없는 HOK 고유 자산; provenance 유지,829A9BBB3D25BDC05EF31247E828C08EE007452AACA9C2E8807EFF70D373A612,829A9BBB3D25BDC05EF31247E828C08EE007452AACA9C2E8807EFF70D373A612
gfx/interface/goals/focus_kor_proclaim_federation_of_balhae.dds,ASSET_COPY,SHIPPED,no,gfx/interface/goals/focus_kor_proclaim_federation_of_balhae.dds,RT56과 같은 경로가 없는 HOK 고유 자산; provenance 유지,D89E9839CAB75C84C7584AB2CA2C3F01FCECBDA86EACF81B3FC234B65B7DB721,D89E9839CAB75C84C7584AB2CA2C3F01FCECBDA86EACF81B3FC234B65B7DB721
gfx/interface/goals/focus_kor_proclaim_peoples_republic_of_korea.dds,ASSET_COPY,SHIPPED,no,gfx/interface/goals/focus_kor_proclaim_peoples_republic_of_korea.dds,RT56과 같은 경로가 없는 HOK 고유 자산; provenance 유지,C7B44E6A0717E2E01E70E918F3952D1F35A1A0F12DFB04326DAAB7616D4844EB,C7B44E6A0717E2E01E70E918F3952D1F35A1A0F12DFB04326DAAB7616D4844EB
gfx/interface/goals/focus_kor_reconstruction_confusian_order.dds,ASSET_COPY,SHIPPED,no,gfx/interface/goals/focus_kor_reconstruction_confusian_order.dds,RT56과 같은 경로가 없는 HOK 고유 자산; provenance 유지,679160C8C8E58D155D74ADF7966A6970C19A8C93E424EE18E670C91F2960A69F,679160C8C8E58D155D74ADF7966A6970C19A8C93E424EE18E670C91F2960A69F
gfx/interface/goals/focus_kor_republic_of_yamato.dds,ASSET_COPY,SHIPPED,no,gfx/interface/goals/focus_kor_republic_of_yamato.dds,RT56과 같은 경로가 없는 HOK 고유 자산; provenance 유지,0CAE322CFE5A24A3866518169D7E72437825F1DE3CD953388DAA7CD3459D5449,0CAE322CFE5A24A3866518169D7E72437825F1DE3CD953388DAA7CD3459D5449
gfx/interface/goals/focus_kor_return_of_the_king.dds,ASSET_COPY,SHIPPED,no,gfx/interface/goals/focus_kor_return_of_the_king.dds,RT56과 같은 경로가 없는 HOK 고유 자산; provenance 유지,E5B13F8E6AFEDDA5114D19DA30FC2DE0F55F862A93E34DC3363106D5A918FC6D,E5B13F8E6AFEDDA5114D19DA30FC2DE0F55F862A93E34DC3363106D5A918FC6D
gfx/interface/goals/focus_KOR_revenge_samjeondo.dds,ASSET_COPY,SHIPPED,no,gfx/interface/goals/focus_KOR_revenge_samjeondo.dds,RT56과 같은 경로가 없는 HOK 고유 자산; provenance 유지,27C48B1BA18EB6A2F0E9AF3FE692404A2C36C466DB32649A5F534626DEF02B4D,27C48B1BA18EB6A2F0E9AF3FE692404A2C36C466DB32649A5F534626DEF02B4D
gfx/interface/goals/focus_kor_revive_bibyeonsa.dds,ASSET_COPY,SHIPPED,no,gfx/interface/goals/focus_kor_revive_bibyeonsa.dds,RT56과 같은 경로가 없는 HOK 고유 자산; provenance 유지,33E4E78F234C443EA1877B960D1DCB3651CDF141A2D829485BE74D89FB3CCD35,33E4E78F234C443EA1877B960D1DCB3651CDF141A2D829485BE74D89FB3CCD35
gfx/interface/goals/focus_kor_revive_of_goguryo.dds,ASSET_COPY,SHIPPED,no,gfx/interface/goals/focus_kor_revive_of_goguryo.dds,RT56과 같은 경로가 없는 HOK 고유 자산; provenance 유지,8F233CF227E3CF8118FFD0BE70353C60A14507DD14C987DF8F754590048BBBCC,8F233CF227E3CF8118FFD0BE70353C60A14507DD14C987DF8F754590048BBBCC
gfx/interface/goals/focus_KOR_rok_roc_alliance.dds,ASSET_COPY,SHIPPED,no,gfx/interface/goals/focus_KOR_rok_roc_alliance.dds,RT56과 같은 경로가 없는 HOK 고유 자산; provenance 유지,DE01C1C4B08734D66240059BF117B008103C6F2150B09A31771AEAD89E8CF7F5,DE01C1C4B08734D66240059BF117B008103C6F2150B09A31771AEAD89E8CF7F5
gfx/interface/goals/focus_kor_royal_guards_division.dds,ASSET_COPY,SHIPPED,no,gfx/interface/goals/focus_kor_royal_guards_division.dds,RT56과 같은 경로가 없는 HOK 고유 자산; provenance 유지,519BE490A5170DAF991F7D44175E3E26B747829D546FCC7DF9111B32D0189D13,519BE490A5170DAF991F7D44175E3E26B747829D546FCC7DF9111B32D0189D13
gfx/interface/goals/focus_kor_saemaeul_undong.dds,ASSET_COPY,SHIPPED,no,gfx/interface/goals/focus_kor_saemaeul_undong.dds,RT56과 같은 경로가 없는 HOK 고유 자산; provenance 유지,6D79CB3009DC33B505AB58AFB4F6445B270DB0E69D10856E96B40988E03EC06C,6D79CB3009DC33B505AB58AFB4F6445B270DB0E69D10856E96B40988E03EC06C
gfx/interface/goals/focus_kor_saemaeul_undong_commie.dds,ASSET_COPY,SHIPPED,no,gfx/interface/goals/focus_kor_saemaeul_undong_commie.dds,RT56과 같은 경로가 없는 HOK 고유 자산; provenance 유지,232670D07D3651E2A94CAE28BCE8F48FBCEEE88D16F0D22EB9B8926C7AC47695,232670D07D3651E2A94CAE28BCE8F48FBCEEE88D16F0D22EB9B8926C7AC47695
gfx/interface/goals/focus_kor_samchung_re_education_camp.dds,ASSET_COPY,SHIPPED,no,gfx/interface/goals/focus_kor_samchung_re_education_camp.dds,RT56과 같은 경로가 없는 HOK 고유 자산; provenance 유지,E125D602DDA57756F7B26AB82C28A256752FE1C5A0FDBB2953FFABC6AEA2E3B3,E125D602DDA57756F7B26AB82C28A256752FE1C5A0FDBB2953FFABC6AEA2E3B3
gfx/interface/goals/focus_kor_seoul_national_university_expansion.dds,ASSET_COPY,SHIPPED,no,gfx/interface/goals/focus_kor_seoul_national_university_expansion.dds,RT56과 같은 경로가 없는 HOK 고유 자산; provenance 유지,8B0A3E83DA4C7BD03322356450FB04C2EAD5148F847A49637B9423414234E82A,8B0A3E83DA4C7BD03322356450FB04C2EAD5148F847A49637B9423414234E82A
gfx/interface/goals/focus_kor_southern_development.dds,ASSET_COPY,SHIPPED,no,gfx/interface/goals/focus_kor_southern_development.dds,RT56과 같은 경로가 없는 HOK 고유 자산; provenance 유지,B00AC3D99BABA469DDFEA4A7F5E5147784686EE09C9383A7E16E87FE252C6897,B00AC3D99BABA469DDFEA4A7F5E5147784686EE09C9383A7E16E87FE252C6897
gfx/interface/goals/focus_kor_southern_development_commie.dds,ASSET_COPY,SHIPPED,no,gfx/interface/goals/focus_kor_southern_development_commie.dds,RT56과 같은 경로가 없는 HOK 고유 자산; provenance 유지,2BED9425A3C537B3292F6B20E06C5E357AB334A384C392E09399BF8DDBA1EE64,2BED9425A3C537B3292F6B20E06C5E357AB334A384C392E09399BF8DDBA1EE64
gfx/interface/goals/focus_kor_support_fin.dds,ASSET_COPY,SHIPPED,no,gfx/interface/goals/focus_kor_support_fin.dds,RT56과 같은 경로가 없는 HOK 고유 자산; provenance 유지,A7DBEFCCF7223B8103313B97A51E436C14E66C743EDABC16BB5B5C1195DBD553,A7DBEFCCF7223B8103313B97A51E436C14E66C743EDABC16BB5B5C1195DBD553
gfx/interface/goals/focus_kor_syngman_rhee_reelected.dds,ASSET_COPY,SHIPPED,no,gfx/interface/goals/focus_kor_syngman_rhee_reelected.dds,RT56과 같은 경로가 없는 HOK 고유 자산; provenance 유지,04AA3E1D2CF3FE070867A496502C845D714BB31C7CAAFD2A9B091A7E97CD67E6,04AA3E1D2CF3FE070867A496502C845D714BB31C7CAAFD2A9B091A7E97CD67E6
gfx/interface/goals/focus_kor_the_hwan_world_order.dds,ASSET_COPY,SHIPPED,no,gfx/interface/goals/focus_kor_the_hwan_world_order.dds,RT56과 같은 경로가 없는 HOK 고유 자산; provenance 유지,2C20B29F492F7221767FCB921F1DBC4F6C55881949A8F8F93DE047C9A86B14DA,2C20B29F492F7221767FCB921F1DBC4F6C55881949A8F8F93DE047C9A86B14DA
gfx/interface/goals/focus_kor_the_last_empire.dds,ASSET_COPY,SHIPPED,no,gfx/interface/goals/focus_kor_the_last_empire.dds,RT56과 같은 경로가 없는 HOK 고유 자산; provenance 유지,138C141F2289B9EE748CD748751B77AE38BFE133D028981B3116EA8A5E5CDFFC,138C141F2289B9EE748CD748751B77AE38BFE133D028981B3116EA8A5E5CDFFC
gfx/interface/goals/focus_kor_the_vanguard_of_asian_democracy.dds,ASSET_COPY,SHIPPED,no,gfx/interface/goals/focus_kor_the_vanguard_of_asian_democracy.dds,RT56과 같은 경로가 없는 HOK 고유 자산; provenance 유지,B23B60B13E7E5D26C015F72A8A7CFC9C6A68BA41ABE0B71C6DEC0DEFBFC92710,B23B60B13E7E5D26C015F72A8A7CFC9C6A68BA41ABE0B71C6DEC0DEFBFC92710
gfx/interface/goals/focus_kor_threelegged_boys.dds,ASSET_COPY,SHIPPED,no,gfx/interface/goals/focus_kor_threelegged_boys.dds,RT56과 같은 경로가 없는 HOK 고유 자산; provenance 유지,DA533175295F1E99F45C10AAB4DC5AD8DC098C8C2C125B8D88C3682CD6182420,DA533175295F1E99F45C10AAB4DC5AD8DC098C8C2C125B8D88C3682CD6182420
gfx/interface/goals/focus_KOR_threelegged_five_spirits.dds,ASSET_COPY,SHIPPED,no,gfx/interface/goals/focus_KOR_threelegged_five_spirits.dds,RT56과 같은 경로가 없는 HOK 고유 자산; provenance 유지,6CA6EF9D3AFC94052CB91DFCF221CFE130AFBDD09E3ED68B3F27454F5A2AB7CB,6CA6EF9D3AFC94052CB91DFCF221CFE130AFBDD09E3ED68B3F27454F5A2AB7CB
gfx/interface/goals/focus_kor_urihwangsilsaranghoe.dds,ASSET_COPY,SHIPPED,no,gfx/interface/goals/focus_kor_urihwangsilsaranghoe.dds,RT56과 같은 경로가 없는 HOK 고유 자산; provenance 유지,A42850E9C7E1979AA6C04822D501A170CE6DA1F62699978272E1BD7F26609B70,A42850E9C7E1979AA6C04822D501A170CE6DA1F62699978272E1BD7F26609B70
gfx/interface/goals/focus_kor_vision_1950.dds,ASSET_COPY,SHIPPED,no,gfx/interface/goals/focus_kor_vision_1950.dds,RT56과 같은 경로가 없는 HOK 고유 자산; provenance 유지,C4EA78F573F3FD70F745B497CAD02B9A57E64A6F73B312539881C9E1EA463618,C4EA78F573F3FD70F745B497CAD02B9A57E64A6F73B312539881C9E1EA463618
gfx/interface/ideas/empty.dds,ASSET_COPY,SHIPPED,no,gfx/interface/ideas/empty.dds,RT56과 같은 경로가 없는 HOK 고유 자산; provenance 유지,669845366570F7FDC66D86B9FB089EB7F44F26624F7D1B7F4B553A4658291496,669845366570F7FDC66D86B9FB089EB7F44F26624F7D1B7F4B553A4658291496
gfx/interface/ideas/empty2.dds,ASSET_COPY,SHIPPED,no,gfx/interface/ideas/empty2.dds,RT56과 같은 경로가 없는 HOK 고유 자산; provenance 유지,EAEB27B25FB57DB013ABA019BDE9430161B3DFCA709C718916AD13E7BADBC175,EAEB27B25FB57DB013ABA019BDE9430161B3DFCA709C718916AD13E7BADBC175
gfx/interface/ideas/empty3.dds,ASSET_COPY,SHIPPED,no,gfx/interface/ideas/empty3.dds,RT56과 같은 경로가 없는 HOK 고유 자산; provenance 유지,5868E38A16CB2CF18556DD591E7656302A15771C7C7294666C7F5517CBD4BB4B,5868E38A16CB2CF18556DD591E7656302A15771C7C7294666C7F5517CBD4BB4B
gfx/interface/ideas/idea_jap_joint_staff_office.dds,USE_RT56,OMITTED_OUT_OF_SCOPE,no,(omitted; RT56/vanilla scope retained),runtime 참조가 없는 비한국 donor 자산을 제외,26CC7E59A34690FF998EE0B1F221CD52B0E88B986B86B548CCB7A6FB094DB34A,
gfx/interface/ideas/idea_jap_tachikawa.dds,USE_RT56,OMITTED_OUT_OF_SCOPE,no,(omitted; RT56/vanilla scope retained),runtime 참조가 없는 비한국 donor 자산을 제외,CEE214CC365663A6C93520B7C0DAFEF6E9AAE9EA4E54680209B205AAF548E4C5,
gfx/interface/ideas/idea_Japan_Masatomi_Kimura.dds,USE_RT56,OMITTED_OUT_OF_SCOPE,no,(omitted; RT56/vanilla scope retained),runtime 참조가 없는 비한국 donor 자산을 제외,8248BD3281AA09D7E81D868443BB442A32590B43A3C4B440FA9FFAE64A25317C,
gfx/interface/ideas/idea_Japan_Mitsumasa_Yonai.dds,USE_RT56,OMITTED_OUT_OF_SCOPE,no,(omitted; RT56/vanilla scope retained),runtime 참조가 없는 비한국 donor 자산을 제외,E4342DF4250086D29DF24AC74FBAE48D5D15EC1D3EE6DAF1BDC537F26E7DCD83,
gfx/interface/ideas/idea_Japan_Renya_Mutaguchi.dds,USE_RT56,OMITTED_OUT_OF_SCOPE,no,(omitted; RT56/vanilla scope retained),runtime 참조가 없는 비한국 donor 자산을 제외,4880E53F8B7595E1C643505CEDC17E5B9798EAC5EC1D8236CE2389AA47BAB5A7,
gfx/interface/ideas/idea_Japan_Shin_Yoshida.dds,USE_RT56,OMITTED_OUT_OF_SCOPE,no,(omitted; RT56/vanilla scope retained),runtime 참조가 없는 비한국 donor 자산을 제외,53C12019A2AD4F1243FCD9EEE18BE5FFDFAD5543CBCA58F4AE3F7160EC61AAA3,
gfx/interface/ideas/idea_Japan_Sigesaburo_miyazaki.dds,USE_RT56,OMITTED_OUT_OF_SCOPE,no,(omitted; RT56/vanilla scope retained),runtime 참조가 없는 비한국 donor 자산을 제외,C5BEEDE952EE6599C23044389F297B8BD6BF7C43357B1BDFD8E0C575BEF5C735,
gfx/interface/ideas/idea_Japan_Tadamichi_kuribayashi.dds,USE_RT56,OMITTED_OUT_OF_SCOPE,no,(omitted; RT56/vanilla scope retained),runtime 참조가 없는 비한국 donor 자산을 제외,EB70527B6693C0754C2940A30652C5A743013164CBC312EF6354F4FE03A0D354,
gfx/interface/ideas/idea_Japan_Tamon_Yamaguchi.dds,USE_RT56,OMITTED_OUT_OF_SCOPE,no,(omitted; RT56/vanilla scope retained),runtime 참조가 없는 비한국 donor 자산을 제외,ACE8316E57EF6AEDC00B101F4F6A3BA5226E681B5F033F0231FC1F6FC7381302,
gfx/interface/ideas/idea_kor_afab.dds,ASSET_COPY,SHIPPED,no,gfx/interface/ideas/idea_kor_afab.dds,RT56과 같은 경로가 없는 HOK 고유 자산; provenance 유지,BA3D4FA0C8ED3B443F919799C0D29C0674F73C909C491815F4635FBA2DA92CDE,BA3D4FA0C8ED3B443F919799C0D29C0674F73C909C491815F4635FBA2DA92CDE
gfx/interface/ideas/idea_kor_armed_forces_intelligence_command.dds,ASSET_COPY,SHIPPED,no,gfx/interface/ideas/idea_kor_armed_forces_intelligence_command.dds,RT56과 같은 경로가 없는 HOK 고유 자산; provenance 유지,200F78A4388A3F35CB5EAE2C632F417350E4F158593FAE38DFD9EB22AD8B77B7,200F78A4388A3F35CB5EAE2C632F417350E4F158593FAE38DFD9EB22AD8B77B7
gfx/interface/ideas/idea_KOR_Beomdo_Hong.dds,ASSET_COPY,SHIPPED,no,gfx/interface/ideas/idea_KOR_Beomdo_Hong.dds,RT56과 같은 경로가 없는 HOK 고유 자산; provenance 유지,7E0153DC30C0814A19D0CA65A7A49C689C237754AE4C047AA2EA9D759442E995,7E0153DC30C0814A19D0CA65A7A49C689C237754AE4C047AA2EA9D759442E995
gfx/interface/ideas/idea_KOR_beomseok_lee.dds,ASSET_COPY,SHIPPED,no,gfx/interface/ideas/idea_KOR_beomseok_lee.dds,RT56과 같은 경로가 없는 HOK 고유 자산; provenance 유지,E9BA090C07991EF3B82E8E778422736454FB74E62F7ED055D4D27C4D3A1B5459,E9BA090C07991EF3B82E8E778422736454FB74E62F7ED055D4D27C4D3A1B5459
gfx/interface/ideas/idea_KOR_Changho_Ahn.dds,ASSET_COPY,SHIPPED,no,gfx/interface/ideas/idea_KOR_Changho_Ahn.dds,RT56과 같은 경로가 없는 HOK 고유 자산; provenance 유지,001A466C6E196E1000611ED0323BF485B2213EA66F974520D157545D77C4D461,001A466C6E196E1000611ED0323BF485B2213EA66F974520D157545D77C4D461
gfx/interface/ideas/idea_KOR_changnam_ahn.dds,ASSET_COPY,SHIPPED,no,gfx/interface/ideas/idea_KOR_changnam_ahn.dds,RT56과 같은 경로가 없는 HOK 고유 자산; provenance 유지,F4FB2DF57627A9D9FE481333BC69211D9CD2D90D90ABC2634EA6BA6C97D908ED,F4FB2DF57627A9D9FE481333BC69211D9CD2D90D90ABC2634EA6BA6C97D908ED
gfx/interface/ideas/idea_KOR_Cheongcheon_Ji.dds,ASSET_COPY,SHIPPED,no,gfx/interface/ideas/idea_KOR_Cheongcheon_Ji.dds,RT56과 같은 경로가 없는 HOK 고유 자산; provenance 유지,DA3C9D8328071CEE338C49588A614A442696ADBACD9144B247261C0A1B6F7080,DA3C9D8328071CEE338C49588A614A442696ADBACD9144B247261C0A1B6F7080
gfx/interface/ideas/idea_kor_daehanjoseongongsa.dds,ASSET_COPY,SHIPPED,no,gfx/interface/ideas/idea_kor_daehanjoseongongsa.dds,RT56과 같은 경로가 없는 HOK 고유 자산; provenance 유지,0DAC6754B480EA5778F6DC35CE80A8689F649E6886082B3B55208C5B09046D00,0DAC6754B480EA5778F6DC35CE80A8689F649E6886082B3B55208C5B09046D00
gfx/interface/ideas/idea_kor_daewoo.dds,ASSET_COPY,SHIPPED,no,gfx/interface/ideas/idea_kor_daewoo.dds,RT56과 같은 경로가 없는 HOK 고유 자산; provenance 유지,770E564B581D3801AD8994EF95C75753D72E9DAEECA91D97FD35FE0C88EC91B0,770E564B581D3801AD8994EF95C75753D72E9DAEECA91D97FD35FE0C88EC91B0
gfx/interface/ideas/idea_kor_daewoo_ship.dds,ASSET_COPY,SHIPPED,no,gfx/interface/ideas/idea_kor_daewoo_ship.dds,RT56과 같은 경로가 없는 HOK 고유 자산; provenance 유지,995DDF44E4AC327EF1211338F645BC9841DBC93BD35250F43DC65F4D70F327E9,995DDF44E4AC327EF1211338F645BC9841DBC93BD35250F43DC65F4D70F327E9
gfx/interface/ideas/idea_kor_dasmfe.dds,ASSET_COPY,SHIPPED,no,gfx/interface/ideas/idea_kor_dasmfe.dds,RT56과 같은 경로가 없는 HOK 고유 자산; provenance 유지,36C2FBD218958F878A8ECE5E3390A389561089F7F7E495D6EA622532533F719B,36C2FBD218958F878A8ECE5E3390A389561089F7F7E495D6EA622532533F719B
gfx/interface/ideas/idea_KOR_Dongjin_Yeom.dds,ASSET_COPY,SHIPPED,no,gfx/interface/ideas/idea_KOR_Dongjin_Yeom.dds,RT56과 같은 경로가 없는 HOK 고유 자산; provenance 유지,1A2CF598C3D1F59ABE0CED2F26D286091A4E1F42294E66E336AD1E663898AA74,1A2CF598C3D1F59ABE0CED2F26D286091A4E1F42294E66E336AD1E663898AA74
gfx/interface/ideas/idea_KOR_Dongyeol_Yoo.dds,ASSET_COPY,SHIPPED,no,gfx/interface/ideas/idea_KOR_Dongyeol_Yoo.dds,RT56과 같은 경로가 없는 HOK 고유 자산; provenance 유지,57CDC2156BAC6F79816DFCFD90DE6A6CBCB5936F955DA6BCCA28CCCCCBC4DA9E,57CDC2156BAC6F79816DFCFD90DE6A6CBCB5936F955DA6BCCA28CCCCCBC4DA9E
gfx/interface/ideas/idea_kor_doosan.dds,ASSET_COPY,SHIPPED,no,gfx/interface/ideas/idea_kor_doosan.dds,RT56과 같은 경로가 없는 HOK 고유 자산; provenance 유지,ADCF152B02335971306FC6B96B0AADD670E1FF4AF550FB486B1FEEAEF803DF16,ADCF152B02335971306FC6B96B0AADD670E1FF4AF550FB486B1FEEAEF803DF16
gfx/interface/ideas/idea_KOR_Doyeon_Kim.dds,ASSET_COPY,SHIPPED,no,gfx/interface/ideas/idea_KOR_Doyeon_Kim.dds,RT56과 같은 경로가 없는 HOK 고유 자산; provenance 유지,28E50D4A674FCB9F7572C5C56D38222453E61A8B37E2F3D05F0E1B5451A7E457,28E50D4A674FCB9F7572C5C56D38222453E61A8B37E2F3D05F0E1B5451A7E457
gfx/interface/ideas/idea_KOR_Dubong_Kim.dds,ASSET_COPY,SHIPPED,no,gfx/interface/ideas/idea_KOR_Dubong_Kim.dds,RT56과 같은 경로가 없는 HOK 고유 자산; provenance 유지,BB4DC2160A42EB9FACBE79DE4307ACF3142B9A68AD278EF18DBEFD86E929C78A,BB4DC2160A42EB9FACBE79DE4307ACF3142B9A68AD278EF18DBEFD86E929C78A
gfx/interface/ideas/idea_kor_emperor_lee_eun.dds,ASSET_COPY,SHIPPED,no,gfx/interface/ideas/idea_kor_emperor_lee_eun.dds,RT56과 같은 경로가 없는 HOK 고유 자산; provenance 유지,4575E04AFBFDC36C64F737E3776B617903B21197B9BB8A720B079CA44E63E682,4575E04AFBFDC36C64F737E3776B617903B21197B9BB8A720B079CA44E63E682
gfx/interface/ideas/idea_KOR_Eun_Lee_general.dds,ASSET_COPY,SHIPPED,no,gfx/interface/ideas/idea_KOR_Eun_Lee_general.dds,RT56과 같은 경로가 없는 HOK 고유 자산; provenance 유지,417461CD28B3873AAC82B83DEF18A821C923E9B64FEBD1942CF730947AB5E6A7,417461CD28B3873AAC82B83DEF18A821C923E9B64FEBD1942CF730947AB5E6A7
gfx/interface/ideas/idea_KOR_Eungjun_Lee.dds,ASSET_COPY,SHIPPED,no,gfx/interface/ideas/idea_KOR_Eungjun_Lee.dds,RT56과 같은 경로가 없는 HOK 고유 자산; provenance 유지,40300A8480AB93F8445A3FD6D6DEA85E63FA17B9842E7750C6DB666BBADEFCC7,40300A8480AB93F8445A3FD6D6DEA85E63FA17B9842E7750C6DB666BBADEFCC7
gfx/interface/ideas/idea_KOR_generic_land_1.dds,ASSET_COPY,SHIPPED,no,gfx/interface/ideas/idea_KOR_generic_land_1.dds,RT56과 같은 경로가 없는 HOK 고유 자산; provenance 유지,65230211C3EBA16BD20E0F92B004211C0292D2940B9AA2C462F49906C1227CB1,65230211C3EBA16BD20E0F92B004211C0292D2940B9AA2C462F49906C1227CB1
gfx/interface/ideas/idea_KOR_generic_land_2.dds,ASSET_COPY,SHIPPED,no,gfx/interface/ideas/idea_KOR_generic_land_2.dds,RT56과 같은 경로가 없는 HOK 고유 자산; provenance 유지,45E28097A2D5A93591E5D764CBA804D2438C3F0205D0290A120857065CB4CAB5,45E28097A2D5A93591E5D764CBA804D2438C3F0205D0290A120857065CB4CAB5
gfx/interface/ideas/idea_KOR_generic_land_3.dds,ASSET_COPY,SHIPPED,no,gfx/interface/ideas/idea_KOR_generic_land_3.dds,RT56과 같은 경로가 없는 HOK 고유 자산; provenance 유지,32A5B500D8323C8F44FA6F20FA0436C1AFFFF11AF93F2338F329F3266B9033E1,32A5B500D8323C8F44FA6F20FA0436C1AFFFF11AF93F2338F329F3266B9033E1
gfx/interface/ideas/idea_KOR_generic_land_4.dds,ASSET_COPY,SHIPPED,no,gfx/interface/ideas/idea_KOR_generic_land_4.dds,RT56과 같은 경로가 없는 HOK 고유 자산; provenance 유지,CDAE4B33A33666A59C52A0848C579D8EF88FD6BF78872B35A93910E51452B70E,CDAE4B33A33666A59C52A0848C579D8EF88FD6BF78872B35A93910E51452B70E
gfx/interface/ideas/idea_KOR_generic_land_5.dds,ASSET_COPY,SHIPPED,no,gfx/interface/ideas/idea_KOR_generic_land_5.dds,RT56과 같은 경로가 없는 HOK 고유 자산; provenance 유지,371064BDAA90302E6A380FA8B7FF270258CD888318BF2CE663F66788A312335C,371064BDAA90302E6A380FA8B7FF270258CD888318BF2CE663F66788A312335C
gfx/interface/ideas/idea_KOR_generic_land_6.dds,ASSET_COPY,SHIPPED,no,gfx/interface/ideas/idea_KOR_generic_land_6.dds,RT56과 같은 경로가 없는 HOK 고유 자산; provenance 유지,9A2C7838932AE4C834A68F1653588412D6EA52D70E7D00E20BB73FA14D4598DD,9A2C7838932AE4C834A68F1653588412D6EA52D70E7D00E20BB73FA14D4598DD
gfx/interface/ideas/idea_KOR_generic_land_7.dds,ASSET_COPY,SHIPPED,no,gfx/interface/ideas/idea_KOR_generic_land_7.dds,RT56과 같은 경로가 없는 HOK 고유 자산; provenance 유지,4809187557BCD5A55C3F332CC60E9AC0263F6C54B138F878030F19FF3478B8D4,4809187557BCD5A55C3F332CC60E9AC0263F6C54B138F878030F19FF3478B8D4
gfx/interface/ideas/idea_KOR_generic_land_8.dds,ASSET_COPY,SHIPPED,no,gfx/interface/ideas/idea_KOR_generic_land_8.dds,RT56과 같은 경로가 없는 HOK 고유 자산; provenance 유지,72AA436359060440E96234AD40E882F4D28E4D8223D61054CE5F6DD2E25AAD0E,72AA436359060440E96234AD40E882F4D28E4D8223D61054CE5F6DD2E25AAD0E
gfx/interface/ideas/idea_KOR_generic_land_9.dds,ASSET_COPY,SHIPPED,no,gfx/interface/ideas/idea_KOR_generic_land_9.dds,RT56과 같은 경로가 없는 HOK 고유 자산; provenance 유지,3F370713EC798D8A4CF7F4DF47139A89B7F00334B12D8EB4E05CB14C58DF9326,3F370713EC798D8A4CF7F4DF47139A89B7F00334B12D8EB4E05CB14C58DF9326
gfx/interface/ideas/idea_KOR_generic_navy_1.dds,ASSET_COPY,SHIPPED,no,gfx/interface/ideas/idea_KOR_generic_navy_1.dds,RT56과 같은 경로가 없는 HOK 고유 자산; provenance 유지,45F4661408E9A18D14EF275E06EEB0B2E491297780D96286B3435A9F5B06617B,45F4661408E9A18D14EF275E06EEB0B2E491297780D96286B3435A9F5B06617B
gfx/interface/ideas/idea_KOR_generic_navy_2.dds,ASSET_COPY,SHIPPED,no,gfx/interface/ideas/idea_KOR_generic_navy_2.dds,RT56과 같은 경로가 없는 HOK 고유 자산; provenance 유지,649B2A4967D49C0561B2FFA2B40F181B94316CA627CB9FA7BAF8E994ABC697B1,649B2A4967D49C0561B2FFA2B40F181B94316CA627CB9FA7BAF8E994ABC697B1
gfx/interface/ideas/idea_KOR_generic_navy_3.dds,ASSET_COPY,SHIPPED,no,gfx/interface/ideas/idea_KOR_generic_navy_3.dds,RT56과 같은 경로가 없는 HOK 고유 자산; provenance 유지,77E90C1BEDF5A0DC5698E105D25D50CFE2A3CD1C2A0D4E498DCD1932A755098C,77E90C1BEDF5A0DC5698E105D25D50CFE2A3CD1C2A0D4E498DCD1932A755098C
gfx/interface/ideas/idea_KOR_generic_navy_4.dds,ASSET_COPY,SHIPPED,no,gfx/interface/ideas/idea_KOR_generic_navy_4.dds,RT56과 같은 경로가 없는 HOK 고유 자산; provenance 유지,5DAE9EEFE888BC6CDF0586B450C4A2B677B5DE9902B4A09A62D0934BA4A99A78,5DAE9EEFE888BC6CDF0586B450C4A2B677B5DE9902B4A09A62D0934BA4A99A78
gfx/interface/ideas/idea_KOR_Gibung_Lee.dds,ASSET_COPY,SHIPPED,no,gfx/interface/ideas/idea_KOR_Gibung_Lee.dds,RT56과 같은 경로가 없는 HOK 고유 자산; provenance 유지,E116A9D6B3C6FD0C21878FC1081F6A96F6456690AA953CE5A2FF667035140838,E116A9D6B3C6FD0C21878FC1081F6A96F6456690AA953CE5A2FF667035140838
gfx/interface/ideas/idea_KOR_Giok_Gwon.dds,ASSET_COPY,SHIPPED,no,gfx/interface/ideas/idea_KOR_Giok_Gwon.dds,RT56과 같은 경로가 없는 HOK 고유 자산; provenance 유지,8CDB66C36C58FEB5252EE20D6A449F87225158FBB711624B980EAE47DF366FB5,8CDB66C36C58FEB5252EE20D6A449F87225158FBB711624B980EAE47DF366FB5
gfx/interface/ideas/idea_kor_gms.dds,ASSET_COPY,SHIPPED,no,gfx/interface/ideas/idea_kor_gms.dds,RT56과 같은 경로가 없는 HOK 고유 자산; provenance 유지,96AA889801E4B9BE8584B22D8B48CCF40E55064A9378B6AADA7C8F8D8632179A,96AA889801E4B9BE8584B22D8B48CCF40E55064A9378B6AADA7C8F8D8632179A
gfx/interface/ideas/idea_kor_goldstar.dds,ASSET_COPY,SHIPPED,no,gfx/interface/ideas/idea_kor_goldstar.dds,RT56과 같은 경로가 없는 HOK 고유 자산; provenance 유지,2B6FCB567BA8652C5FB8B8F374ED0EAAC1B16D6B16A97D978C27D2A267D8CD47,2B6FCB567BA8652C5FB8B8F374ED0EAAC1B16D6B16A97D978C27D2A267D8CD47
gfx/interface/ideas/idea_KOR_Gongsu_Kim.dds,ASSET_COPY,SHIPPED,no,gfx/interface/ideas/idea_KOR_Gongsu_Kim.dds,RT56과 같은 경로가 없는 HOK 고유 자산; provenance 유지,CF67703E3D8C5C4C165A53437710D0CE23D9A4D0AFB8004D23951BC4E8118E97,CF67703E3D8C5C4C165A53437710D0CE23D9A4D0AFB8004D23951BC4E8118E97
gfx/interface/ideas/idea_KOR_Gwangseon_Oh.dds,ASSET_COPY,SHIPPED,no,gfx/interface/ideas/idea_KOR_Gwangseon_Oh.dds,RT56과 같은 경로가 없는 HOK 고유 자산; provenance 유지,90EB60FE80ACCD420FF5A90BAAC253F6680BB69E00F76B574AFC3918D3804BF0,90EB60FE80ACCD420FF5A90BAAC253F6680BB69E00F76B574AFC3918D3804BF0
gfx/interface/ideas/idea_KOR_Gwansun_Yoo.dds,ASSET_COPY,SHIPPED,no,gfx/interface/ideas/idea_KOR_Gwansun_Yoo.dds,RT56과 같은 경로가 없는 HOK 고유 자산; provenance 유지,42222E3D58562E3FD3DAA78A3FA54100F8B5B9C2A954DA70722AFC8A0CB708AA,42222E3D58562E3FD3DAA78A3FA54100F8B5B9C2A954DA70722AFC8A0CB708AA
gfx/interface/ideas/idea_kor_gyeryongdae.dds,ASSET_COPY,SHIPPED,no,gfx/interface/ideas/idea_kor_gyeryongdae.dds,RT56과 같은 경로가 없는 HOK 고유 자산; provenance 유지,DD740B11773FE46D5E836CAC6E83FEF3D4BBE5367E97FD60FF31CA211D5D412A,DD740B11773FE46D5E836CAC6E83FEF3D4BBE5367E97FD60FF31CA211D5D412A
gfx/interface/ideas/idea_KOR_Gyugap_Lee.dds,ASSET_COPY,SHIPPED,no,gfx/interface/ideas/idea_KOR_Gyugap_Lee.dds,RT56과 같은 경로가 없는 HOK 고유 자산; provenance 유지,C8A00965CBF86C7F365047A9C5BE979E63B6B2AE2D0EB37454696EB200C1B6B6,C8A00965CBF86C7F365047A9C5BE979E63B6B2AE2D0EB37454696EB200C1B6B6
gfx/interface/ideas/idea_KOR_Gyungcheon_Kim.dds,ASSET_COPY,SHIPPED,no,gfx/interface/ideas/idea_KOR_Gyungcheon_Kim.dds,RT56과 같은 경로가 없는 HOK 고유 자산; provenance 유지,FB2D377339A6C12929FF67128FE3A34337CA3A2077CB2FAED80A5E2256A5B4BD,FB2D377339A6C12929FF67128FE3A34337CA3A2077CB2FAED80A5E2256A5B4BD
gfx/interface/ideas/idea_KOR_Hakgyu_Kim.dds,ASSET_COPY,SHIPPED,no,gfx/interface/ideas/idea_KOR_Hakgyu_Kim.dds,RT56과 같은 경로가 없는 HOK 고유 자산; provenance 유지,DADA3EA2CCDA32281F75578177C3B6A3123F45B8F41D469314BDDB3983134D47,DADA3EA2CCDA32281F75578177C3B6A3123F45B8F41D469314BDDB3983134D47
gfx/interface/ideas/idea_kor_hanhwa.dds,ASSET_COPY,SHIPPED,no,gfx/interface/ideas/idea_kor_hanhwa.dds,RT56과 같은 경로가 없는 HOK 고유 자산; provenance 유지,3BAC55039F0CF2F5920A9C594A50B543736853F5DA0391E75FEDDCC2CFD095A6,3BAC55039F0CF2F5920A9C594A50B543736853F5DA0391E75FEDDCC2CFD095A6
gfx/interface/ideas/idea_kor_hanjin.dds,ASSET_COPY,SHIPPED,no,gfx/interface/ideas/idea_kor_hanjin.dds,RT56과 같은 경로가 없는 HOK 고유 자산; provenance 유지,E7E0F466383FFD09C120CD194AD0A575B67A2604833E00F73C04186EA990C893,E7E0F466383FFD09C120CD194AD0A575B67A2604833E00F73C04186EA990C893
gfx/interface/ideas/idea_kor_home_of_the_free.dds,ASSET_COPY,SHIPPED,no,gfx/interface/ideas/idea_kor_home_of_the_free.dds,RT56과 같은 경로가 없는 HOK 고유 자산; provenance 유지,079956E2DAB7DDF8C692A34AABBDF600F8D790C41186DF7C50A3D57AEDBFCA2B,079956E2DAB7DDF8C692A34AABBDF600F8D790C41186DF7C50A3D57AEDBFCA2B
gfx/interface/ideas/idea_KOR_Hongil_Kim.dds,ASSET_COPY,SHIPPED,no,gfx/interface/ideas/idea_KOR_Hongil_Kim.dds,RT56과 같은 경로가 없는 HOK 고유 자산; provenance 유지,29F5361E278FDF5E577FC8465C149ECABA9A46F48CB348F9C2EE91AAA1B1EF8A,29F5361E278FDF5E577FC8465C149ECABA9A46F48CB348F9C2EE91AAA1B1EF8A
gfx/interface/ideas/idea_KOR_Hosang_Ahn.dds,ASSET_COPY,SHIPPED,no,gfx/interface/ideas/idea_KOR_Hosang_Ahn.dds,RT56과 같은 경로가 없는 HOK 고유 자산; provenance 유지,BAB7A1EC00C13FB7FBD492C9AB415A8A2C9E615A69E43E0AFD8A775F8157F584,BAB7A1EC00C13FB7FBD492C9AB415A8A2C9E615A69E43E0AFD8A775F8157F584
gfx/interface/ideas/idea_KOR_Hoseong_Song.dds,ASSET_COPY,SHIPPED,no,gfx/interface/ideas/idea_KOR_Hoseong_Song.dds,RT56과 같은 경로가 없는 HOK 고유 자산; provenance 유지,31367C66C9E39B09728271C3586B04B4D634A47D6A6211120AC2CFC0C5076B36,31367C66C9E39B09728271C3586B04B4D634A47D6A6211120AC2CFC0C5076B36
gfx/interface/ideas/idea_kor_hyundai.dds,ASSET_COPY,SHIPPED,no,gfx/interface/ideas/idea_kor_hyundai.dds,RT56과 같은 경로가 없는 HOK 고유 자산; provenance 유지,86A19790CD8900468641423EC4A1443F09DE2DF0A1046D96624DA068AA00D9A7,86A19790CD8900468641423EC4A1443F09DE2DF0A1046D96624DA068AA00D9A7
gfx/interface/ideas/idea_KOR_Hyunjoon_Shin.dds,ASSET_COPY,SHIPPED,no,gfx/interface/ideas/idea_KOR_Hyunjoon_Shin.dds,RT56과 같은 경로가 없는 HOK 고유 자산; provenance 유지,CB5E29A0B639535A5D568D74DE49730117F3844F2B4F54CAC8967A289EB727B5,CB5E29A0B639535A5D568D74DE49730117F3844F2B4F54CAC8967A289EB727B5
gfx/interface/ideas/idea_KOR_Ilhan_Yu.dds,ASSET_COPY,SHIPPED,no,gfx/interface/ideas/idea_KOR_Ilhan_Yu.dds,RT56과 같은 경로가 없는 HOK 고유 자산; provenance 유지,7AE782F8043DDD259A6EC3037DD7CE50F5F02741EDA1FFA8654ACA1AA20C8994,7AE782F8043DDD259A6EC3037DD7CE50F5F02741EDA1FFA8654ACA1AA20C8994
gfx/interface/ideas/idea_KOR_Jaehong_Ahn.dds,ASSET_COPY,SHIPPED,no,gfx/interface/ideas/idea_KOR_Jaehong_Ahn.dds,RT56과 같은 경로가 없는 HOK 고유 자산; provenance 유지,AA3F9135E66FB7F03C887E64D833E5FFB08624A26CCFF659955BFADE57C17213,AA3F9135E66FB7F03C887E64D833E5FFB08624A26CCFF659955BFADE57C17213
gfx/interface/ideas/idea_kor_jaeryeong_plain_agricultural_products.dds,ASSET_COPY,SHIPPED,no,gfx/interface/ideas/idea_kor_jaeryeong_plain_agricultural_products.dds,RT56과 같은 경로가 없는 HOK 고유 자산; provenance 유지,7258D55C8F96216166D5663BFADA7DD189DE7CF692342347F5DE1683A97B7BEE,7258D55C8F96216166D5663BFADA7DD189DE7CF692342347F5DE1683A97B7BEE
gfx/interface/ideas/idea_KOR_Jeonghwan_Bang.dds,ASSET_COPY,SHIPPED,no,gfx/interface/ideas/idea_KOR_Jeonghwan_Bang.dds,RT56과 같은 경로가 없는 HOK 고유 자산; provenance 유지,5836D92316394421A9879FDF3109B472233C19529589D0C311374C43E505467D,5836D92316394421A9879FDF3109B472233C19529589D0C311374C43E505467D
gfx/interface/ideas/idea_KOR_Jeongryeol_Kim.dds,ASSET_COPY,SHIPPED,no,gfx/interface/ideas/idea_KOR_Jeongryeol_Kim.dds,RT56과 같은 경로가 없는 HOK 고유 자산; provenance 유지,935153E9EE796EBFE11EDBD276B48BF3B9AF970043AC38DE7F2AD8CF9F7F8D70,935153E9EE796EBFE11EDBD276B48BF3B9AF970043AC38DE7F2AD8CF9F7F8D70
gfx/interface/ideas/idea_kor_jinhae_naval_air_factory.dds,ASSET_COPY,SHIPPED,no,gfx/interface/ideas/idea_kor_jinhae_naval_air_factory.dds,RT56과 같은 경로가 없는 HOK 고유 자산; provenance 유지,E541B78A455A41862CAB96914A3B2CC389BBF0235318DC5179D42576F7C08BD9,E541B78A455A41862CAB96914A3B2CC389BBF0235318DC5179D42576F7C08BD9
gfx/interface/ideas/idea_KOR_Jinwoo_Song.dds,ASSET_COPY,SHIPPED,no,gfx/interface/ideas/idea_KOR_Jinwoo_Song.dds,RT56과 같은 경로가 없는 HOK 고유 자산; provenance 유지,07A7E690E77318A7856249AEF7507A7CD4BF6EDF270E4CF813CA6822AB50B9D0,07A7E690E77318A7856249AEF7507A7CD4BF6EDF270E4CF813CA6822AB50B9D0
gfx/interface/ideas/idea_KOR_Jun_Gwon.dds,ASSET_COPY,SHIPPED,no,gfx/interface/ideas/idea_KOR_Jun_Gwon.dds,RT56과 같은 경로가 없는 HOK 고유 자산; provenance 유지,4694E770DAA9B397903DAC7E934BC30DE3AC801EB04ED2A148A0C06DF79C0DEE,4694E770DAA9B397903DAC7E934BC30DE3AC801EB04ED2A148A0C06DF79C0DEE
gfx/interface/ideas/idea_KOR_Junggeun_Ahn.dds,ASSET_COPY,SHIPPED,no,gfx/interface/ideas/idea_KOR_Junggeun_Ahn.dds,RT56과 같은 경로가 없는 HOK 고유 자산; provenance 유지,B09F93D03CF50081C1AFFFB03B5C7C5131B8EFFEE58E888573DE551C79C74F95,B09F93D03CF50081C1AFFFB03B5C7C5131B8EFFEE58E888573DE551C79C74F95
gfx/interface/ideas/idea_KOR_Junsik_Lee.dds,ASSET_COPY,SHIPPED,no,gfx/interface/ideas/idea_KOR_Junsik_Lee.dds,RT56과 같은 경로가 없는 HOK 고유 자산; provenance 유지,FF09464A92AEB019409B21DDCB476727AB4FFF167DCBBFBA2F6991F269892DAC,FF09464A92AEB019409B21DDCB476727AB4FFF167DCBBFBA2F6991F269892DAC
gfx/interface/ideas/idea_KOR_Jwajin_Kim.dds,ASSET_COPY,SHIPPED,no,gfx/interface/ideas/idea_KOR_Jwajin_Kim.dds,RT56과 같은 경로가 없는 HOK 고유 자산; provenance 유지,9D988D0599403C1BDFD7BC914316E819410DD01C8A4BE5A91A3294EFFDA52302,9D988D0599403C1BDFD7BC914316E819410DD01C8A4BE5A91A3294EFFDA52302
gfx/interface/ideas/idea_kor_kai.dds,ASSET_COPY,SHIPPED,no,gfx/interface/ideas/idea_kor_kai.dds,RT56과 같은 경로가 없는 HOK 고유 자산; provenance 유지,5F2D7D83A155FDFF6DC30C8E8E14719E74921456BAE38D230D4778808F2D5AF8,5F2D7D83A155FDFF6DC30C8E8E14719E74921456BAE38D230D4778808F2D5AF8
gfx/interface/ideas/idea_kor_kia_motors.dds,ASSET_COPY,SHIPPED,no,gfx/interface/ideas/idea_kor_kia_motors.dds,RT56과 같은 경로가 없는 HOK 고유 자산; provenance 유지,781910AEBA82C9E6C074D8B3A0E8EF1582B6DC5B0F39159698557174B823D030,781910AEBA82C9E6C074D8B3A0E8EF1582B6DC5B0F39159698557174B823D030
gfx/interface/ideas/idea_kor_korail.dds,ASSET_COPY,SHIPPED,no,gfx/interface/ideas/idea_kor_korail.dds,RT56과 같은 경로가 없는 HOK 고유 자산; provenance 유지,C481F45D4721E7F57BB03325238B2E139B0FA9C06D5228823E97FD4576914F1D,C481F45D4721E7F57BB03325238B2E139B0FA9C06D5228823E97FD4576914F1D
gfx/interface/ideas/idea_kor_legacy_of_resistance.dds,ASSET_COPY,SHIPPED,no,gfx/interface/ideas/idea_kor_legacy_of_resistance.dds,RT56과 같은 경로가 없는 HOK 고유 자산; provenance 유지,A8EBE20AA1E938BB42F9C3C67F019617C6163828C58059384C5320D93B58D5CB,A8EBE20AA1E938BB42F9C3C67F019617C6163828C58059384C5320D93B58D5CB
gfx/interface/ideas/idea_KOR_Mansik_Jo.dds,ASSET_COPY,SHIPPED,no,gfx/interface/ideas/idea_KOR_Mansik_Jo.dds,RT56과 같은 경로가 없는 HOK 고유 자산; provenance 유지,1756B37841367CDF342108FC6C2924BFC56536B65D59A5AD23E8E7E5A50A0583,1756B37841367CDF342108FC6C2924BFC56536B65D59A5AD23E8E7E5A50A0583
gfx/interface/ideas/idea_kor_mmaa.dds,ASSET_COPY,SHIPPED,no,gfx/interface/ideas/idea_kor_mmaa.dds,RT56과 같은 경로가 없는 HOK 고유 자산; provenance 유지,38D5E86111BB1A767D283707DC9C7285B3019885604EBFDA4BAE0CB862FE0D20,38D5E86111BB1A767D283707DC9C7285B3019885604EBFDA4BAE0CB862FE0D20
gfx/interface/ideas/idea_KOR_Namseon_Choi.dds,ASSET_COPY,SHIPPED,no,gfx/interface/ideas/idea_KOR_Namseon_Choi.dds,RT56과 같은 경로가 없는 HOK 고유 자산; provenance 유지,A59D5E025BE55E9D8D3EC0AADA33F59A2F39237273274343C6ABC7C9B9D5B629,A59D5E025BE55E9D8D3EC0AADA33F59A2F39237273274343C6ABC7C9B9D5B629
gfx/interface/ideas/idea_kor_saemaeul_undong.dds,ASSET_COPY,SHIPPED,no,gfx/interface/ideas/idea_kor_saemaeul_undong.dds,RT56과 같은 경로가 없는 HOK 고유 자산; provenance 유지,36D8D6DBE4FD00BF0E7ED885AC75C2B8AC84096496D85F59999F6710FEA1F5EA,36D8D6DBE4FD00BF0E7ED885AC75C2B8AC84096496D85F59999F6710FEA1F5EA
gfx/interface/ideas/idea_kor_saemaeul_undong_commie.dds,ASSET_COPY,SHIPPED,no,gfx/interface/ideas/idea_kor_saemaeul_undong_commie.dds,RT56과 같은 경로가 없는 HOK 고유 자산; provenance 유지,6678DE90695166A5AEE54776F0DFC464E05D8829768E677A95D7FFBB73295017,6678DE90695166A5AEE54776F0DFC464E05D8829768E677A95D7FFBB73295017
gfx/interface/ideas/idea_KOR_Saik_Hong.dds,ASSET_COPY,SHIPPED,no,gfx/interface/ideas/idea_KOR_Saik_Hong.dds,RT56과 같은 경로가 없는 HOK 고유 자산; provenance 유지,D9D8BE392A2E17A8938BE057F2C80DE31CE9C4828B4167B9B4EBF462E7B69E16,D9D8BE392A2E17A8938BE057F2C80DE31CE9C4828B4167B9B4EBF462E7B69E16
gfx/interface/ideas/idea_kor_samsung.dds,ASSET_COPY,SHIPPED,no,gfx/interface/ideas/idea_kor_samsung.dds,RT56과 같은 경로가 없는 HOK 고유 자산; provenance 유지,813457200A3EFA952C5B269310EE49A15092EE5EF11B0BF8BD0552746C9C7A1A,813457200A3EFA952C5B269310EE49A15092EE5EF11B0BF8BD0552746C9C7A1A
gfx/interface/ideas/idea_KOR_Seokwon_Kim.dds,ASSET_COPY,SHIPPED,no,gfx/interface/ideas/idea_KOR_Seokwon_Kim.dds,RT56과 같은 경로가 없는 HOK 고유 자산; provenance 유지,89E8275E34E772ADE1D1F98906EC8D32166C7B2F5750F1D6C24CCB823B8D2C9C,89E8275E34E772ADE1D1F98906EC8D32166C7B2F5750F1D6C24CCB823B8D2C9C
gfx/interface/ideas/idea_KOR_Seonghak_Choi.dds,ASSET_COPY,SHIPPED,no,gfx/interface/ideas/idea_KOR_Seonghak_Choi.dds,RT56과 같은 경로가 없는 HOK 고유 자산; provenance 유지,26F2787A5287159BB281C86B59770D055049AD366B2D1B2815F834DF245AEF70,26F2787A5287159BB281C86B59770D055049AD366B2D1B2815F834DF245AEF70
gfx/interface/ideas/idea_KOR_Seongmo_Shin.dds,ASSET_COPY,SHIPPED,no,gfx/interface/ideas/idea_KOR_Seongmo_Shin.dds,RT56과 같은 경로가 없는 HOK 고유 자산; provenance 유지,2F161EF85DA119F12CE76AB192213D1689EE9A2E486DA0337A55B2329180C4B1,2F161EF85DA119F12CE76AB192213D1689EE9A2E486DA0337A55B2329180C4B1
gfx/interface/ideas/idea_KOR_Seungjik_Park.dds,ASSET_COPY,SHIPPED,no,gfx/interface/ideas/idea_KOR_Seungjik_Park.dds,RT56과 같은 경로가 없는 HOK 고유 자산; provenance 유지,43000EFF26370604019C536AC0F5F5D29DA987B448F00D42C0ABC55F3FE42910,43000EFF26370604019C536AC0F5F5D29DA987B448F00D42C0ABC55F3FE42910
gfx/interface/ideas/idea_KOR_Sichang_Park.dds,ASSET_COPY,SHIPPED,no,gfx/interface/ideas/idea_KOR_Sichang_Park.dds,RT56과 같은 경로가 없는 HOK 고유 자산; provenance 유지,74A50BBFCDD92925B8AD2F7C396C12D07EB01D211C3238213C7ED0248E225E2F,74A50BBFCDD92925B8AD2F7C396C12D07EB01D211C3238213C7ED0248E225E2F
gfx/interface/ideas/idea_KOR_Sin_Kim.dds,ASSET_COPY,SHIPPED,no,gfx/interface/ideas/idea_KOR_Sin_Kim.dds,RT56과 같은 경로가 없는 HOK 고유 자산; provenance 유지,559EE3E91DCF3786545F82051521AFF4B9A98C5F0FE5526BC13633582CAA21BA,559EE3E91DCF3786545F82051521AFF4B9A98C5F0FE5526BC13633582CAA21BA
gfx/interface/ideas/idea_kor_spirit_of_goguryo.dds,ASSET_COPY,SHIPPED,no,gfx/interface/ideas/idea_kor_spirit_of_goguryo.dds,RT56과 같은 경로가 없는 HOK 고유 자산; provenance 유지,DF399A39FC3A9F687B1D31901641730FF7F00C484D126EFC839797010D49B38A,DF399A39FC3A9F687B1D31901641730FF7F00C484D126EFC839797010D49B38A
gfx/interface/ideas/idea_kor_sunkyong.dds,ASSET_COPY,SHIPPED,no,gfx/interface/ideas/idea_kor_sunkyong.dds,RT56과 같은 경로가 없는 HOK 고유 자산; provenance 유지,78DBA446556242587ED22F84F47D8B43C2D61CF6A930B85F85620AD0710AB15A,78DBA446556242587ED22F84F47D8B43C2D61CF6A930B85F85620AD0710AB15A
gfx/interface/ideas/idea_kor_the_hwan_empire_idea.dds,ASSET_COPY,SHIPPED,no,gfx/interface/ideas/idea_kor_the_hwan_empire_idea.dds,RT56과 같은 경로가 없는 HOK 고유 자산; provenance 유지,A44475FE865C88B8D15492B5DB91F83B9C7E3B0A1EAF1B42E5D9701309E0FD10,A44475FE865C88B8D15492B5DB91F83B9C7E3B0A1EAF1B42E5D9701309E0FD10
gfx/interface/ideas/idea_KOR_Urihwangsilsaranghoe.dds,ASSET_COPY,SHIPPED,no,gfx/interface/ideas/idea_KOR_Urihwangsilsaranghoe.dds,RT56과 같은 경로가 없는 HOK 고유 자산; provenance 유지,01849BD5FCE2228569460140FFA86E4A1561A202C7BBF229A5B90483F0F13DCF,01849BD5FCE2228569460140FFA86E4A1561A202C7BBF229A5B90483F0F13DCF
gfx/interface/ideas/idea_kor_vision_1950.dds,ASSET_COPY,SHIPPED,no,gfx/interface/ideas/idea_kor_vision_1950.dds,RT56과 같은 경로가 없는 HOK 고유 자산; provenance 유지,CA77BB263608EAF35B09853ADC482DCFBB31B54CBED951FFDB6A82B0D8C1BC1C,CA77BB263608EAF35B09853ADC482DCFBB31B54CBED951FFDB6A82B0D8C1BC1C
gfx/interface/ideas/idea_KOR_Wonbong_Kim.dds,ASSET_COPY,SHIPPED,no,gfx/interface/ideas/idea_KOR_Wonbong_Kim.dds,RT56과 같은 경로가 없는 HOK 고유 자산; provenance 유지,370B43CD916AB74E23AC9EEBA9581D5E43E16D4875EC9E08F1C9A65384B9FF20,370B43CD916AB74E23AC9EEBA9581D5E43E16D4875EC9E08F1C9A65384B9FF20
gfx/interface/ideas/idea_KOR_wonil_son.dds,ASSET_COPY,SHIPPED,no,gfx/interface/ideas/idea_KOR_wonil_son.dds,RT56과 같은 경로가 없는 HOK 고유 자산; provenance 유지,065D4EED506E5C7A9E0EE067947E84F293481CD20C57FEAF50D37C1D4523B902,065D4EED506E5C7A9E0EE067947E84F293481CD20C57FEAF50D37C1D4523B902
gfx/interface/ideas/idea_KOR_Yongdeok_Choi.dds,ASSET_COPY,SHIPPED,no,gfx/interface/ideas/idea_KOR_Yongdeok_Choi.dds,RT56과 같은 경로가 없는 HOK 고유 자산; provenance 유지,5417AE1BC3B48C14CDB26EC1CC814DC027D0250CE74F229CA52A70C5A53F91C5,5417AE1BC3B48C14CDB26EC1CC814DC027D0250CE74F229CA52A70C5A53F91C5
gfx/interface/ideas/idea_kor_yugyeong_machine_industry.dds,ASSET_COPY,SHIPPED,no,gfx/interface/ideas/idea_kor_yugyeong_machine_industry.dds,RT56과 같은 경로가 없는 HOK 고유 자산; provenance 유지,E21E8E04EA58A519439F6EEDBEE39C8ECC8133FF9C74F77172301B5972C47599,E21E8E04EA58A519439F6EEDBEE39C8ECC8133FF9C74F77172301B5972C47599
gfx/interface/medals/KOR_medal_1.dds,ASSET_COPY,SHIPPED,no,gfx/interface/medals/KOR_medal_1.dds,RT56과 같은 경로가 없는 HOK 고유 자산; provenance 유지,66DC32C5D982751979F8D54E1A803B0C735D95766490BF403743C3EF7CF44384,66DC32C5D982751979F8D54E1A803B0C735D95766490BF403743C3EF7CF44384
gfx/interface/medals/KOR_medal_2.dds,ASSET_COPY,SHIPPED,no,gfx/interface/medals/KOR_medal_2.dds,RT56과 같은 경로가 없는 HOK 고유 자산; provenance 유지,00798EE9C02EE0E7D52285A7E120AEFEFCA7131624476C16D092B61D541AB502,00798EE9C02EE0E7D52285A7E120AEFEFCA7131624476C16D092B61D541AB502
gfx/interface/medals/KOR_medal_3.dds,ASSET_COPY,SHIPPED,no,gfx/interface/medals/KOR_medal_3.dds,RT56과 같은 경로가 없는 HOK 고유 자산; provenance 유지,CFADDF96460A836380BF4CCF800A062A6BECAEA9FABD3B75FD6E9F56C750F5D3,CFADDF96460A836380BF4CCF800A062A6BECAEA9FABD3B75FD6E9F56C750F5D3
gfx/interface/medals/KOR_medal_4.dds,ASSET_COPY,SHIPPED,no,gfx/interface/medals/KOR_medal_4.dds,RT56과 같은 경로가 없는 HOK 고유 자산; provenance 유지,52EA8FF40075B1EC358B62F6C1789C18DBFCBA55ADD0288B46308C52A86F38FF,52EA8FF40075B1EC358B62F6C1789C18DBFCBA55ADD0288B46308C52A86F38FF
gfx/interface/medals/kor_medal_strip.dds,ASSET_COPY,SHIPPED,no,gfx/interface/medals/kor_medal_strip.dds,RT56과 같은 경로가 없는 HOK 고유 자산; provenance 유지,7688C72C5755A885304DDA1B37C2E7727BC6B96548AB345D03617CC6E152780B,7688C72C5755A885304DDA1B37C2E7727BC6B96548AB345D03617CC6E152780B
gfx/interface/medals/kor_medal_strip_large.dds,ASSET_COPY,SHIPPED,no,gfx/interface/medals/kor_medal_strip_large.dds,RT56과 같은 경로가 없는 HOK 고유 자산; provenance 유지,B74401B9E1A1B70136817625946587885F74A0EEE12776E973A7F192FCA5E01F,B74401B9E1A1B70136817625946587885F74A0EEE12776E973A7F192FCA5E01F
gfx/interface/modifiers_KOR_jewish_community.dds,ASSET_COPY,SHIPPED,no,gfx/interface/modifiers_KOR_jewish_community.dds,RT56과 같은 경로가 없는 HOK 고유 자산; provenance 유지,301429C34E6FA0193633613F1F399DB89B9EF2ED306DE80A84C6B1F07B0C8C17,301429C34E6FA0193633613F1F399DB89B9EF2ED306DE80A84C6B1F07B0C8C17
gfx/interface/operatives/agencies/agency_logo_kor.dds,ASSET_COPY,SHIPPED,no,gfx/interface/operatives/agencies/agency_logo_kor.dds,RT56과 같은 경로가 없는 HOK 고유 자산; provenance 유지,3A4DF575AC951D08BA8039297D52292C44C9AF809A1B59BFE419975DE61B7291,3A4DF575AC951D08BA8039297D52292C44C9AF809A1B59BFE419975DE61B7291
gfx/interface/technologies/KOR_adv_heavy_art.dds,ASSET_COPY,SHIPPED,no,gfx/interface/technologies/KOR_adv_heavy_art.dds,RT56과 같은 경로가 없는 HOK 고유 자산; provenance 유지,C955B810626ABF8231E5200FDBF59ACAADE0E023C0A404AD3D529BE4C927FDA8,C955B810626ABF8231E5200FDBF59ACAADE0E023C0A404AD3D529BE4C927FDA8
gfx/interface/technologies/KOR_adv_heavy_at.dds,ASSET_COPY,SHIPPED,no,gfx/interface/technologies/KOR_adv_heavy_at.dds,RT56과 같은 경로가 없는 HOK 고유 자산; provenance 유지,E781FB198493ED539535D9018AA2B796A9977BBE1D9EE5DEA0456C27081DF89A,E781FB198493ED539535D9018AA2B796A9977BBE1D9EE5DEA0456C27081DF89A
gfx/interface/technologies/KOR_adv_heavy_tank.dds,ASSET_COPY,SHIPPED,no,gfx/interface/technologies/KOR_adv_heavy_tank.dds,RT56과 같은 경로가 없는 HOK 고유 자산; provenance 유지,40BDCA553EA67F42F3EE2E0562E343C2CD6F1B3ADC87AE3CBDF4D7BF2AA2C2CE,40BDCA553EA67F42F3EE2E0562E343C2CD6F1B3ADC87AE3CBDF4D7BF2AA2C2CE
gfx/interface/technologies/KOR_adv_heavy_tank_aa.dds,ASSET_COPY,SHIPPED,no,gfx/interface/technologies/KOR_adv_heavy_tank_aa.dds,RT56과 같은 경로가 없는 HOK 고유 자산; provenance 유지,5F93E589B016F3999F2AB1D9F2A2974EC00A9D9308F262ECCF6266DDCF57E555,5F93E589B016F3999F2AB1D9F2A2974EC00A9D9308F262ECCF6266DDCF57E555
gfx/interface/technologies/KOR_adv_light_art.dds,ASSET_COPY,SHIPPED,no,gfx/interface/technologies/KOR_adv_light_art.dds,RT56과 같은 경로가 없는 HOK 고유 자산; provenance 유지,C410B8F7ADC374AB8B6A04D7DB22875D3754259DB6C1492A51C6BEC90D3B40BA,C410B8F7ADC374AB8B6A04D7DB22875D3754259DB6C1492A51C6BEC90D3B40BA
gfx/interface/technologies/KOR_adv_light_at.dds,ASSET_COPY,SHIPPED,no,gfx/interface/technologies/KOR_adv_light_at.dds,RT56과 같은 경로가 없는 HOK 고유 자산; provenance 유지,3268B29A69F8B1CCBC7610A5F964F6D1B138051D27ADC92D303BE6D9EF77B3CE,3268B29A69F8B1CCBC7610A5F964F6D1B138051D27ADC92D303BE6D9EF77B3CE
gfx/interface/technologies/KOR_adv_light_tank.dds,ASSET_COPY,SHIPPED,no,gfx/interface/technologies/KOR_adv_light_tank.dds,RT56과 같은 경로가 없는 HOK 고유 자산; provenance 유지,CE65214C3A90D9570C37F09F754B00044DE93D127797F891A8E6219B89F1395F,CE65214C3A90D9570C37F09F754B00044DE93D127797F891A8E6219B89F1395F
gfx/interface/technologies/KOR_adv_light_tank_aa.dds,ASSET_COPY,SHIPPED,no,gfx/interface/technologies/KOR_adv_light_tank_aa.dds,RT56과 같은 경로가 없는 HOK 고유 자산; provenance 유지,86E0C818F01EC8E269454A446FE3A60CEB7DE7EC0AB1A0EFCBB0CFD187485A8A,86E0C818F01EC8E269454A446FE3A60CEB7DE7EC0AB1A0EFCBB0CFD187485A8A
gfx/interface/technologies/KOR_adv_medium_art.dds,ASSET_COPY,SHIPPED,no,gfx/interface/technologies/KOR_adv_medium_art.dds,RT56과 같은 경로가 없는 HOK 고유 자산; provenance 유지,A3286F02EF82C6A5BA826F8DA47663DE63AE36F6DA1653684F7992D10A3A50B7,A3286F02EF82C6A5BA826F8DA47663DE63AE36F6DA1653684F7992D10A3A50B7
gfx/interface/technologies/KOR_adv_medium_at.dds,ASSET_COPY,SHIPPED,no,gfx/interface/technologies/KOR_adv_medium_at.dds,RT56과 같은 경로가 없는 HOK 고유 자산; provenance 유지,68B98C0F589AEF3EA993D67DFFA5D41D302951EBB538005B5ED89CC74FD18565,68B98C0F589AEF3EA993D67DFFA5D41D302951EBB538005B5ED89CC74FD18565
gfx/interface/technologies/KOR_adv_medium_tank.dds,ASSET_COPY,SHIPPED,no,gfx/interface/technologies/KOR_adv_medium_tank.dds,RT56과 같은 경로가 없는 HOK 고유 자산; provenance 유지,80FCEF4B8216C1F859FC2656EC53BAAEA683D3CCF55E585B41BD033C52C2E2E4,80FCEF4B8216C1F859FC2656EC53BAAEA683D3CCF55E585B41BD033C52C2E2E4
gfx/interface/technologies/KOR_adv_medium_tank_aa.dds,ASSET_COPY,SHIPPED,no,gfx/interface/technologies/KOR_adv_medium_tank_aa.dds,RT56과 같은 경로가 없는 HOK 고유 자산; provenance 유지,2D41D3D8A94DA465410833A8D06C1580AA295C456C760AEE8237F7320D74E7C8,2D41D3D8A94DA465410833A8D06C1580AA295C456C760AEE8237F7320D74E7C8
gfx/interface/technologies/KOR_amphibious_mech_1.dds,ASSET_COPY,SHIPPED,no,gfx/interface/technologies/KOR_amphibious_mech_1.dds,RT56과 같은 경로가 없는 HOK 고유 자산; provenance 유지,389972957F792A606710E08C5D7A4FCB215FE1823A30E1D6DE0629138337E723,389972957F792A606710E08C5D7A4FCB215FE1823A30E1D6DE0629138337E723
gfx/interface/technologies/KOR_amphibious_mech_2.dds,ASSET_COPY,SHIPPED,no,gfx/interface/technologies/KOR_amphibious_mech_2.dds,RT56과 같은 경로가 없는 HOK 고유 자산; provenance 유지,493562F7805D841F5A8B3E51A5ACEBCB9C6671DC942825A487BCC43CB8F273BE,493562F7805D841F5A8B3E51A5ACEBCB9C6671DC942825A487BCC43CB8F273BE
gfx/interface/technologies/KOR_amphibious_tank_1.dds,ASSET_COPY,SHIPPED,no,gfx/interface/technologies/KOR_amphibious_tank_1.dds,RT56과 같은 경로가 없는 HOK 고유 자산; provenance 유지,8CBFFCC2B2083AE8E25D08BA7D56DC6894845717AEDF20DD103ACDE5A0B3191D,8CBFFCC2B2083AE8E25D08BA7D56DC6894845717AEDF20DD103ACDE5A0B3191D
gfx/interface/technologies/KOR_amphibious_tank_2.dds,ASSET_COPY,SHIPPED,no,gfx/interface/technologies/KOR_amphibious_tank_2.dds,RT56과 같은 경로가 없는 HOK 고유 자산; provenance 유지,CFBCE79FE2E5CF55F31D1FF5D4C1B37958647BD187BB940FED136B58FF6E8748,CFBCE79FE2E5CF55F31D1FF5D4C1B37958647BD187BB940FED136B58FF6E8748
gfx/interface/technologies/KOR_armored_car_equipment_1.dds,ASSET_COPY,SHIPPED,no,gfx/interface/technologies/KOR_armored_car_equipment_1.dds,RT56과 같은 경로가 없는 HOK 고유 자산; provenance 유지,9B5EB76FAC7B54A097367AA5F57430D5BEE5501F8806A91CA539CE26888C5732,9B5EB76FAC7B54A097367AA5F57430D5BEE5501F8806A91CA539CE26888C5732
gfx/interface/technologies/KOR_armored_car_equipment_2.dds,ASSET_COPY,SHIPPED,no,gfx/interface/technologies/KOR_armored_car_equipment_2.dds,RT56과 같은 경로가 없는 HOK 고유 자산; provenance 유지,CE0825729ACCB26131A93D4F9D178497B84ACB8BF0D9ECC9E74070EEB1A0B015,CE0825729ACCB26131A93D4F9D178497B84ACB8BF0D9ECC9E74070EEB1A0B015
gfx/interface/technologies/KOR_armored_car_equipment_3.dds,ASSET_COPY,SHIPPED,no,gfx/interface/technologies/KOR_armored_car_equipment_3.dds,RT56과 같은 경로가 없는 HOK 고유 자산; provenance 유지,9C58CE9814CD31DAC15863F4EE064911FD34EE959F24D930AA5F91F43934A25E,9C58CE9814CD31DAC15863F4EE064911FD34EE959F24D930AA5F91F43934A25E
gfx/interface/technologies/KOR_armored_support_vehicle.dds,ASSET_COPY,SHIPPED,no,gfx/interface/technologies/KOR_armored_support_vehicle.dds,RT56과 같은 경로가 없는 HOK 고유 자산; provenance 유지,DE650AF7B95E5D0B2A94F7F1707FFC0EB7E13174403BC9BBE68359D87DB90E10,DE650AF7B95E5D0B2A94F7F1707FFC0EB7E13174403BC9BBE68359D87DB90E10
gfx/interface/technologies/KOR_armored_support_vehicle_command.dds,ASSET_COPY,SHIPPED,no,gfx/interface/technologies/KOR_armored_support_vehicle_command.dds,RT56과 같은 경로가 없는 HOK 고유 자산; provenance 유지,C38EB3F8573F17B781A159FBF0C4C4A7B553FD278C10206BF5049F863215A724,C38EB3F8573F17B781A159FBF0C4C4A7B553FD278C10206BF5049F863215A724
gfx/interface/technologies/KOR_armored_support_vehicle_crossing.dds,ASSET_COPY,SHIPPED,no,gfx/interface/technologies/KOR_armored_support_vehicle_crossing.dds,RT56과 같은 경로가 없는 HOK 고유 자산; provenance 유지,36E423AC294865C582E17AF93BA8886833C921A1984C8A537995A942F534AC08,36E423AC294865C582E17AF93BA8886833C921A1984C8A537995A942F534AC08
gfx/interface/technologies/KOR_armored_support_vehicle_recovery_1.dds,ASSET_COPY,SHIPPED,no,gfx/interface/technologies/KOR_armored_support_vehicle_recovery_1.dds,RT56과 같은 경로가 없는 HOK 고유 자산; provenance 유지,36C2FB22231CB237BA151F0C7B219EA1BB3875F484C6EE00BD0A1467068DB43B,36C2FB22231CB237BA151F0C7B219EA1BB3875F484C6EE00BD0A1467068DB43B
gfx/interface/technologies/KOR_armored_support_vehicle_recovery_2.dds,ASSET_COPY,SHIPPED,no,gfx/interface/technologies/KOR_armored_support_vehicle_recovery_2.dds,RT56과 같은 경로가 없는 HOK 고유 자산; provenance 유지,4D7193D3205DF28F7E17C4F0B9D465A5C818B6C1071E99B352DEB362547190C8,4D7193D3205DF28F7E17C4F0B9D465A5C818B6C1071E99B352DEB362547190C8
gfx/interface/technologies/KOR_basic_equipment.dds,ASSET_COPY,SHIPPED,no,gfx/interface/technologies/KOR_basic_equipment.dds,RT56과 같은 경로가 없는 HOK 고유 자산; provenance 유지,28F471800EFA278FEC892342C7FA6CC7A704E0B635860FB43D31412B1B6DAB6E,28F471800EFA278FEC892342C7FA6CC7A704E0B635860FB43D31412B1B6DAB6E
gfx/interface/technologies/KOR_basic_heavy_art.dds,ASSET_COPY,SHIPPED,no,gfx/interface/technologies/KOR_basic_heavy_art.dds,RT56과 같은 경로가 없는 HOK 고유 자산; provenance 유지,66876BE21D1A4D3464D5C1E496540AA8DDF05AA9877E162FE250973B6E098B4D,66876BE21D1A4D3464D5C1E496540AA8DDF05AA9877E162FE250973B6E098B4D
gfx/interface/technologies/KOR_basic_heavy_at.dds,ASSET_COPY,SHIPPED,no,gfx/interface/technologies/KOR_basic_heavy_at.dds,RT56과 같은 경로가 없는 HOK 고유 자산; provenance 유지,CD9D16610F97E90968654CD633394E1D8F9CBDD16F830621F08802A79DC46AFE,CD9D16610F97E90968654CD633394E1D8F9CBDD16F830621F08802A79DC46AFE
gfx/interface/technologies/KOR_basic_heavy_tank.dds,ASSET_COPY,SHIPPED,no,gfx/interface/technologies/KOR_basic_heavy_tank.dds,RT56과 같은 경로가 없는 HOK 고유 자산; provenance 유지,BDEE966723314A0F0AAE1756DEF6CE925BF10B318D1107D1D7AA28DEC4347E7C,BDEE966723314A0F0AAE1756DEF6CE925BF10B318D1107D1D7AA28DEC4347E7C
gfx/interface/technologies/KOR_basic_heavy_tank_aa.dds,ASSET_COPY,SHIPPED,no,gfx/interface/technologies/KOR_basic_heavy_tank_aa.dds,RT56과 같은 경로가 없는 HOK 고유 자산; provenance 유지,25BBE08CF69F262BEFBA8A8E0BCA66D46D260033FBEF7BBEF36E3293E7CF9191,25BBE08CF69F262BEFBA8A8E0BCA66D46D260033FBEF7BBEF36E3293E7CF9191
gfx/interface/technologies/KOR_basic_light_art.dds,ASSET_COPY,SHIPPED,no,gfx/interface/technologies/KOR_basic_light_art.dds,RT56과 같은 경로가 없는 HOK 고유 자산; provenance 유지,5ABD6D7C60566D8A8B57F20A3BD4D380A1F2182E8D52647AE31D1664B9EAA70B,5ABD6D7C60566D8A8B57F20A3BD4D380A1F2182E8D52647AE31D1664B9EAA70B
gfx/interface/technologies/KOR_basic_light_at.dds,ASSET_COPY,SHIPPED,no,gfx/interface/technologies/KOR_basic_light_at.dds,RT56과 같은 경로가 없는 HOK 고유 자산; provenance 유지,C67D148956FF0542F0121004F1582CDA2343A44D7DF43B232B1FE6EF10406255,C67D148956FF0542F0121004F1582CDA2343A44D7DF43B232B1FE6EF10406255
gfx/interface/technologies/KOR_basic_light_tank.dds,ASSET_COPY,SHIPPED,no,gfx/interface/technologies/KOR_basic_light_tank.dds,RT56과 같은 경로가 없는 HOK 고유 자산; provenance 유지,774820AF78DE4E204C856B1C90F4171DED7D952DA459EADD55EDDB565F9FF80F,774820AF78DE4E204C856B1C90F4171DED7D952DA459EADD55EDDB565F9FF80F
gfx/interface/technologies/KOR_basic_light_tank_aa.dds,ASSET_COPY,SHIPPED,no,gfx/interface/technologies/KOR_basic_light_tank_aa.dds,RT56과 같은 경로가 없는 HOK 고유 자산; provenance 유지,D2914B448134F9BC5A059ABC434B3A6F33BFD3F05165C3CC16F6ED104E551D74,D2914B448134F9BC5A059ABC434B3A6F33BFD3F05165C3CC16F6ED104E551D74
gfx/interface/technologies/KOR_basic_medium_art.dds,ASSET_COPY,SHIPPED,no,gfx/interface/technologies/KOR_basic_medium_art.dds,RT56과 같은 경로가 없는 HOK 고유 자산; provenance 유지,65502DBF147326022F528B991E4165832D1241A3B8F386CC8129F26ABA84A53D,65502DBF147326022F528B991E4165832D1241A3B8F386CC8129F26ABA84A53D
gfx/interface/technologies/KOR_basic_medium_at.dds,ASSET_COPY,SHIPPED,no,gfx/interface/technologies/KOR_basic_medium_at.dds,RT56과 같은 경로가 없는 HOK 고유 자산; provenance 유지,72077C0C8F7A9F1A7D1D04FCF38F16F6F4E6AFDEA3E14C4C8C5477706C8D0721,72077C0C8F7A9F1A7D1D04FCF38F16F6F4E6AFDEA3E14C4C8C5477706C8D0721
gfx/interface/technologies/KOR_basic_medium_tank.dds,ASSET_COPY,SHIPPED,no,gfx/interface/technologies/KOR_basic_medium_tank.dds,RT56과 같은 경로가 없는 HOK 고유 자산; provenance 유지,FB423F53471462212E6F2F5F3AC0DC3EBA150DD24E1ADE310EA6F4C32955CB49,FB423F53471462212E6F2F5F3AC0DC3EBA150DD24E1ADE310EA6F4C32955CB49
gfx/interface/technologies/KOR_basic_medium_tank_aa.dds,ASSET_COPY,SHIPPED,no,gfx/interface/technologies/KOR_basic_medium_tank_aa.dds,RT56과 같은 경로가 없는 HOK 고유 자산; provenance 유지,AF25D65326AF7A01F54292068392F3C6CC734E34C7AE09F95DBECD5AFD65FA0F,AF25D65326AF7A01F54292068392F3C6CC734E34C7AE09F95DBECD5AFD65FA0F
gfx/interface/technologies/KOR_battlecruiser1.dds,ASSET_COPY,SHIPPED,no,gfx/interface/technologies/KOR_battlecruiser1.dds,RT56과 같은 경로가 없는 HOK 고유 자산; provenance 유지,218A3226CA102907BAF3FC0DFE9C707607F8F495E25083CD5BE6B634E6960698,218A3226CA102907BAF3FC0DFE9C707607F8F495E25083CD5BE6B634E6960698
gfx/interface/technologies/KOR_battlecruiser1_retrofit_ww2.dds,ASSET_COPY,SHIPPED,no,gfx/interface/technologies/KOR_battlecruiser1_retrofit_ww2.dds,RT56과 같은 경로가 없는 HOK 고유 자산; provenance 유지,E6DECC951F75B1861B8E433DDF381F6C71C5C5B60F92CBFEFFC7BF493AE7E7E3,E6DECC951F75B1861B8E433DDF381F6C71C5C5B60F92CBFEFFC7BF493AE7E7E3
gfx/interface/technologies/KOR_battlecruiser2.dds,ASSET_COPY,SHIPPED,no,gfx/interface/technologies/KOR_battlecruiser2.dds,RT56과 같은 경로가 없는 HOK 고유 자산; provenance 유지,BBBAB942C68442AB317601A59CB182FB59E3471C12ED651667B28EFA420A575E,BBBAB942C68442AB317601A59CB182FB59E3471C12ED651667B28EFA420A575E
gfx/interface/technologies/KOR_battleship1.dds,ASSET_COPY,SHIPPED,no,gfx/interface/technologies/KOR_battleship1.dds,RT56과 같은 경로가 없는 HOK 고유 자산; provenance 유지,0999CAECD0C059CC4BB1ECC58FF56B5C8404BB991C9C3225F7D83D0A4FBB4645,0999CAECD0C059CC4BB1ECC58FF56B5C8404BB991C9C3225F7D83D0A4FBB4645
gfx/interface/technologies/KOR_battleship1_retrofit_ww2.dds,ASSET_COPY,SHIPPED,no,gfx/interface/technologies/KOR_battleship1_retrofit_ww2.dds,RT56과 같은 경로가 없는 HOK 고유 자산; provenance 유지,CC2882BCDE6B3CC5D0A65E40E484CB5D6A6ABA2228B2E2FBB14D49F0B33964ED,CC2882BCDE6B3CC5D0A65E40E484CB5D6A6ABA2228B2E2FBB14D49F0B33964ED
gfx/interface/technologies/KOR_battleship2.dds,ASSET_COPY,SHIPPED,no,gfx/interface/technologies/KOR_battleship2.dds,RT56과 같은 경로가 없는 HOK 고유 자산; provenance 유지,93EAD7E994D73970C664173B622AAA1D34B1EB88729A71E0FF5BF52F299CB413,93EAD7E994D73970C664173B622AAA1D34B1EB88729A71E0FF5BF52F299CB413
gfx/interface/technologies/KOR_battleship3.dds,ASSET_COPY,SHIPPED,no,gfx/interface/technologies/KOR_battleship3.dds,RT56과 같은 경로가 없는 HOK 고유 자산; provenance 유지,F832924D6F248749AC30D16FD697F292ABC575FBB187D48DEC51A51A44E6F9FB,F832924D6F248749AC30D16FD697F292ABC575FBB187D48DEC51A51A44E6F9FB
gfx/interface/technologies/KOR_battleship4.dds,ASSET_COPY,SHIPPED,no,gfx/interface/technologies/KOR_battleship4.dds,RT56과 같은 경로가 없는 HOK 고유 자산; provenance 유지,D39541D26725CCF939F80DF8FAD62814C8EE6824D00E48375AB85788C3B40113,D39541D26725CCF939F80DF8FAD62814C8EE6824D00E48375AB85788C3B40113
gfx/interface/technologies/KOR_carrier1.dds,ASSET_COPY,SHIPPED,no,gfx/interface/technologies/KOR_carrier1.dds,RT56과 같은 경로가 없는 HOK 고유 자산; provenance 유지,EC1FE3DB84DC03FCF72C5FBC7AB5BDD3CEF51F7CEB93C9DEEE8DC87EF4E4303C,EC1FE3DB84DC03FCF72C5FBC7AB5BDD3CEF51F7CEB93C9DEEE8DC87EF4E4303C
gfx/interface/technologies/KOR_carrier2.dds,ASSET_COPY,SHIPPED,no,gfx/interface/technologies/KOR_carrier2.dds,RT56과 같은 경로가 없는 HOK 고유 자산; provenance 유지,84967073E78D2441F42285A1DF828E4DEBE241A4731F6BA8C6DCBA41C191E0F9,84967073E78D2441F42285A1DF828E4DEBE241A4731F6BA8C6DCBA41C191E0F9
gfx/interface/technologies/KOR_carrier3.dds,ASSET_COPY,SHIPPED,no,gfx/interface/technologies/KOR_carrier3.dds,RT56과 같은 경로가 없는 HOK 고유 자산; provenance 유지,7CA74C165380C0C6393FE30D4A246EDA066E24AFD9B3B30F0EB478D98480F95D,7CA74C165380C0C6393FE30D4A246EDA066E24AFD9B3B30F0EB478D98480F95D
gfx/interface/technologies/KOR_carrier4.dds,ASSET_COPY,SHIPPED,no,gfx/interface/technologies/KOR_carrier4.dds,RT56과 같은 경로가 없는 HOK 고유 자산; provenance 유지,02DE8B34AA5B8451D81AAEAD2F4A8FF4E49E692DB8AF579250DFA82AB9AFD3B7,02DE8B34AA5B8451D81AAEAD2F4A8FF4E49E692DB8AF579250DFA82AB9AFD3B7
gfx/interface/technologies/KOR_carrier_conversion_ca.dds,ASSET_COPY,SHIPPED,no,gfx/interface/technologies/KOR_carrier_conversion_ca.dds,RT56과 같은 경로가 없는 HOK 고유 자산; provenance 유지,F4CCFC9725344268BF9F72BBD274999B93DCB60A967F01C7DD2048E4B4739672,F4CCFC9725344268BF9F72BBD274999B93DCB60A967F01C7DD2048E4B4739672
gfx/interface/technologies/KOR_CAS0.dds,ASSET_COPY,SHIPPED,no,gfx/interface/technologies/KOR_CAS0.dds,RT56과 같은 경로가 없는 HOK 고유 자산; provenance 유지,113B43FB37A94A329C9CA39B303B15F0061A4149224B875725208A160F011316,113B43FB37A94A329C9CA39B303B15F0061A4149224B875725208A160F011316
gfx/interface/technologies/KOR_CAS0_cv.dds,ASSET_COPY,SHIPPED,no,gfx/interface/technologies/KOR_CAS0_cv.dds,RT56과 같은 경로가 없는 HOK 고유 자산; provenance 유지,F5EB2D799F6437F1E2366DB0E8B792C77586A82F704FB5F6C19C03F988C0AE22,F5EB2D799F6437F1E2366DB0E8B792C77586A82F704FB5F6C19C03F988C0AE22
gfx/interface/technologies/KOR_CAS1.dds,ASSET_COPY,SHIPPED,no,gfx/interface/technologies/KOR_CAS1.dds,RT56과 같은 경로가 없는 HOK 고유 자산; provenance 유지,F7485C6D0AACA14859AEAC6FD3AFC4023C4E7147BB3221692C0F115DE66343ED,F7485C6D0AACA14859AEAC6FD3AFC4023C4E7147BB3221692C0F115DE66343ED
gfx/interface/technologies/KOR_CAS1_cv.dds,ASSET_COPY,SHIPPED,no,gfx/interface/technologies/KOR_CAS1_cv.dds,RT56과 같은 경로가 없는 HOK 고유 자산; provenance 유지,4CC0A39420AF97BA1C1D8F1C21608D7BA89CE8F02550AE84B3A76422348F11A4,4CC0A39420AF97BA1C1D8F1C21608D7BA89CE8F02550AE84B3A76422348F11A4
gfx/interface/technologies/KOR_CAS2.dds,ASSET_COPY,SHIPPED,no,gfx/interface/technologies/KOR_CAS2.dds,RT56과 같은 경로가 없는 HOK 고유 자산; provenance 유지,5412BD2C9DC2901DD37B473133257F7784A6DF8321C5F21F443EA036020E23A8,5412BD2C9DC2901DD37B473133257F7784A6DF8321C5F21F443EA036020E23A8
gfx/interface/technologies/KOR_CAS2_cv.dds,ASSET_COPY,SHIPPED,no,gfx/interface/technologies/KOR_CAS2_cv.dds,RT56과 같은 경로가 없는 HOK 고유 자산; provenance 유지,6B47FD9D434B058359655CA2678B28E1A4B0389C2EC10A80E0D87FD203349A7A,6B47FD9D434B058359655CA2678B28E1A4B0389C2EC10A80E0D87FD203349A7A
gfx/interface/technologies/KOR_CAS3.dds,ASSET_COPY,SHIPPED,no,gfx/interface/technologies/KOR_CAS3.dds,RT56과 같은 경로가 없는 HOK 고유 자산; provenance 유지,EDCD3C23DC27DA4FCFB7590098E979B984EC207219202DDA91372DBBF8187AEC,EDCD3C23DC27DA4FCFB7590098E979B984EC207219202DDA91372DBBF8187AEC
gfx/interface/technologies/KOR_CAS3_cv.dds,ASSET_COPY,SHIPPED,no,gfx/interface/technologies/KOR_CAS3_cv.dds,RT56과 같은 경로가 없는 HOK 고유 자산; provenance 유지,2CDE6D97032CF01062F915A198B45A057436B19E4317761F4711CE83E03C0273,2CDE6D97032CF01062F915A198B45A057436B19E4317761F4711CE83E03C0273
gfx/interface/technologies/KOR_cruiser_coastal_defense_ship.dds,ASSET_COPY,SHIPPED,no,gfx/interface/technologies/KOR_cruiser_coastal_defense_ship.dds,RT56과 같은 경로가 없는 HOK 고유 자산; provenance 유지,C2AB3AF91A7037AE06C76F7007DB2F24BFC062BB1CFA0513151E7BBD2BE28846,C2AB3AF91A7037AE06C76F7007DB2F24BFC062BB1CFA0513151E7BBD2BE28846
gfx/interface/technologies/KOR_cruiser_submarine.dds,ASSET_COPY,SHIPPED,no,gfx/interface/technologies/KOR_cruiser_submarine.dds,RT56과 같은 경로가 없는 HOK 고유 자산; provenance 유지,0BD7E5674EF7F7DAD5EF8CADD061B3E680BA54C7BDB0136BEF4434A4AC44A18D,0BD7E5674EF7F7DAD5EF8CADD061B3E680BA54C7BDB0136BEF4434A4AC44A18D
gfx/interface/technologies/KOR_destroyer1.dds,ASSET_COPY,SHIPPED,no,gfx/interface/technologies/KOR_destroyer1.dds,RT56과 같은 경로가 없는 HOK 고유 자산; provenance 유지,DFE31722ED4F08EED62FDB64A706B1E86E684A5CF51DD66469FD85FAD59E1A4A,DFE31722ED4F08EED62FDB64A706B1E86E684A5CF51DD66469FD85FAD59E1A4A
gfx/interface/technologies/KOR_destroyer2.dds,ASSET_COPY,SHIPPED,no,gfx/interface/technologies/KOR_destroyer2.dds,RT56과 같은 경로가 없는 HOK 고유 자산; provenance 유지,220C7007A12C8680A9C494081B417EC55DBB4964E535D108739E71465B1EDD1D,220C7007A12C8680A9C494081B417EC55DBB4964E535D108739E71465B1EDD1D
gfx/interface/technologies/KOR_destroyer3.dds,ASSET_COPY,SHIPPED,no,gfx/interface/technologies/KOR_destroyer3.dds,RT56과 같은 경로가 없는 HOK 고유 자산; provenance 유지,D0F1222EC2F3E75AAF1A8D56DBA92EC6936A4567C7C7FAB6EB8A5F9CC77DB95E,D0F1222EC2F3E75AAF1A8D56DBA92EC6936A4567C7C7FAB6EB8A5F9CC77DB95E
gfx/interface/technologies/KOR_destroyer4.dds,ASSET_COPY,SHIPPED,no,gfx/interface/technologies/KOR_destroyer4.dds,RT56과 같은 경로가 없는 HOK 고유 자산; provenance 유지,10C256FA33E9782F243EDA3D5A599949314E4AF07F6B85C8DC1DB03A6E936A1F,10C256FA33E9782F243EDA3D5A599949314E4AF07F6B85C8DC1DB03A6E936A1F
gfx/interface/technologies/KOR_early_bomber.dds,ASSET_COPY,SHIPPED,no,gfx/interface/technologies/KOR_early_bomber.dds,RT56과 같은 경로가 없는 HOK 고유 자산; provenance 유지,79FCEEBBEE2BFA614A1AD3020812DD1BA888E20C9356E45F31CE0955B77A5116,79FCEEBBEE2BFA614A1AD3020812DD1BA888E20C9356E45F31CE0955B77A5116
gfx/interface/technologies/KOR_early_fighter.dds,ASSET_COPY,SHIPPED,no,gfx/interface/technologies/KOR_early_fighter.dds,RT56과 같은 경로가 없는 HOK 고유 자산; provenance 유지,875A04194C587FDB4C307118FCCBB7BC4F1D92607515D6E1F9D2324A294E0A6D,875A04194C587FDB4C307118FCCBB7BC4F1D92607515D6E1F9D2324A294E0A6D
gfx/interface/technologies/KOR_early_strategic_bomber.dds,ASSET_COPY,SHIPPED,no,gfx/interface/technologies/KOR_early_strategic_bomber.dds,RT56과 같은 경로가 없는 HOK 고유 자산; provenance 유지,75BD62F1C49201281BACAC3ABE17BA353F101C934D8DD09FB5DE439895C87A22,75BD62F1C49201281BACAC3ABE17BA353F101C934D8DD09FB5DE439895C87A22
gfx/interface/technologies/KOR_fighter0.dds,ASSET_COPY,SHIPPED,no,gfx/interface/technologies/KOR_fighter0.dds,RT56과 같은 경로가 없는 HOK 고유 자산; provenance 유지,DFC4643C6C902CCDCE4D60FF278C73121AC03EED7F6470471AEA66439C24FCF9,DFC4643C6C902CCDCE4D60FF278C73121AC03EED7F6470471AEA66439C24FCF9
gfx/interface/technologies/KOR_fighter0_cv.dds,ASSET_COPY,SHIPPED,no,gfx/interface/technologies/KOR_fighter0_cv.dds,RT56과 같은 경로가 없는 HOK 고유 자산; provenance 유지,B87F2B482CF01637416ADD8B047627FF71B2585CA9FFF442018916A2BA96D5F8,B87F2B482CF01637416ADD8B047627FF71B2585CA9FFF442018916A2BA96D5F8
gfx/interface/technologies/KOR_fighter1.dds,ASSET_COPY,SHIPPED,no,gfx/interface/technologies/KOR_fighter1.dds,RT56과 같은 경로가 없는 HOK 고유 자산; provenance 유지,F9BDDE22A696D6797F412B650F77C107EBE9415D501AC27FAAC946E378877A11,F9BDDE22A696D6797F412B650F77C107EBE9415D501AC27FAAC946E378877A11
gfx/interface/technologies/KOR_fighter1_cv.dds,ASSET_COPY,SHIPPED,no,gfx/interface/technologies/KOR_fighter1_cv.dds,RT56과 같은 경로가 없는 HOK 고유 자산; provenance 유지,F94CD44ABAF2F0C4926AD64429A0A702211FB5408A10DF3BCF8C61AFFEF31D2F,F94CD44ABAF2F0C4926AD64429A0A702211FB5408A10DF3BCF8C61AFFEF31D2F
gfx/interface/technologies/KOR_fighter2.dds,ASSET_COPY,SHIPPED,no,gfx/interface/technologies/KOR_fighter2.dds,RT56과 같은 경로가 없는 HOK 고유 자산; provenance 유지,79A0FDF99357DACF8FF1DF0639D192069F236CF7BFCF77F008EFC1845A8F8071,79A0FDF99357DACF8FF1DF0639D192069F236CF7BFCF77F008EFC1845A8F8071
gfx/interface/technologies/KOR_fighter2_cv.dds,ASSET_COPY,SHIPPED,no,gfx/interface/technologies/KOR_fighter2_cv.dds,RT56과 같은 경로가 없는 HOK 고유 자산; provenance 유지,7DCED8B83EA974AA7CDC6CDCBF2C3FAAEF144ADC5809A799D507583DB1C2B1CE,7DCED8B83EA974AA7CDC6CDCBF2C3FAAEF144ADC5809A799D507583DB1C2B1CE
gfx/interface/technologies/KOR_fighter3.dds,ASSET_COPY,SHIPPED,no,gfx/interface/technologies/KOR_fighter3.dds,RT56과 같은 경로가 없는 HOK 고유 자산; provenance 유지,F4B9B210E8E42273633F07B4A7A5363674AB4869356DAC09B142FB706A9DBA56,F4B9B210E8E42273633F07B4A7A5363674AB4869356DAC09B142FB706A9DBA56
gfx/interface/technologies/KOR_fighter3_cv.dds,ASSET_COPY,SHIPPED,no,gfx/interface/technologies/KOR_fighter3_cv.dds,RT56과 같은 경로가 없는 HOK 고유 자산; provenance 유지,7528600CA7348213201CD20EEC28C836B5D227BBE910900DFE69140B234EBF5C,7528600CA7348213201CD20EEC28C836B5D227BBE910900DFE69140B234EBF5C
gfx/interface/technologies/KOR_fighter_BBA_1.dds,ASSET_COPY,SHIPPED,no,gfx/interface/technologies/KOR_fighter_BBA_1.dds,RT56과 같은 경로가 없는 HOK 고유 자산; provenance 유지,196E147EDF5D25F2C49165833D211702F9EFFEB822B48CD861BA53A66FDE2586,196E147EDF5D25F2C49165833D211702F9EFFEB822B48CD861BA53A66FDE2586
gfx/interface/technologies/KOR_fighter_BBA_1_cv.dds,ASSET_COPY,SHIPPED,no,gfx/interface/technologies/KOR_fighter_BBA_1_cv.dds,RT56과 같은 경로가 없는 HOK 고유 자산; provenance 유지,430368ACFF21189DBA0DBCC601FCE28C7925D3705596DC21A238F02F707A95A6,430368ACFF21189DBA0DBCC601FCE28C7925D3705596DC21A238F02F707A95A6
gfx/interface/technologies/KOR_fighter_BBA_2.dds,ASSET_COPY,SHIPPED,no,gfx/interface/technologies/KOR_fighter_BBA_2.dds,RT56과 같은 경로가 없는 HOK 고유 자산; provenance 유지,459BDA09A76FDADDF472102462EB6276B94B27B62220A9D1DF450F9CE463E05A,459BDA09A76FDADDF472102462EB6276B94B27B62220A9D1DF450F9CE463E05A
gfx/interface/technologies/KOR_fighter_BBA_2_cv.dds,ASSET_COPY,SHIPPED,no,gfx/interface/technologies/KOR_fighter_BBA_2_cv.dds,RT56과 같은 경로가 없는 HOK 고유 자산; provenance 유지,18D2C826091DDC750FEAC1EA0DB7ABAD679BE91F7161CC2FADE41D98F6150A4E,18D2C826091DDC750FEAC1EA0DB7ABAD679BE91F7161CC2FADE41D98F6150A4E
gfx/interface/technologies/KOR_fighter_BBA_3.dds,ASSET_COPY,SHIPPED,no,gfx/interface/technologies/KOR_fighter_BBA_3.dds,RT56과 같은 경로가 없는 HOK 고유 자산; provenance 유지,02E9AD5330C8CEA3D9182231A9B7D37B695D9298D47CD6332EF7956C6DBBE4B3,02E9AD5330C8CEA3D9182231A9B7D37B695D9298D47CD6332EF7956C6DBBE4B3
gfx/interface/technologies/KOR_fighter_BBA_3_cv.dds,ASSET_COPY,SHIPPED,no,gfx/interface/technologies/KOR_fighter_BBA_3_cv.dds,RT56과 같은 경로가 없는 HOK 고유 자산; provenance 유지,198CC091F422B44CC73256BAA6DD8E531EC89459C044524DE95D343036FF75BB,198CC091F422B44CC73256BAA6DD8E531EC89459C044524DE95D343036FF75BB
gfx/interface/technologies/KOR_fighter_BBA_4.dds,ASSET_COPY,SHIPPED,no,gfx/interface/technologies/KOR_fighter_BBA_4.dds,RT56과 같은 경로가 없는 HOK 고유 자산; provenance 유지,1BC68A7C97A667901EBFD444F26A92848A2F478D063ACE4E4AF8E0660DE94C89,1BC68A7C97A667901EBFD444F26A92848A2F478D063ACE4E4AF8E0660DE94C89
gfx/interface/technologies/KOR_fighter_BBA_4_cv.dds,ASSET_COPY,SHIPPED,no,gfx/interface/technologies/KOR_fighter_BBA_4_cv.dds,RT56과 같은 경로가 없는 HOK 고유 자산; provenance 유지,0670B855DDE4554E917C14F68FBCB11FDAFE22B11F0807B192F5BCA70295DECA,0670B855DDE4554E917C14F68FBCB11FDAFE22B11F0807B192F5BCA70295DECA
gfx/interface/technologies/KOR_fighter_BBA_5.dds,ASSET_COPY,SHIPPED,no,gfx/interface/technologies/KOR_fighter_BBA_5.dds,RT56과 같은 경로가 없는 HOK 고유 자산; provenance 유지,5AF855DB20F8730FDD063A8F21EC6E5934CF44847A717350CEB10A6DDD0A8464,5AF855DB20F8730FDD063A8F21EC6E5934CF44847A717350CEB10A6DDD0A8464
gfx/interface/technologies/KOR_fighter_BBA_5_cv.dds,ASSET_COPY,SHIPPED,no,gfx/interface/technologies/KOR_fighter_BBA_5_cv.dds,RT56과 같은 경로가 없는 HOK 고유 자산; provenance 유지,05E9663EA8E97DF723989E2D40D5A92271471F419DC59FC3680219CF8C2A65F8,05E9663EA8E97DF723989E2D40D5A92271471F419DC59FC3680219CF8C2A65F8
gfx/interface/technologies/KOR_fighter_BBA_6.dds,ASSET_COPY,SHIPPED,no,gfx/interface/technologies/KOR_fighter_BBA_6.dds,RT56과 같은 경로가 없는 HOK 고유 자산; provenance 유지,3078610C6F4D6F1EB8499B1BF081A3327EEFB9C7DEF1A67149F30944F373CD05,3078610C6F4D6F1EB8499B1BF081A3327EEFB9C7DEF1A67149F30944F373CD05
gfx/interface/technologies/KOR_fighter_BBA_6_cv.dds,ASSET_COPY,SHIPPED,no,gfx/interface/technologies/KOR_fighter_BBA_6_cv.dds,RT56과 같은 경로가 없는 HOK 고유 자산; provenance 유지,0042308881CFB03789623672A48C3FD9655C767D41165DA20864836D13C9C417,0042308881CFB03789623672A48C3FD9655C767D41165DA20864836D13C9C417
gfx/interface/technologies/KOR_flame_heavy_tank_1.dds,ASSET_COPY,SHIPPED,no,gfx/interface/technologies/KOR_flame_heavy_tank_1.dds,RT56과 같은 경로가 없는 HOK 고유 자산; provenance 유지,B39D1BB9544CF5571E22AAA66E2990050451AFA0B7F742F101C32D564F402A5C,B39D1BB9544CF5571E22AAA66E2990050451AFA0B7F742F101C32D564F402A5C
gfx/interface/technologies/KOR_flame_heavy_tank_2.dds,ASSET_COPY,SHIPPED,no,gfx/interface/technologies/KOR_flame_heavy_tank_2.dds,RT56과 같은 경로가 없는 HOK 고유 자산; provenance 유지,5ED8BC108E2D361E8F10343E1E495B2B24CB75F726E19396DDB823E5065C6E12,5ED8BC108E2D361E8F10343E1E495B2B24CB75F726E19396DDB823E5065C6E12
gfx/interface/technologies/KOR_flame_heavy_tank_3.dds,ASSET_COPY,SHIPPED,no,gfx/interface/technologies/KOR_flame_heavy_tank_3.dds,RT56과 같은 경로가 없는 HOK 고유 자산; provenance 유지,F583F8E2739201906CC164052DC56E8B09DD8B5D18F1CE14EFD446203B097C21,F583F8E2739201906CC164052DC56E8B09DD8B5D18F1CE14EFD446203B097C21
gfx/interface/technologies/KOR_flame_light_tank_1.dds,ASSET_COPY,SHIPPED,no,gfx/interface/technologies/KOR_flame_light_tank_1.dds,RT56과 같은 경로가 없는 HOK 고유 자산; provenance 유지,EEECDA7C17D17297E7C4A5F5B9E46E86C72BABD989DEDE2111D150BA5639AE9A,EEECDA7C17D17297E7C4A5F5B9E46E86C72BABD989DEDE2111D150BA5639AE9A
gfx/interface/technologies/KOR_flame_light_tank_2.dds,ASSET_COPY,SHIPPED,no,gfx/interface/technologies/KOR_flame_light_tank_2.dds,RT56과 같은 경로가 없는 HOK 고유 자산; provenance 유지,69FEDA9E57F129FC46BF3B699F2BC895AAC64272D9826EC5A954250E4D9B7C98,69FEDA9E57F129FC46BF3B699F2BC895AAC64272D9826EC5A954250E4D9B7C98
gfx/interface/technologies/KOR_flame_light_tank_3.dds,ASSET_COPY,SHIPPED,no,gfx/interface/technologies/KOR_flame_light_tank_3.dds,RT56과 같은 경로가 없는 HOK 고유 자산; provenance 유지,F47AA4CF1FD8994D7B0C9768B3C97ECE304E50863FE20022696D053C0A37AD8B,F47AA4CF1FD8994D7B0C9768B3C97ECE304E50863FE20022696D053C0A37AD8B
gfx/interface/technologies/KOR_flame_medium_tank_0.dds,ASSET_COPY,SHIPPED,no,gfx/interface/technologies/KOR_flame_medium_tank_0.dds,RT56과 같은 경로가 없는 HOK 고유 자산; provenance 유지,A58229658BBF04ECD066BDAA85C9E8DDD7A0E82881CC91479403D847D466FF11,A58229658BBF04ECD066BDAA85C9E8DDD7A0E82881CC91479403D847D466FF11
gfx/interface/technologies/KOR_flame_medium_tank_1.dds,ASSET_COPY,SHIPPED,no,gfx/interface/technologies/KOR_flame_medium_tank_1.dds,RT56과 같은 경로가 없는 HOK 고유 자산; provenance 유지,94265226920810BFE90EFA09867E719049B3BA96504C7902B480E310AA86B5E1,94265226920810BFE90EFA09867E719049B3BA96504C7902B480E310AA86B5E1
gfx/interface/technologies/KOR_flame_medium_tank_2.dds,ASSET_COPY,SHIPPED,no,gfx/interface/technologies/KOR_flame_medium_tank_2.dds,RT56과 같은 경로가 없는 HOK 고유 자산; provenance 유지,C3C0673F8DAD6AF8433E250B456811048925164325D690B404ACB05EAD133F6E,C3C0673F8DAD6AF8433E250B456811048925164325D690B404ACB05EAD133F6E
gfx/interface/technologies/KOR_flame_medium_tank_3.dds,ASSET_COPY,SHIPPED,no,gfx/interface/technologies/KOR_flame_medium_tank_3.dds,RT56과 같은 경로가 없는 HOK 고유 자산; provenance 유지,03B79EBA42EE638D2800920F1ADC7BE32FC5817766D47FD2F2443F70A5545863,03B79EBA42EE638D2800920F1ADC7BE32FC5817766D47FD2F2443F70A5545863
gfx/interface/technologies/KOR_gw_heavy_tank.dds,ASSET_COPY,SHIPPED,no,gfx/interface/technologies/KOR_gw_heavy_tank.dds,RT56과 같은 경로가 없는 HOK 고유 자산; provenance 유지,6D1546FEACEB3963D128E26EBA392229A86063DFBA9A2E16E286A36687BE3669,6D1546FEACEB3963D128E26EBA392229A86063DFBA9A2E16E286A36687BE3669
gfx/interface/technologies/KOR_gw_light_tank.dds,ASSET_COPY,SHIPPED,no,gfx/interface/technologies/KOR_gw_light_tank.dds,RT56과 같은 경로가 없는 HOK 고유 자산; provenance 유지,7BCFFA3DF0F3C8A8EDAA1DB70A63EF3B81CFF89FEED8290397609344EF03E007,7BCFFA3DF0F3C8A8EDAA1DB70A63EF3B81CFF89FEED8290397609344EF03E007
gfx/interface/technologies/KOR_gw_medium_art.dds,ASSET_COPY,SHIPPED,no,gfx/interface/technologies/KOR_gw_medium_art.dds,RT56과 같은 경로가 없는 HOK 고유 자산; provenance 유지,AF6BA772F82C1474E23013DAC3959AEF032359D339A68BC29972329B86D06847,AF6BA772F82C1474E23013DAC3959AEF032359D339A68BC29972329B86D06847
gfx/interface/technologies/KOR_gw_medium_at.dds,ASSET_COPY,SHIPPED,no,gfx/interface/technologies/KOR_gw_medium_at.dds,RT56과 같은 경로가 없는 HOK 고유 자산; provenance 유지,E8123AC4FB3E2AACF427F155924F467A6827B4A2F9DE811B46B9C38EDE09AE5B,E8123AC4FB3E2AACF427F155924F467A6827B4A2F9DE811B46B9C38EDE09AE5B
gfx/interface/technologies/KOR_gw_medium_tank.dds,ASSET_COPY,SHIPPED,no,gfx/interface/technologies/KOR_gw_medium_tank.dds,RT56과 같은 경로가 없는 HOK 고유 자산; provenance 유지,19A4ADE1A295160E2566E87C1969E28456A10D5C55E2F0F52A0688838920AC58,19A4ADE1A295160E2566E87C1969E28456A10D5C55E2F0F52A0688838920AC58
gfx/interface/technologies/KOR_gw_medium_tank_aa.dds,ASSET_COPY,SHIPPED,no,gfx/interface/technologies/KOR_gw_medium_tank_aa.dds,RT56과 같은 경로가 없는 HOK 고유 자산; provenance 유지,FF185EB1077724891EB09A3ED37F4AF7C93340BB359E55858430D0A2575462D9,FF185EB1077724891EB09A3ED37F4AF7C93340BB359E55858430D0A2575462D9
gfx/interface/technologies/KOR_heavy_battleship1.dds,ASSET_COPY,SHIPPED,no,gfx/interface/technologies/KOR_heavy_battleship1.dds,RT56과 같은 경로가 없는 HOK 고유 자산; provenance 유지,56E54D866564B5FC782F58C7DD4DFA45C52422BC70891C22ED8F52E1B09B6CD7,56E54D866564B5FC782F58C7DD4DFA45C52422BC70891C22ED8F52E1B09B6CD7
gfx/interface/technologies/KOR_heavy_cruiser1.dds,ASSET_COPY,SHIPPED,no,gfx/interface/technologies/KOR_heavy_cruiser1.dds,RT56과 같은 경로가 없는 HOK 고유 자산; provenance 유지,9BD311E98779F714B29D7CF0BA6DB846058CBEA11E3CAB8CA29AEDD43E62C809,9BD311E98779F714B29D7CF0BA6DB846058CBEA11E3CAB8CA29AEDD43E62C809
gfx/interface/technologies/KOR_heavy_cruiser2.dds,ASSET_COPY,SHIPPED,no,gfx/interface/technologies/KOR_heavy_cruiser2.dds,RT56과 같은 경로가 없는 HOK 고유 자산; provenance 유지,404336BAF9497713EC1F152A4D08AA3382AF3E83B06853F5D4F8A75C8E536D35,404336BAF9497713EC1F152A4D08AA3382AF3E83B06853F5D4F8A75C8E536D35
gfx/interface/technologies/KOR_heavy_cruiser3.dds,ASSET_COPY,SHIPPED,no,gfx/interface/technologies/KOR_heavy_cruiser3.dds,RT56과 같은 경로가 없는 HOK 고유 자산; provenance 유지,42593441855BE868664F17700CA53FC637CAA574A47B3C3829B27CACC2B2D329,42593441855BE868664F17700CA53FC637CAA574A47B3C3829B27CACC2B2D329
gfx/interface/technologies/KOR_heavy_cruiser4.dds,ASSET_COPY,SHIPPED,no,gfx/interface/technologies/KOR_heavy_cruiser4.dds,RT56과 같은 경로가 없는 HOK 고유 자산; provenance 유지,52F05EF232AA65C980604A06A1882E72DFF29408F137EA65246C3F6AF18DEE06,52F05EF232AA65C980604A06A1882E72DFF29408F137EA65246C3F6AF18DEE06
gfx/interface/technologies/KOR_heavy_fighter0.dds,ASSET_COPY,SHIPPED,no,gfx/interface/technologies/KOR_heavy_fighter0.dds,RT56과 같은 경로가 없는 HOK 고유 자산; provenance 유지,7803A79C7A3BCEB2D845CEF444D2106671B773618240B0E15F1FA11A5E0462EB,7803A79C7A3BCEB2D845CEF444D2106671B773618240B0E15F1FA11A5E0462EB
gfx/interface/technologies/KOR_heavy_fighter1.dds,ASSET_COPY,SHIPPED,no,gfx/interface/technologies/KOR_heavy_fighter1.dds,RT56과 같은 경로가 없는 HOK 고유 자산; provenance 유지,7D693AD6DC45AD944C6BE300D3159215D7C64D72928A036C68B0A07528E1BF01,7D693AD6DC45AD944C6BE300D3159215D7C64D72928A036C68B0A07528E1BF01
gfx/interface/technologies/KOR_heavy_fighter2.dds,ASSET_COPY,SHIPPED,no,gfx/interface/technologies/KOR_heavy_fighter2.dds,RT56과 같은 경로가 없는 HOK 고유 자산; provenance 유지,5567AD90381532A68EBEAF3E31A2A384487D3A959899AA8259E0918397A0977F,5567AD90381532A68EBEAF3E31A2A384487D3A959899AA8259E0918397A0977F
gfx/interface/technologies/KOR_heavy_fighter3.dds,ASSET_COPY,SHIPPED,no,gfx/interface/technologies/KOR_heavy_fighter3.dds,RT56과 같은 경로가 없는 HOK 고유 자산; provenance 유지,68C02AB42507D4170F113642F3C7CEB316584A3A6834D31F307DDBDD4EAF919F,68C02AB42507D4170F113642F3C7CEB316584A3A6834D31F307DDBDD4EAF919F
gfx/interface/technologies/KOR_helicopter.dds,ASSET_COPY,SHIPPED,no,gfx/interface/technologies/KOR_helicopter.dds,RT56과 같은 경로가 없는 HOK 고유 자산; provenance 유지,705F418F89C3E06979A747803149242372356A214DD2F300060EF3F44AB424DD,705F418F89C3E06979A747803149242372356A214DD2F300060EF3F44AB424DD
gfx/interface/technologies/KOR_helicopter1.dds,ASSET_COPY,SHIPPED,no,gfx/interface/technologies/KOR_helicopter1.dds,RT56과 같은 경로가 없는 HOK 고유 자산; provenance 유지,C46A72AAC078B9F8D4AC111FB42777ACFFBCD05FED8DE1B34FD15B4809CBBE29,C46A72AAC078B9F8D4AC111FB42777ACFFBCD05FED8DE1B34FD15B4809CBBE29
gfx/interface/technologies/KOR_imp_heavy_art.dds,ASSET_COPY,SHIPPED,no,gfx/interface/technologies/KOR_imp_heavy_art.dds,RT56과 같은 경로가 없는 HOK 고유 자산; provenance 유지,BA05BECAC6570364CE70786AD8917E46B480BF90C3812A20AA433FB564EEB54C,BA05BECAC6570364CE70786AD8917E46B480BF90C3812A20AA433FB564EEB54C
gfx/interface/technologies/KOR_imp_heavy_at.dds,ASSET_COPY,SHIPPED,no,gfx/interface/technologies/KOR_imp_heavy_at.dds,RT56과 같은 경로가 없는 HOK 고유 자산; provenance 유지,BFF4358F0569D8F4198330AF855F120D2A1C41BD2FFD7274C898ED4337909C15,BFF4358F0569D8F4198330AF855F120D2A1C41BD2FFD7274C898ED4337909C15
gfx/interface/technologies/KOR_imp_heavy_tank.dds,ASSET_COPY,SHIPPED,no,gfx/interface/technologies/KOR_imp_heavy_tank.dds,RT56과 같은 경로가 없는 HOK 고유 자산; provenance 유지,505E02F96BAAAC0B6CD0654B18B23B6C3A38BCA4024BC9233229EE36F523F5F8,505E02F96BAAAC0B6CD0654B18B23B6C3A38BCA4024BC9233229EE36F523F5F8
gfx/interface/technologies/KOR_imp_heavy_tank_aa.dds,ASSET_COPY,SHIPPED,no,gfx/interface/technologies/KOR_imp_heavy_tank_aa.dds,RT56과 같은 경로가 없는 HOK 고유 자산; provenance 유지,C70AD565BC8CB55CD632F66B68E1C540A251E0D976593F7EE04D6C6D1C354280,C70AD565BC8CB55CD632F66B68E1C540A251E0D976593F7EE04D6C6D1C354280
gfx/interface/technologies/KOR_imp_light_art.dds,ASSET_COPY,SHIPPED,no,gfx/interface/technologies/KOR_imp_light_art.dds,RT56과 같은 경로가 없는 HOK 고유 자산; provenance 유지,A1FBC85EF633D9526571DCC972F74582C413742E6D73AD02E9C2CE560C2A0934,A1FBC85EF633D9526571DCC972F74582C413742E6D73AD02E9C2CE560C2A0934
gfx/interface/technologies/KOR_imp_light_at.dds,ASSET_COPY,SHIPPED,no,gfx/interface/technologies/KOR_imp_light_at.dds,RT56과 같은 경로가 없는 HOK 고유 자산; provenance 유지,33B15593198220640474010A0E68C48B31D173A463CF02A9EEFA7FA82696F719,33B15593198220640474010A0E68C48B31D173A463CF02A9EEFA7FA82696F719
gfx/interface/technologies/KOR_imp_light_tank.dds,ASSET_COPY,SHIPPED,no,gfx/interface/technologies/KOR_imp_light_tank.dds,RT56과 같은 경로가 없는 HOK 고유 자산; provenance 유지,717694625F727BBAD132497AEAD2E3BD9428D745CB4581F745D48A80E9EDF992,717694625F727BBAD132497AEAD2E3BD9428D745CB4581F745D48A80E9EDF992
gfx/interface/technologies/KOR_imp_light_tank_aa.dds,ASSET_COPY,SHIPPED,no,gfx/interface/technologies/KOR_imp_light_tank_aa.dds,RT56과 같은 경로가 없는 HOK 고유 자산; provenance 유지,F23793F0ED6CA6342D04574B672D10E0B49CFB987DC325918A9FFE7B0F3C5529,F23793F0ED6CA6342D04574B672D10E0B49CFB987DC325918A9FFE7B0F3C5529
gfx/interface/technologies/KOR_imp_medium_art.dds,ASSET_COPY,SHIPPED,no,gfx/interface/technologies/KOR_imp_medium_art.dds,RT56과 같은 경로가 없는 HOK 고유 자산; provenance 유지,D2F2F19DA60F10291B55847CBF229C2A455F6850D708B3AA42DB1AE3EB6E500A,D2F2F19DA60F10291B55847CBF229C2A455F6850D708B3AA42DB1AE3EB6E500A
gfx/interface/technologies/KOR_imp_medium_at.dds,ASSET_COPY,SHIPPED,no,gfx/interface/technologies/KOR_imp_medium_at.dds,RT56과 같은 경로가 없는 HOK 고유 자산; provenance 유지,84364F0503FF723A863929E64CBF295D83486105688E72AC187B3C3F4406464D,84364F0503FF723A863929E64CBF295D83486105688E72AC187B3C3F4406464D
gfx/interface/technologies/KOR_imp_medium_tank.dds,ASSET_COPY,SHIPPED,no,gfx/interface/technologies/KOR_imp_medium_tank.dds,RT56과 같은 경로가 없는 HOK 고유 자산; provenance 유지,DEDC5024C91BB58BC74A0FC4A76501686E6A4FB15A804D611AC48D8986237EBD,DEDC5024C91BB58BC74A0FC4A76501686E6A4FB15A804D611AC48D8986237EBD
gfx/interface/technologies/KOR_imp_medium_tank_aa.dds,ASSET_COPY,SHIPPED,no,gfx/interface/technologies/KOR_imp_medium_tank_aa.dds,RT56과 같은 경로가 없는 HOK 고유 자산; provenance 유지,186D1C032C405928B99CBB78A0D8B2F16B64489D9CDCA23A3202A2860ADF6662,186D1C032C405928B99CBB78A0D8B2F16B64489D9CDCA23A3202A2860ADF6662
gfx/interface/technologies/KOR_infantry_equipment_1.dds,ASSET_COPY,SHIPPED,no,gfx/interface/technologies/KOR_infantry_equipment_1.dds,RT56과 같은 경로가 없는 HOK 고유 자산; provenance 유지,B56F693A6D59DA9EAC79DDCBA167CD55B1A0343AEB2FDF16BB65CC5FA9AA5830,B56F693A6D59DA9EAC79DDCBA167CD55B1A0343AEB2FDF16BB65CC5FA9AA5830
gfx/interface/technologies/KOR_infantry_equipment_2.dds,ASSET_COPY,SHIPPED,no,gfx/interface/technologies/KOR_infantry_equipment_2.dds,RT56과 같은 경로가 없는 HOK 고유 자산; provenance 유지,B2C5E52527EA106DC59404454052D211A450FF613650472BCBE576E0F64D48C8,B2C5E52527EA106DC59404454052D211A450FF613650472BCBE576E0F64D48C8
gfx/interface/technologies/KOR_infantry_equipment_3.dds,ASSET_COPY,SHIPPED,no,gfx/interface/technologies/KOR_infantry_equipment_3.dds,RT56과 같은 경로가 없는 HOK 고유 자산; provenance 유지,1E8688932B4517EF1DE0001D0A8B244AE52437FE5B21607AA13A5C1BBB653988,1E8688932B4517EF1DE0001D0A8B244AE52437FE5B21607AA13A5C1BBB653988
gfx/interface/technologies/KOR_jet_fighter1.dds,ASSET_COPY,SHIPPED,no,gfx/interface/technologies/KOR_jet_fighter1.dds,RT56과 같은 경로가 없는 HOK 고유 자산; provenance 유지,0152E030564AAE6DEDF7CFAAA42E822D9B76C0D4237464EAA60F5A270DEEB6CD,0152E030564AAE6DEDF7CFAAA42E822D9B76C0D4237464EAA60F5A270DEEB6CD
gfx/interface/technologies/KOR_jet_fighter1_cv.dds,ASSET_COPY,SHIPPED,no,gfx/interface/technologies/KOR_jet_fighter1_cv.dds,RT56과 같은 경로가 없는 HOK 고유 자산; provenance 유지,F541F30509B69E73049F61318041CB1819403A365823B1C1E31A505E930A7518,F541F30509B69E73049F61318041CB1819403A365823B1C1E31A505E930A7518
gfx/interface/technologies/KOR_jet_strategic_bomber1.dds,ASSET_COPY,SHIPPED,no,gfx/interface/technologies/KOR_jet_strategic_bomber1.dds,RT56과 같은 경로가 없는 HOK 고유 자산; provenance 유지,65ADFA7BC3B0FC1CCE541498A0670301C980976A97D04DA1B5F9A335A297C90D,65ADFA7BC3B0FC1CCE541498A0670301C980976A97D04DA1B5F9A335A297C90D
gfx/interface/technologies/KOR_jet_tactical_bomber1.dds,ASSET_COPY,SHIPPED,no,gfx/interface/technologies/KOR_jet_tactical_bomber1.dds,RT56과 같은 경로가 없는 HOK 고유 자산; provenance 유지,7AB76960EE8BDC9BA998E1D065D803661F11B3F04637B118BE06886733B90F1C,7AB76960EE8BDC9BA998E1D065D803661F11B3F04637B118BE06886733B90F1C
gfx/interface/technologies/KOR_land_cruiser_armor.dds,ASSET_COPY,SHIPPED,no,gfx/interface/technologies/KOR_land_cruiser_armor.dds,RT56과 같은 경로가 없는 HOK 고유 자산; provenance 유지,FCA6AABC26CAD292D504B8E6ADCCCAE311ACC8F9E182D7D2A4A7782E963ACA2D,FCA6AABC26CAD292D504B8E6ADCCCAE311ACC8F9E182D7D2A4A7782E963ACA2D
gfx/interface/technologies/KOR_light_cruiser1.dds,ASSET_COPY,SHIPPED,no,gfx/interface/technologies/KOR_light_cruiser1.dds,RT56과 같은 경로가 없는 HOK 고유 자산; provenance 유지,F6880450A13C5DE5F7952B3A9EFE20B560A877E177AFEB4D196F71ED1E8EA172,F6880450A13C5DE5F7952B3A9EFE20B560A877E177AFEB4D196F71ED1E8EA172
gfx/interface/technologies/KOR_light_cruiser2.dds,ASSET_COPY,SHIPPED,no,gfx/interface/technologies/KOR_light_cruiser2.dds,RT56과 같은 경로가 없는 HOK 고유 자산; provenance 유지,D05D99E4B1F66DEEB9C9954AF401F4ABC003049CEF9F9200E1F0912058B38EFE,D05D99E4B1F66DEEB9C9954AF401F4ABC003049CEF9F9200E1F0912058B38EFE
gfx/interface/technologies/KOR_light_cruiser3.dds,ASSET_COPY,SHIPPED,no,gfx/interface/technologies/KOR_light_cruiser3.dds,RT56과 같은 경로가 없는 HOK 고유 자산; provenance 유지,C93C950A868EDFA1D45AECC30D4B97C31422BB208B9C7D951C6CE40085100688,C93C950A868EDFA1D45AECC30D4B97C31422BB208B9C7D951C6CE40085100688
gfx/interface/technologies/KOR_light_cruiser4.dds,ASSET_COPY,SHIPPED,no,gfx/interface/technologies/KOR_light_cruiser4.dds,RT56과 같은 경로가 없는 HOK 고유 자산; provenance 유지,5BA94559FAEE6246DC84DDABD1CF6144DD632D45B1ADEC857199589C3CF3BD55,5BA94559FAEE6246DC84DDABD1CF6144DD632D45B1ADEC857199589C3CF3BD55
gfx/interface/technologies/KOR_main_battle_tank.dds,ASSET_COPY,SHIPPED,no,gfx/interface/technologies/KOR_main_battle_tank.dds,RT56과 같은 경로가 없는 HOK 고유 자산; provenance 유지,D3C1052FABB598CC677CCB7635C5ACAE4EB23CF4289E853B33F52CC3CDC5A93B,D3C1052FABB598CC677CCB7635C5ACAE4EB23CF4289E853B33F52CC3CDC5A93B
gfx/interface/technologies/KOR_mechanised_infantry.dds,ASSET_COPY,SHIPPED,no,gfx/interface/technologies/KOR_mechanised_infantry.dds,RT56과 같은 경로가 없는 HOK 고유 자산; provenance 유지,CF62045F43638C40156E3375DBDE636A66AB75D2B62D289DB4B0728A2386656E,CF62045F43638C40156E3375DBDE636A66AB75D2B62D289DB4B0728A2386656E
gfx/interface/technologies/KOR_mechanised_infantry2.dds,ASSET_COPY,SHIPPED,no,gfx/interface/technologies/KOR_mechanised_infantry2.dds,RT56과 같은 경로가 없는 HOK 고유 자산; provenance 유지,78A6CF143D5622ABFB05DDF202C2A0AE69A27213FE5FC4E7692C75037754BACC,78A6CF143D5622ABFB05DDF202C2A0AE69A27213FE5FC4E7692C75037754BACC
gfx/interface/technologies/KOR_mechanised_infantry3.dds,ASSET_COPY,SHIPPED,no,gfx/interface/technologies/KOR_mechanised_infantry3.dds,RT56과 같은 경로가 없는 HOK 고유 자산; provenance 유지,5BAEE73AD30947508CF76C6E68848CA295084F0A3DDE2E1875130C34376F8743,5BAEE73AD30947508CF76C6E68848CA295084F0A3DDE2E1875130C34376F8743
gfx/interface/technologies/KOR_midget_submarine.dds,ASSET_COPY,SHIPPED,no,gfx/interface/technologies/KOR_midget_submarine.dds,RT56과 같은 경로가 없는 HOK 고유 자산; provenance 유지,B282EBE8854851B73AD782F37584A89CCE3362492D0DB09A77306C13B573882E,B282EBE8854851B73AD782F37584A89CCE3362492D0DB09A77306C13B573882E
gfx/interface/technologies/KOR_mothership.dds,ASSET_COPY,SHIPPED,no,gfx/interface/technologies/KOR_mothership.dds,RT56과 같은 경로가 없는 HOK 고유 자산; provenance 유지,DC10E74400512137CE45904D30AA96E698223BD2EE0DA2D03B91EC3A2E371500,DC10E74400512137CE45904D30AA96E698223BD2EE0DA2D03B91EC3A2E371500
gfx/interface/technologies/KOR_motorised_infantry.dds,ASSET_COPY,SHIPPED,no,gfx/interface/technologies/KOR_motorised_infantry.dds,RT56과 같은 경로가 없는 HOK 고유 자산; provenance 유지,EAF9750681F80D917DF56384107397E9829CE46018B83FEABBA1F6F7B1B81F1F,EAF9750681F80D917DF56384107397E9829CE46018B83FEABBA1F6F7B1B81F1F
gfx/interface/technologies/KOR_motorized_equipment_0.dds,ASSET_COPY,SHIPPED,no,gfx/interface/technologies/KOR_motorized_equipment_0.dds,RT56과 같은 경로가 없는 HOK 고유 자산; provenance 유지,5251E7C8CA8FA377EB24B2AED3D4FE30E18B81431FC84F00E25DA0353D994188,5251E7C8CA8FA377EB24B2AED3D4FE30E18B81431FC84F00E25DA0353D994188
gfx/interface/technologies/KOR_motorized_rocket_unit.dds,ASSET_COPY,SHIPPED,no,gfx/interface/technologies/KOR_motorized_rocket_unit.dds,RT56과 같은 경로가 없는 HOK 고유 자산; provenance 유지,94BDB51995557B955BC11FFFD4AF9D36B331523B9BA4B734FA0E65F8CAC34CA2,94BDB51995557B955BC11FFFD4AF9D36B331523B9BA4B734FA0E65F8CAC34CA2
gfx/interface/technologies/KOR_naval_bomber0.dds,ASSET_COPY,SHIPPED,no,gfx/interface/technologies/KOR_naval_bomber0.dds,RT56과 같은 경로가 없는 HOK 고유 자산; provenance 유지,F90A54E899C2978809582FB92CEEBD7B94C506906737CD7D31C746E071F7E8DB,F90A54E899C2978809582FB92CEEBD7B94C506906737CD7D31C746E071F7E8DB
gfx/interface/technologies/KOR_naval_bomber0_cv.dds,ASSET_COPY,SHIPPED,no,gfx/interface/technologies/KOR_naval_bomber0_cv.dds,RT56과 같은 경로가 없는 HOK 고유 자산; provenance 유지,81C8F02839876B69A3AABDA7CA5C358B45B561B1FFE9A273A5837954115F2327,81C8F02839876B69A3AABDA7CA5C358B45B561B1FFE9A273A5837954115F2327
gfx/interface/technologies/KOR_naval_bomber1.dds,ASSET_COPY,SHIPPED,no,gfx/interface/technologies/KOR_naval_bomber1.dds,RT56과 같은 경로가 없는 HOK 고유 자산; provenance 유지,CA7521EFC4A0486F0DBC9773A09BFA7400B20D428463D0CDFEA50D50E1E19B2E,CA7521EFC4A0486F0DBC9773A09BFA7400B20D428463D0CDFEA50D50E1E19B2E
gfx/interface/technologies/KOR_naval_bomber1_cv.dds,ASSET_COPY,SHIPPED,no,gfx/interface/technologies/KOR_naval_bomber1_cv.dds,RT56과 같은 경로가 없는 HOK 고유 자산; provenance 유지,C111BC17F39F36A92EE26A6BA69C37BF214BFBFBE716D33D9E1B86E603302765,C111BC17F39F36A92EE26A6BA69C37BF214BFBFBE716D33D9E1B86E603302765
gfx/interface/technologies/KOR_naval_bomber2.dds,ASSET_COPY,SHIPPED,no,gfx/interface/technologies/KOR_naval_bomber2.dds,RT56과 같은 경로가 없는 HOK 고유 자산; provenance 유지,709A7EE898073A5886EE219DE92E3FE01D897086F41B2A2A26B50B9D87BF8800,709A7EE898073A5886EE219DE92E3FE01D897086F41B2A2A26B50B9D87BF8800
gfx/interface/technologies/KOR_naval_bomber2_cv.dds,ASSET_COPY,SHIPPED,no,gfx/interface/technologies/KOR_naval_bomber2_cv.dds,RT56과 같은 경로가 없는 HOK 고유 자산; provenance 유지,F7BCDD1C48F83ECE4FE884B642861C07947A44B3E69F2C275549697E63E33A80,F7BCDD1C48F83ECE4FE884B642861C07947A44B3E69F2C275549697E63E33A80
gfx/interface/technologies/KOR_naval_bomber3.dds,ASSET_COPY,SHIPPED,no,gfx/interface/technologies/KOR_naval_bomber3.dds,RT56과 같은 경로가 없는 HOK 고유 자산; provenance 유지,4DF3B3B6FEBE0CCA6DE8FB6344E5CB5DA185C669D5C6BD0445CD3FBDEB4164B6,4DF3B3B6FEBE0CCA6DE8FB6344E5CB5DA185C669D5C6BD0445CD3FBDEB4164B6
gfx/interface/technologies/KOR_naval_bomber3_cv.dds,ASSET_COPY,SHIPPED,no,gfx/interface/technologies/KOR_naval_bomber3_cv.dds,RT56과 같은 경로가 없는 HOK 고유 자산; provenance 유지,F33136463FE57ECBAF76DB1F2EE9614CD9C1335E46FD3582AAE1487614FAF67E,F33136463FE57ECBAF76DB1F2EE9614CD9C1335E46FD3582AAE1487614FAF67E
gfx/interface/technologies/KOR_panzerschiff.dds,ASSET_COPY,SHIPPED,no,gfx/interface/technologies/KOR_panzerschiff.dds,RT56과 같은 경로가 없는 HOK 고유 자산; provenance 유지,3DB8A9C1FA5BB6AD2004CE9CAE4D7C8171136C2D2F85AE0AA955F76DD99F5B40,3DB8A9C1FA5BB6AD2004CE9CAE4D7C8171136C2D2F85AE0AA955F76DD99F5B40
gfx/interface/technologies/KOR_pre_dreadnought.dds,ASSET_COPY,SHIPPED,no,gfx/interface/technologies/KOR_pre_dreadnought.dds,RT56과 같은 경로가 없는 HOK 고유 자산; provenance 유지,3CDB79F4C1C011C2195A3BE12BA42A4F82CEAFCB5D41409E68A128873F1B60E2,3CDB79F4C1C011C2195A3BE12BA42A4F82CEAFCB5D41409E68A128873F1B60E2
gfx/interface/technologies/KOR_railway_gun.dds,ASSET_COPY,SHIPPED,no,gfx/interface/technologies/KOR_railway_gun.dds,RT56과 같은 경로가 없는 HOK 고유 자산; provenance 유지,F9D8BBA7D51B62BD77503F7DAA5BC49E53393D2541DFA7877368ED4392D20A98,F9D8BBA7D51B62BD77503F7DAA5BC49E53393D2541DFA7877368ED4392D20A98
gfx/interface/technologies/KOR_Seaplane_fighter.dds,ASSET_COPY,SHIPPED,no,gfx/interface/technologies/KOR_Seaplane_fighter.dds,RT56과 같은 경로가 없는 HOK 고유 자산; provenance 유지,76B2793FD0EDA381E262E30C1B93ADB1F265A3E5C500EF9A30CCCA26A6000095,76B2793FD0EDA381E262E30C1B93ADB1F265A3E5C500EF9A30CCCA26A6000095
gfx/interface/technologies/KOR_self_propelled_super_heavy_artillery.dds,ASSET_COPY,SHIPPED,no,gfx/interface/technologies/KOR_self_propelled_super_heavy_artillery.dds,RT56과 같은 경로가 없는 HOK 고유 자산; provenance 유지,BE2C61A8B89BF52018AA5E1131746EC2F95473F78C239F8BDE758E045D11A82F,BE2C61A8B89BF52018AA5E1131746EC2F95473F78C239F8BDE758E045D11A82F
gfx/interface/technologies/KOR_ship_hull_fleet_submarine.dds,ASSET_COPY,SHIPPED,no,gfx/interface/technologies/KOR_ship_hull_fleet_submarine.dds,RT56과 같은 경로가 없는 HOK 고유 자산; provenance 유지,5CCF0BC942CBFA96F2F9FE8AD8F8A81A9DB6B34438E8071BC1BFC80A4F9FDA4A,5CCF0BC942CBFA96F2F9FE8AD8F8A81A9DB6B34438E8071BC1BFC80A4F9FDA4A
gfx/interface/technologies/KOR_ship_hull_modern_super_battleship.dds,ASSET_COPY,SHIPPED,no,gfx/interface/technologies/KOR_ship_hull_modern_super_battleship.dds,RT56과 같은 경로가 없는 HOK 고유 자산; provenance 유지,6B10D118AA8363D5E2DBA0CAC1824885255212C15678868FBC42148E7A8348A2,6B10D118AA8363D5E2DBA0CAC1824885255212C15678868FBC42148E7A8348A2
gfx/interface/technologies/KOR_ship_hull_nuclear_powered_submarine.dds,ASSET_COPY,SHIPPED,no,gfx/interface/technologies/KOR_ship_hull_nuclear_powered_submarine.dds,RT56과 같은 경로가 없는 HOK 고유 자산; provenance 유지,794F83FCA672F63688A52D2FDF8DD77900237733E2158A76A22E5E6A93A981D5,794F83FCA672F63688A52D2FDF8DD77900237733E2158A76A22E5E6A93A981D5
gfx/interface/technologies/KOR_ship_hull_super_carrier.dds,ASSET_COPY,SHIPPED,no,gfx/interface/technologies/KOR_ship_hull_super_carrier.dds,RT56과 같은 경로가 없는 HOK 고유 자산; provenance 유지,12B2C56117F83D011FA09AE3BC11D85F1616FB38FD98CEE0416100A5AFBB07BE,12B2C56117F83D011FA09AE3BC11D85F1616FB38FD98CEE0416100A5AFBB07BE
gfx/interface/technologies/KOR_strategic_bomber1.dds,ASSET_COPY,SHIPPED,no,gfx/interface/technologies/KOR_strategic_bomber1.dds,RT56과 같은 경로가 없는 HOK 고유 자산; provenance 유지,507801EE82202A12E920EA0555D54DD3CEF50D0F437D5354C526FD1D3F375649,507801EE82202A12E920EA0555D54DD3CEF50D0F437D5354C526FD1D3F375649
gfx/interface/technologies/KOR_strategic_bomber2.dds,ASSET_COPY,SHIPPED,no,gfx/interface/technologies/KOR_strategic_bomber2.dds,RT56과 같은 경로가 없는 HOK 고유 자산; provenance 유지,5ABFA2C8665F517D40EA0143AF1F790E56B0327C2024DC1A701BE8B54369B47E,5ABFA2C8665F517D40EA0143AF1F790E56B0327C2024DC1A701BE8B54369B47E
gfx/interface/technologies/KOR_strategic_bomber3.dds,ASSET_COPY,SHIPPED,no,gfx/interface/technologies/KOR_strategic_bomber3.dds,RT56과 같은 경로가 없는 HOK 고유 자산; provenance 유지,8E3185AA6B4393329A103A69D8D7C1D4D21B4C696F34A794031D0BE094D5282A,8E3185AA6B4393329A103A69D8D7C1D4D21B4C696F34A794031D0BE094D5282A
gfx/interface/technologies/KOR_strategic_maritime_patrol_bomber.dds,ASSET_COPY,SHIPPED,no,gfx/interface/technologies/KOR_strategic_maritime_patrol_bomber.dds,RT56과 같은 경로가 없는 HOK 고유 자산; provenance 유지,16C3E194B31B2913BE9B6F4DF11F989065BF0BC3CAF6CC568B99BF49F05CB395,16C3E194B31B2913BE9B6F4DF11F989065BF0BC3CAF6CC568B99BF49F05CB395
gfx/interface/technologies/KOR_submarine1.dds,ASSET_COPY,SHIPPED,no,gfx/interface/technologies/KOR_submarine1.dds,RT56과 같은 경로가 없는 HOK 고유 자산; provenance 유지,A215899F051EAD270003B3658E0CFF0E2EACCFD084BF1C29916BFFDE39261E12,A215899F051EAD270003B3658E0CFF0E2EACCFD084BF1C29916BFFDE39261E12
gfx/interface/technologies/KOR_submarine2.dds,ASSET_COPY,SHIPPED,no,gfx/interface/technologies/KOR_submarine2.dds,RT56과 같은 경로가 없는 HOK 고유 자산; provenance 유지,C2310AE890234A73BD3116DC127F3B0D5394A81836EC8845A50F43884724D8C8,C2310AE890234A73BD3116DC127F3B0D5394A81836EC8845A50F43884724D8C8
gfx/interface/technologies/KOR_submarine3.dds,ASSET_COPY,SHIPPED,no,gfx/interface/technologies/KOR_submarine3.dds,RT56과 같은 경로가 없는 HOK 고유 자산; provenance 유지,3676FA6556C60BB80F6AA202706893D0600BC6C90DA22DCA2F26096E074DBA64,3676FA6556C60BB80F6AA202706893D0600BC6C90DA22DCA2F26096E074DBA64
gfx/interface/technologies/KOR_submarine4.dds,ASSET_COPY,SHIPPED,no,gfx/interface/technologies/KOR_submarine4.dds,RT56과 같은 경로가 없는 HOK 고유 자산; provenance 유지,8D8D432537756B5EDC8608B28CAE31D91E733E141342980EA6C7830D2587A94E,8D8D432537756B5EDC8608B28CAE31D91E733E141342980EA6C7830D2587A94E
gfx/interface/technologies/KOR_super_heavy_artillery.dds,ASSET_COPY,SHIPPED,no,gfx/interface/technologies/KOR_super_heavy_artillery.dds,RT56과 같은 경로가 없는 HOK 고유 자산; provenance 유지,AF569BDCE1AD656D8782FBDCC8EC1A2E27E66D40886F81C906EF73A60372D4DC,AF569BDCE1AD656D8782FBDCC8EC1A2E27E66D40886F81C906EF73A60372D4DC
gfx/interface/technologies/KOR_super_heavy_railway_gun.dds,ASSET_COPY,SHIPPED,no,gfx/interface/technologies/KOR_super_heavy_railway_gun.dds,RT56과 같은 경로가 없는 HOK 고유 자산; provenance 유지,75E208F02B88CBD0E28F16EED3870F14146D05367761EAE23E221D4ECA782A47,75E208F02B88CBD0E28F16EED3870F14146D05367761EAE23E221D4ECA782A47
gfx/interface/technologies/KOR_superheavy_tank.dds,ASSET_COPY,SHIPPED,no,gfx/interface/technologies/KOR_superheavy_tank.dds,RT56과 같은 경로가 없는 HOK 고유 자산; provenance 유지,390987A1440474D38B1D384D0A914CDC2E24CB035D5A3D35EC403C7C9DCFAB88,390987A1440474D38B1D384D0A914CDC2E24CB035D5A3D35EC403C7C9DCFAB88
gfx/interface/technologies/KOR_superheavy_tank2.dds,ASSET_COPY,SHIPPED,no,gfx/interface/technologies/KOR_superheavy_tank2.dds,RT56과 같은 경로가 없는 HOK 고유 자산; provenance 유지,092471FAEBB79A89ED5542815978019DFC3B78C035D8FAFDD36B55A494B8FFB7,092471FAEBB79A89ED5542815978019DFC3B78C035D8FAFDD36B55A494B8FFB7
gfx/interface/technologies/KOR_supersonic_jet_plane.dds,ASSET_COPY,SHIPPED,no,gfx/interface/technologies/KOR_supersonic_jet_plane.dds,RT56과 같은 경로가 없는 HOK 고유 자산; provenance 유지,FAFFEE898388B692BAF4DF191CE9E91EBE46E49FCCF76C8334A0CCF3A02E8041,FAFFEE898388B692BAF4DF191CE9E91EBE46E49FCCF76C8334A0CCF3A02E8041
gfx/interface/technologies/KOR_tactical_bomber1.dds,ASSET_COPY,SHIPPED,no,gfx/interface/technologies/KOR_tactical_bomber1.dds,RT56과 같은 경로가 없는 HOK 고유 자산; provenance 유지,1EDD30BFB26D8A584B83F434E0E9E137BF6A495967F17887115D1AF7C35EB52C,1EDD30BFB26D8A584B83F434E0E9E137BF6A495967F17887115D1AF7C35EB52C
gfx/interface/technologies/KOR_tactical_bomber2.dds,ASSET_COPY,SHIPPED,no,gfx/interface/technologies/KOR_tactical_bomber2.dds,RT56과 같은 경로가 없는 HOK 고유 자산; provenance 유지,75CC08C709C7E844714215103244CC0B523977073FC8DBEF7485542778416F05,75CC08C709C7E844714215103244CC0B523977073FC8DBEF7485542778416F05
gfx/interface/technologies/KOR_tactical_bomber3.dds,ASSET_COPY,SHIPPED,no,gfx/interface/technologies/KOR_tactical_bomber3.dds,RT56과 같은 경로가 없는 HOK 고유 자산; provenance 유지,41A7FC5C34C61D787A84946B6C61AA42BCBE10F1E575647A522347C5F3D3232E,41A7FC5C34C61D787A84946B6C61AA42BCBE10F1E575647A522347C5F3D3232E
gfx/interface/technologies/KOR_torpedo_cruiser.dds,ASSET_COPY,SHIPPED,no,gfx/interface/technologies/KOR_torpedo_cruiser.dds,RT56과 같은 경로가 없는 HOK 고유 자산; provenance 유지,F91F4013AB63103C1C7938BAA3DA4E553F4A6CB7F565A0BA52A3D7A9719978AE,F91F4013AB63103C1C7938BAA3DA4E553F4A6CB7F565A0BA52A3D7A9719978AE
gfx/interface/technologies/KOR_transport_plane_equipment_1.dds,ASSET_COPY,SHIPPED,no,gfx/interface/technologies/KOR_transport_plane_equipment_1.dds,RT56과 같은 경로가 없는 HOK 고유 자산; provenance 유지,0E4AAE0E2EC0B6BFD9DCF8BFF55E4F09908F76F570DF59E18E83E0BDB534C86A,0E4AAE0E2EC0B6BFD9DCF8BFF55E4F09908F76F570DF59E18E83E0BDB534C86A
gfx/interface/technologies/KOR_transport_plane_equipment_2.dds,ASSET_COPY,SHIPPED,no,gfx/interface/technologies/KOR_transport_plane_equipment_2.dds,RT56과 같은 경로가 없는 HOK 고유 자산; provenance 유지,863D32ACCCB421F6E4492AE4738C80ACE554976AD6C76081AF7E2C3587C83F34,863D32ACCCB421F6E4492AE4738C80ACE554976AD6C76081AF7E2C3587C83F34
gfx/interface/technologies/KOR_transport_plane_equipment_3.dds,ASSET_COPY,SHIPPED,no,gfx/interface/technologies/KOR_transport_plane_equipment_3.dds,RT56과 같은 경로가 없는 HOK 고유 자산; provenance 유지,F71A5FC30DEC0E06AE84B747CE68583F4F87D40D5F1E37AAD0061BA976201071,F71A5FC30DEC0E06AE84B747CE68583F4F87D40D5F1E37AAD0061BA976201071
gfx/interface/technologies/NSB_tank_chassis_KOR/KOR_heavy_tank_chassis_0.dds,ASSET_COPY,SHIPPED,no,gfx/interface/technologies/NSB_tank_chassis_KOR/KOR_heavy_tank_chassis_0.dds,RT56과 같은 경로가 없는 HOK 고유 자산; provenance 유지,CA8C1AEF36F6CF73B6460E4631A67A513025250B909296CDAB2EA014E9735754,CA8C1AEF36F6CF73B6460E4631A67A513025250B909296CDAB2EA014E9735754
gfx/interface/technologies/NSB_tank_chassis_KOR/KOR_heavy_tank_chassis_1.dds,ASSET_COPY,SHIPPED,no,gfx/interface/technologies/NSB_tank_chassis_KOR/KOR_heavy_tank_chassis_1.dds,RT56과 같은 경로가 없는 HOK 고유 자산; provenance 유지,57844D07F77949B4BC42DCD2101206B1D4F59B7DEA4BA5612428937A1170F429,57844D07F77949B4BC42DCD2101206B1D4F59B7DEA4BA5612428937A1170F429
gfx/interface/technologies/NSB_tank_chassis_KOR/KOR_heavy_tank_chassis_2.dds,ASSET_COPY,SHIPPED,no,gfx/interface/technologies/NSB_tank_chassis_KOR/KOR_heavy_tank_chassis_2.dds,RT56과 같은 경로가 없는 HOK 고유 자산; provenance 유지,E4A2EC13F9C09B00B02FB41BCC8C9405EAB69F560ABED6109F271BF7D9830555,E4A2EC13F9C09B00B02FB41BCC8C9405EAB69F560ABED6109F271BF7D9830555
gfx/interface/technologies/NSB_tank_chassis_KOR/KOR_heavy_tank_chassis_3.dds,ASSET_COPY,SHIPPED,no,gfx/interface/technologies/NSB_tank_chassis_KOR/KOR_heavy_tank_chassis_3.dds,RT56과 같은 경로가 없는 HOK 고유 자산; provenance 유지,4E7C68EAAF9DE1139B541E223FA6C30FA500F60D7980A81EC2DD31BC1CEE6F2C,4E7C68EAAF9DE1139B541E223FA6C30FA500F60D7980A81EC2DD31BC1CEE6F2C
gfx/interface/technologies/NSB_tank_chassis_KOR/KOR_light_tank_chassis_0.dds,ASSET_COPY,SHIPPED,no,gfx/interface/technologies/NSB_tank_chassis_KOR/KOR_light_tank_chassis_0.dds,RT56과 같은 경로가 없는 HOK 고유 자산; provenance 유지,E64AE18FED3DD22289FF83D27D1E4659F6666EEDCE45F823A85D248352010884,E64AE18FED3DD22289FF83D27D1E4659F6666EEDCE45F823A85D248352010884
gfx/interface/technologies/NSB_tank_chassis_KOR/KOR_light_tank_chassis_1.dds,ASSET_COPY,SHIPPED,no,gfx/interface/technologies/NSB_tank_chassis_KOR/KOR_light_tank_chassis_1.dds,RT56과 같은 경로가 없는 HOK 고유 자산; provenance 유지,C17618C7639DD5DAA8EDB7D4AEF04805924EF55533F9C4200ACD33DF2C118CD6,C17618C7639DD5DAA8EDB7D4AEF04805924EF55533F9C4200ACD33DF2C118CD6
gfx/interface/technologies/NSB_tank_chassis_KOR/KOR_light_tank_chassis_2.dds,ASSET_COPY,SHIPPED,no,gfx/interface/technologies/NSB_tank_chassis_KOR/KOR_light_tank_chassis_2.dds,RT56과 같은 경로가 없는 HOK 고유 자산; provenance 유지,D903F0194FE60FFB9A4FF49FE03A73C378FD653D6145EC6B772B7CFCEF25E563,D903F0194FE60FFB9A4FF49FE03A73C378FD653D6145EC6B772B7CFCEF25E563
gfx/interface/technologies/NSB_tank_chassis_KOR/KOR_light_tank_chassis_3.dds,ASSET_COPY,SHIPPED,no,gfx/interface/technologies/NSB_tank_chassis_KOR/KOR_light_tank_chassis_3.dds,RT56과 같은 경로가 없는 HOK 고유 자산; provenance 유지,0758DBE1804C9E226B0714EC8975FC44A7EBF3255A7E1C5ED5675D52E55059FE,0758DBE1804C9E226B0714EC8975FC44A7EBF3255A7E1C5ED5675D52E55059FE
gfx/interface/technologies/NSB_tank_chassis_KOR/KOR_medium_tank_chassis_0.dds,ASSET_COPY,SHIPPED,no,gfx/interface/technologies/NSB_tank_chassis_KOR/KOR_medium_tank_chassis_0.dds,RT56과 같은 경로가 없는 HOK 고유 자산; provenance 유지,2F4083C106180F6C3A4FFC724D37F89A46B29F8AE06D1A219A70D1DD668E56FE,2F4083C106180F6C3A4FFC724D37F89A46B29F8AE06D1A219A70D1DD668E56FE
gfx/interface/technologies/NSB_tank_chassis_KOR/KOR_medium_tank_chassis_1.dds,ASSET_COPY,SHIPPED,no,gfx/interface/technologies/NSB_tank_chassis_KOR/KOR_medium_tank_chassis_1.dds,RT56과 같은 경로가 없는 HOK 고유 자산; provenance 유지,FEB9A034EB91C607CCA675211E977F13C85A36B97EE5EAB2A78F2F8A290BB6EA,FEB9A034EB91C607CCA675211E977F13C85A36B97EE5EAB2A78F2F8A290BB6EA
gfx/interface/technologies/NSB_tank_chassis_KOR/KOR_medium_tank_chassis_2.dds,ASSET_COPY,SHIPPED,no,gfx/interface/technologies/NSB_tank_chassis_KOR/KOR_medium_tank_chassis_2.dds,RT56과 같은 경로가 없는 HOK 고유 자산; provenance 유지,F546D4CB9EC61200C4BDAE4BF85B2F897728D4DDF229F3B83667F0B59D2CE220,F546D4CB9EC61200C4BDAE4BF85B2F897728D4DDF229F3B83667F0B59D2CE220
gfx/interface/technologies/NSB_tank_chassis_KOR/KOR_medium_tank_chassis_3.dds,ASSET_COPY,SHIPPED,no,gfx/interface/technologies/NSB_tank_chassis_KOR/KOR_medium_tank_chassis_3.dds,RT56과 같은 경로가 없는 HOK 고유 자산; provenance 유지,E30895D2BDA2D5BC580032C95DE79B3E95BB8DB175E73CE4F9E1A9EA6163D68E,E30895D2BDA2D5BC580032C95DE79B3E95BB8DB175E73CE4F9E1A9EA6163D68E
gfx/interface/technologies/NSB_tank_chassis_KOR/KOR_modern_tank_chassis.dds,ASSET_COPY,SHIPPED,no,gfx/interface/technologies/NSB_tank_chassis_KOR/KOR_modern_tank_chassis.dds,RT56과 같은 경로가 없는 HOK 고유 자산; provenance 유지,CE6346833A2FCBA4A5A7B9628347B412ADA2E5093222E807096964ED585E765E,CE6346833A2FCBA4A5A7B9628347B412ADA2E5093222E807096964ED585E765E
gfx/interface/technologies/NSB_tank_chassis_KOR/KOR_super_heavy_tank_chassis.dds,ASSET_COPY,SHIPPED,no,gfx/interface/technologies/NSB_tank_chassis_KOR/KOR_super_heavy_tank_chassis.dds,RT56과 같은 경로가 없는 HOK 고유 자산; provenance 유지,B379588B0830DA3667FB6CD640FABCBB957F214D4AD312E555E08B2FBA5A9DE5,B379588B0830DA3667FB6CD640FABCBB957F214D4AD312E555E08B2FBA5A9DE5
gfx/interface/traits/personal/trait_HoK_artillery_officer.dds,ASSET_COPY,SHIPPED,no,gfx/interface/traits/personal/trait_HoK_artillery_officer.dds,RT56과 같은 경로가 없는 HOK 고유 자산; provenance 유지,5EF9DA7F86904FA3D688EA4007D5969CAA9A67DB5095ACFFB0543C67B7BB46C5,5EF9DA7F86904FA3D688EA4007D5969CAA9A67DB5095ACFFB0543C67B7BB46C5
gfx/interface/traits/personal/trait_HoK_democratic_sympathizer.dds,ASSET_COPY,SHIPPED,no,gfx/interface/traits/personal/trait_HoK_democratic_sympathizer.dds,RT56과 같은 경로가 없는 HOK 고유 자산; provenance 유지,74F12EC27E181A1D739FC5DB221868858FAFDDB67C6376F444EA909577942A84,74F12EC27E181A1D739FC5DB221868858FAFDDB67C6376F444EA909577942A84
gfx/leaders/JAP/portrait_Japan_jnlc.dds,USE_RT56,OMITTED_OUT_OF_SCOPE,no,(omitted; RT56/vanilla scope retained),runtime 참조가 없는 비한국 donor 자산을 제외,E2430A609EBBBD7C17D7106597938CEB9FE9CC68BCE95B27A3B2490ABE6D4645,
gfx/leaders/JAP/Portrait_Japan_Masatomi_Kimura.dds,USE_RT56,OMITTED_OUT_OF_SCOPE,no,(omitted; RT56/vanilla scope retained),runtime 참조가 없는 비한국 donor 자산을 제외,E25BA912A941874E245E6724F594219BF6F100AE4A1D2A82296443C0D374E2CE,
gfx/leaders/JAP/Portrait_Japan_Mitsumasa_Yonai.dds,USE_RT56,OMITTED_OUT_OF_SCOPE,no,(omitted; RT56/vanilla scope retained),runtime 참조가 없는 비한국 donor 자산을 제외,78F6EA8B984549CF52F77B9C1973F305C6BB4E1654C05961116F004B5A84F1BA,
gfx/leaders/JAP/Portrait_Japan_Renya_Mutaguchi.dds,USE_RT56,OMITTED_OUT_OF_SCOPE,no,(omitted; RT56/vanilla scope retained),runtime 참조가 없는 비한국 donor 자산을 제외,C0E87FE9C6A425B847668CF0930B144A8308BEEBB4D9889575A904B886E827FE,
gfx/leaders/JAP/Portrait_Japan_Shin_Yoshida.dds,USE_RT56,OMITTED_OUT_OF_SCOPE,no,(omitted; RT56/vanilla scope retained),runtime 참조가 없는 비한국 donor 자산을 제외,079C35F4E0C379831DAA819DFE508BC793DE932E54543C6D5C773237284B12C7,
gfx/leaders/JAP/Portrait_Japan_Sigesaburo_miyazaki.dds,USE_RT56,OMITTED_OUT_OF_SCOPE,no,(omitted; RT56/vanilla scope retained),runtime 참조가 없는 비한국 donor 자산을 제외,3B7E5F10D2D2D182AEA17537807CD2CC74D643F6FC7693E8324908E6DD43A3B8,
gfx/leaders/JAP/Portrait_Japan_Tadamichi_kuribayashi.dds,USE_RT56,OMITTED_OUT_OF_SCOPE,no,(omitted; RT56/vanilla scope retained),runtime 참조가 없는 비한국 donor 자산을 제외,598D2FE021DD56A6F8E2EF10A2563C47E2DAA5A4E3554174D1DCD55C68DABB10,
gfx/leaders/JAP/Portrait_Japan_Tamon_Yamaguchi.dds,USE_RT56,OMITTED_OUT_OF_SCOPE,no,(omitted; RT56/vanilla scope retained),runtime 참조가 없는 비한국 donor 자산을 제외,A0026CADDD54F4187BF48A47680131579CA8CEF0491DD50360F13E795A3D864D,
gfx/leaders/JAP/Portrait_Japan_Tatsuji_Fuse.dds,USE_RT56,OMITTED_OUT_OF_SCOPE,no,(omitted; RT56/vanilla scope retained),runtime 참조가 없는 비한국 donor 자산을 제외,46F0051B4DC778A0CC790099B3D834BE324ED521D406ADABCC7AF25FD0D92F03,
gfx/leaders/KOR/empty.dds,ASSET_COPY,SHIPPED,no,gfx/leaders/KOR/empty.dds,RT56과 같은 경로가 없는 HOK 고유 자산; provenance 유지,DAA416037874073CD3D733A31BA364E2340B82AE5A4C50DDE1811AF970E5B218,DAA416037874073CD3D733A31BA364E2340B82AE5A4C50DDE1811AF970E5B218
gfx/leaders/KOR/Portrait_KOR_Beomdo_Hong.dds,ASSET_COPY,SHIPPED,no,gfx/leaders/KOR/Portrait_KOR_Beomdo_Hong.dds,RT56과 같은 경로가 없는 HOK 고유 자산; provenance 유지,9454C5E5FE447C1B64DC337ACF79601140EC02A4FA6834581C868C40DD726A75,9454C5E5FE447C1B64DC337ACF79601140EC02A4FA6834581C868C40DD726A75
gfx/leaders/KOR/Portrait_KOR_Beomseok_Lee.dds,ASSET_COPY,SHIPPED,no,gfx/leaders/KOR/Portrait_KOR_Beomseok_Lee.dds,RT56과 같은 경로가 없는 HOK 고유 자산; provenance 유지,2D0F9854265AB5121DB7A84011C05A256C5203C87B4E9BDA4E01935B2B453B92,2D0F9854265AB5121DB7A84011C05A256C5203C87B4E9BDA4E01935B2B453B92
gfx/leaders/KOR/Portrait_KOR_Boseon_Yoon.dds,ASSET_COPY,SHIPPED,no,gfx/leaders/KOR/Portrait_KOR_Boseon_Yoon.dds,RT56과 같은 경로가 없는 HOK 고유 자산; provenance 유지,8300B5C9FA4BD2D039E369928981022CE2C8716DA6AA029435293C466CD1323B,8300B5C9FA4BD2D039E369928981022CE2C8716DA6AA029435293C466CD1323B
gfx/leaders/KOR/Portrait_KOR_Changho_Ahn.dds,ASSET_COPY,SHIPPED,no,gfx/leaders/KOR/Portrait_KOR_Changho_Ahn.dds,RT56과 같은 경로가 없는 HOK 고유 자산; provenance 유지,7EB956C4C8B1B5B49C3B44D5CAC3A6D1FA89A745190CAA1DB046775EF98B54A9,7EB956C4C8B1B5B49C3B44D5CAC3A6D1FA89A745190CAA1DB046775EF98B54A9
gfx/leaders/KOR/Portrait_KOR_Changnam_Ahn.dds,ASSET_COPY,SHIPPED,no,gfx/leaders/KOR/Portrait_KOR_Changnam_Ahn.dds,RT56과 같은 경로가 없는 HOK 고유 자산; provenance 유지,7A2A74FC4417729BECCFCBF9060EC2561E9768CAF0AA7F4AE3F3DAE690C830E1,7A2A74FC4417729BECCFCBF9060EC2561E9768CAF0AA7F4AE3F3DAE690C830E1
gfx/leaders/KOR/Portrait_KOR_Cheongcheon_Ji.dds,ASSET_COPY,SHIPPED,no,gfx/leaders/KOR/Portrait_KOR_Cheongcheon_Ji.dds,RT56과 같은 경로가 없는 HOK 고유 자산; provenance 유지,469E9D4E17B8A0A3BCF1734E324E3719F80431964B224BF09F0418B681566F5E,469E9D4E17B8A0A3BCF1734E324E3719F80431964B224BF09F0418B681566F5E
gfx/leaders/KOR/Portrait_KOR_Dongyeol_Yoo.dds,ASSET_COPY,SHIPPED,no,gfx/leaders/KOR/Portrait_KOR_Dongyeol_Yoo.dds,RT56과 같은 경로가 없는 HOK 고유 자산; provenance 유지,C0C32646438B5170D5313B1F9C700E86714AF7309741A13787AB86DB95BF3422,C0C32646438B5170D5313B1F9C700E86714AF7309741A13787AB86DB95BF3422
gfx/leaders/KOR/Portrait_KOR_Eun_Lee.dds,ASSET_COPY,SHIPPED,no,gfx/leaders/KOR/Portrait_KOR_Eun_Lee.dds,RT56과 같은 경로가 없는 HOK 고유 자산; provenance 유지,5D44D316E2FF4B4ECA435DCA5D0DBC8894C78B01AE752A828EA90F42FC33A3E8,5D44D316E2FF4B4ECA435DCA5D0DBC8894C78B01AE752A828EA90F42FC33A3E8
gfx/leaders/KOR/Portrait_KOR_Eun_Lee_general.dds,ASSET_COPY,SHIPPED,no,gfx/leaders/KOR/Portrait_KOR_Eun_Lee_general.dds,RT56과 같은 경로가 없는 HOK 고유 자산; provenance 유지,065B7598F99B15954477049B094C66D09C7C74C65C615EDDFC4AE79E7533D08F,065B7598F99B15954477049B094C66D09C7C74C65C615EDDFC4AE79E7533D08F
gfx/leaders/KOR/Portrait_KOR_Eungjun_Lee.dds,ASSET_COPY,SHIPPED,no,gfx/leaders/KOR/Portrait_KOR_Eungjun_Lee.dds,RT56과 같은 경로가 없는 HOK 고유 자산; provenance 유지,DC3A488DB60E2648E0DC349D1F3C34699BEF680AC597D7553F91614EA99E3677,DC3A488DB60E2648E0DC349D1F3C34699BEF680AC597D7553F91614EA99E3677
gfx/leaders/KOR/Portrait_KOR_Gang_Lee.dds,ASSET_COPY,SHIPPED,no,gfx/leaders/KOR/Portrait_KOR_Gang_Lee.dds,RT56과 같은 경로가 없는 HOK 고유 자산; provenance 유지,D5B2974C6F442F27C175379D30B7D12829B0E336E3D696348A5E202C8B4F3C6E,D5B2974C6F442F27C175379D30B7D12829B0E336E3D696348A5E202C8B4F3C6E
gfx/leaders/KOR/Portrait_KOR_Generic_land_1.dds,ASSET_COPY,SHIPPED,no,gfx/leaders/KOR/Portrait_KOR_Generic_land_1.dds,RT56과 같은 경로가 없는 HOK 고유 자산; provenance 유지,DD30C8AA65E4AE4200AC8BF10280D8F55DDD27B35BFAC4707BCB5C6E0391428D,DD30C8AA65E4AE4200AC8BF10280D8F55DDD27B35BFAC4707BCB5C6E0391428D
gfx/leaders/KOR/Portrait_KOR_Generic_land_2.dds,ASSET_COPY,SHIPPED,no,gfx/leaders/KOR/Portrait_KOR_Generic_land_2.dds,RT56과 같은 경로가 없는 HOK 고유 자산; provenance 유지,D62D3B9A97C8F2A2BC3CDFBBD2E6752B377BEB5E636025324A130553F0D701E6,D62D3B9A97C8F2A2BC3CDFBBD2E6752B377BEB5E636025324A130553F0D701E6
gfx/leaders/KOR/Portrait_KOR_Generic_land_3.dds,ASSET_COPY,SHIPPED,no,gfx/leaders/KOR/Portrait_KOR_Generic_land_3.dds,RT56과 같은 경로가 없는 HOK 고유 자산; provenance 유지,A0788BA31E65A65909F128D1EF3BBFB1485F81D77C18946CD2B27529A6B9E005,A0788BA31E65A65909F128D1EF3BBFB1485F81D77C18946CD2B27529A6B9E005
gfx/leaders/KOR/Portrait_KOR_Generic_land_4.dds,ASSET_COPY,SHIPPED,no,gfx/leaders/KOR/Portrait_KOR_Generic_land_4.dds,RT56과 같은 경로가 없는 HOK 고유 자산; provenance 유지,84F25A96285A29A3452768A5F9B4DAFEE834B491485B3C65479A9E55C2AEB643,84F25A96285A29A3452768A5F9B4DAFEE834B491485B3C65479A9E55C2AEB643
gfx/leaders/KOR/Portrait_KOR_Generic_land_5.dds,ASSET_COPY,SHIPPED,no,gfx/leaders/KOR/Portrait_KOR_Generic_land_5.dds,RT56과 같은 경로가 없는 HOK 고유 자산; provenance 유지,D922072F7DD27BDA1037925D8C5D244143A48B12EF6C52E57309BC4F773E3626,D922072F7DD27BDA1037925D8C5D244143A48B12EF6C52E57309BC4F773E3626
gfx/leaders/KOR/Portrait_KOR_Generic_land_6.dds,ASSET_COPY,SHIPPED,no,gfx/leaders/KOR/Portrait_KOR_Generic_land_6.dds,RT56과 같은 경로가 없는 HOK 고유 자산; provenance 유지,11B603838241491274AB697BA4788E7429B540162C626712A78A063EF2E43B2C,11B603838241491274AB697BA4788E7429B540162C626712A78A063EF2E43B2C
gfx/leaders/KOR/Portrait_KOR_Generic_land_7.dds,ASSET_COPY,SHIPPED,no,gfx/leaders/KOR/Portrait_KOR_Generic_land_7.dds,RT56과 같은 경로가 없는 HOK 고유 자산; provenance 유지,0EF95F23A74315B45F4DC2A3CE3A0D065699AF1E2F2351D264F04F5395FD792D,0EF95F23A74315B45F4DC2A3CE3A0D065699AF1E2F2351D264F04F5395FD792D
gfx/leaders/KOR/Portrait_KOR_Generic_land_8.dds,ASSET_COPY,SHIPPED,no,gfx/leaders/KOR/Portrait_KOR_Generic_land_8.dds,RT56과 같은 경로가 없는 HOK 고유 자산; provenance 유지,7E2117C957D20CDFD17545C3CC9D7B1135BB4CEE4DC8E8D15E0B38B1A287080F,7E2117C957D20CDFD17545C3CC9D7B1135BB4CEE4DC8E8D15E0B38B1A287080F
gfx/leaders/KOR/Portrait_KOR_Generic_land_9.dds,ASSET_COPY,SHIPPED,no,gfx/leaders/KOR/Portrait_KOR_Generic_land_9.dds,RT56과 같은 경로가 없는 HOK 고유 자산; provenance 유지,44DC0B670B2833E543D7D8288BEF47B14B210158FBBD9003B5D954F18DA6A0E2,44DC0B670B2833E543D7D8288BEF47B14B210158FBBD9003B5D954F18DA6A0E2
gfx/leaders/KOR/Portrait_KOR_Generic_navy_1.dds,ASSET_COPY,SHIPPED,no,gfx/leaders/KOR/Portrait_KOR_Generic_navy_1.dds,RT56과 같은 경로가 없는 HOK 고유 자산; provenance 유지,CB5448970FAEA56DF490FBED3ECA420B6D0E9CF15C77C428ABBE6133E88B4390,CB5448970FAEA56DF490FBED3ECA420B6D0E9CF15C77C428ABBE6133E88B4390
gfx/leaders/KOR/Portrait_KOR_Generic_navy_2.dds,ASSET_COPY,SHIPPED,no,gfx/leaders/KOR/Portrait_KOR_Generic_navy_2.dds,RT56과 같은 경로가 없는 HOK 고유 자산; provenance 유지,22332949B8DFB543061A6983A3689FAD82696E9EE46ED09BF5EEB87D2BC7EC41,22332949B8DFB543061A6983A3689FAD82696E9EE46ED09BF5EEB87D2BC7EC41
gfx/leaders/KOR/Portrait_KOR_Generic_navy_3.dds,ASSET_COPY,SHIPPED,no,gfx/leaders/KOR/Portrait_KOR_Generic_navy_3.dds,RT56과 같은 경로가 없는 HOK 고유 자산; provenance 유지,0C34A6EAFE890239BE1CD33B8F387358FF13B103324EB474C8DFE3E28D80699F,0C34A6EAFE890239BE1CD33B8F387358FF13B103324EB474C8DFE3E28D80699F
gfx/leaders/KOR/Portrait_KOR_Generic_navy_4.dds,ASSET_COPY,SHIPPED,no,gfx/leaders/KOR/Portrait_KOR_Generic_navy_4.dds,RT56과 같은 경로가 없는 HOK 고유 자산; provenance 유지,1657CB929BE5665D37F3BE31CDCFEC6613138E17D0A84E7F9EE6A41306BEB18E,1657CB929BE5665D37F3BE31CDCFEC6613138E17D0A84E7F9EE6A41306BEB18E
gfx/leaders/KOR/Portrait_KOR_Giok_Gwon.dds,ASSET_COPY,SHIPPED,no,gfx/leaders/KOR/Portrait_KOR_Giok_Gwon.dds,RT56과 같은 경로가 없는 HOK 고유 자산; provenance 유지,B1D9942DACCC5418539FBBE9F6550E7E435374386D34B0B0C60233A839C101A1,B1D9942DACCC5418539FBBE9F6550E7E435374386D34B0B0C60233A839C101A1
gfx/leaders/KOR/Portrait_KOR_Gongsu_Kim.dds,ASSET_COPY,SHIPPED,no,gfx/leaders/KOR/Portrait_KOR_Gongsu_Kim.dds,RT56과 같은 경로가 없는 HOK 고유 자산; provenance 유지,2C1E6D3E3B4938CAEBCA6F01F9F6791A60270C8D3E587F7449C02F1C07A24239,2C1E6D3E3B4938CAEBCA6F01F9F6791A60270C8D3E587F7449C02F1C07A24239
gfx/leaders/KOR/Portrait_KOR_Gu_Kim.dds,ASSET_COPY,SHIPPED,no,gfx/leaders/KOR/Portrait_KOR_Gu_Kim.dds,RT56과 같은 경로가 없는 HOK 고유 자산; provenance 유지,8A19B37ECF6BEF487E089E8A49E19563B40ACE99AF671B3DF27AD4A210D8FE0F,8A19B37ECF6BEF487E089E8A49E19563B40ACE99AF671B3DF27AD4A210D8FE0F
gfx/leaders/KOR/Portrait_KOR_Gwangseon_Oh.dds,ASSET_COPY,SHIPPED,no,gfx/leaders/KOR/Portrait_KOR_Gwangseon_Oh.dds,RT56과 같은 경로가 없는 HOK 고유 자산; provenance 유지,D5136275A2DE54CF5544D1E7790F31D9C4CDA44666A36E79E613675BECC0E8EC,D5136275A2DE54CF5544D1E7790F31D9C4CDA44666A36E79E613675BECC0E8EC
gfx/leaders/KOR/Portrait_KOR_Gyugap_Lee.dds,ASSET_COPY,SHIPPED,no,gfx/leaders/KOR/Portrait_KOR_Gyugap_Lee.dds,RT56과 같은 경로가 없는 HOK 고유 자산; provenance 유지,EA98A4A2FED6E3CF2FEAA1DA215B0244744D20C6F3AFF06B4D39FE107A217FBE,EA98A4A2FED6E3CF2FEAA1DA215B0244744D20C6F3AFF06B4D39FE107A217FBE
gfx/leaders/KOR/Portrait_KOR_Gyungcheon_Kim.dds,ASSET_COPY,SHIPPED,no,gfx/leaders/KOR/Portrait_KOR_Gyungcheon_Kim.dds,RT56과 같은 경로가 없는 HOK 고유 자산; provenance 유지,E5B7834969E405BD3CD9DDD8DDAA5FB0BE45E17EA24C21AE3BC15176B0B3EABB,E5B7834969E405BD3CD9DDD8DDAA5FB0BE45E17EA24C21AE3BC15176B0B3EABB
gfx/leaders/KOR/Portrait_KOR_Hakgyu_Kim.dds,ASSET_COPY,SHIPPED,no,gfx/leaders/KOR/Portrait_KOR_Hakgyu_Kim.dds,RT56과 같은 경로가 없는 HOK 고유 자산; provenance 유지,4256663AD68E1FF2A3FA801F95C235AF256E7E900C1871C6E7D3999ABBE78DEE,4256663AD68E1FF2A3FA801F95C235AF256E7E900C1871C6E7D3999ABBE78DEE
gfx/leaders/KOR/Portrait_KOR_Heon_Young_Park.dds,ASSET_COPY,SHIPPED,no,gfx/leaders/KOR/Portrait_KOR_Heon_Young_Park.dds,RT56과 같은 경로가 없는 HOK 고유 자산; provenance 유지,2E16FD178AFE63D0B3AD05088E7DAA2470F27B76773D4241D520A1B590A41A7B,2E16FD178AFE63D0B3AD05088E7DAA2470F27B76773D4241D520A1B590A41A7B
gfx/leaders/KOR/Portrait_KOR_Hongil_Kim.dds,ASSET_COPY,SHIPPED,no,gfx/leaders/KOR/Portrait_KOR_Hongil_Kim.dds,RT56과 같은 경로가 없는 HOK 고유 자산; provenance 유지,8B1D30281866392FC538A60122CB4DCAF603FB06BB8E653CE60CB45CE32A4FE3,8B1D30281866392FC538A60122CB4DCAF603FB06BB8E653CE60CB45CE32A4FE3
gfx/leaders/KOR/Portrait_KOR_Hoseong_Song.dds,ASSET_COPY,SHIPPED,no,gfx/leaders/KOR/Portrait_KOR_Hoseong_Song.dds,RT56과 같은 경로가 없는 HOK 고유 자산; provenance 유지,DE8AEC9E99CD1037CCDD8426ACA89427AFB8ED163B95781E848FBE89B0E2BA25,DE8AEC9E99CD1037CCDD8426ACA89427AFB8ED163B95781E848FBE89B0E2BA25
gfx/leaders/KOR/Portrait_KOR_Hyunjoon_Shin.dds,ASSET_COPY,SHIPPED,no,gfx/leaders/KOR/Portrait_KOR_Hyunjoon_Shin.dds,RT56과 같은 경로가 없는 HOK 고유 자산; provenance 유지,A56579D22F47881CCFBFDE9B5A8EF876F24B29E14C2B63C5F0A9E82FE9E892D1,A56579D22F47881CCFBFDE9B5A8EF876F24B29E14C2B63C5F0A9E82FE9E892D1
gfx/leaders/KOR/Portrait_KOR_Jun_Gwon.dds,ASSET_COPY,SHIPPED,no,gfx/leaders/KOR/Portrait_KOR_Jun_Gwon.dds,RT56과 같은 경로가 없는 HOK 고유 자산; provenance 유지,4C469148A7CE5955EF5A5E3FC0D6E645DCCA55E091AC1C5044F30ABC1BA9FCC0,4C469148A7CE5955EF5A5E3FC0D6E645DCCA55E091AC1C5044F30ABC1BA9FCC0
gfx/leaders/KOR/Portrait_KOR_Junggeun_Ahn.dds,ASSET_COPY,SHIPPED,no,gfx/leaders/KOR/Portrait_KOR_Junggeun_Ahn.dds,RT56과 같은 경로가 없는 HOK 고유 자산; provenance 유지,17F8422CA8F5115DFD7BFBF718BEA8122059820CF5856AE04C8BEC80BB5EC76A,17F8422CA8F5115DFD7BFBF718BEA8122059820CF5856AE04C8BEC80BB5EC76A
gfx/leaders/KOR/Portrait_KOR_Junsik_Lee.dds,ASSET_COPY,SHIPPED,no,gfx/leaders/KOR/Portrait_KOR_Junsik_Lee.dds,RT56과 같은 경로가 없는 HOK 고유 자산; provenance 유지,839D822CA225FDCDA657F7E25ECA9FA2703843ED318F4DF6A959FABC87BF068B,839D822CA225FDCDA657F7E25ECA9FA2703843ED318F4DF6A959FABC87BF068B
gfx/leaders/KOR/Portrait_KOR_Jwajin_Kim.dds,ASSET_COPY,SHIPPED,no,gfx/leaders/KOR/Portrait_KOR_Jwajin_Kim.dds,RT56과 같은 경로가 없는 HOK 고유 자산; provenance 유지,0D29F4E42FB5FA071C76BFD45E160E73F2739053D4E209982CB1BA5853973E16,0D29F4E42FB5FA071C76BFD45E160E73F2739053D4E209982CB1BA5853973E16
gfx/leaders/KOR/portrait_KOR_operative_Bongchang_Lee.dds,ASSET_COPY,SHIPPED,no,gfx/leaders/KOR/portrait_KOR_operative_Bongchang_Lee.dds,RT56과 같은 경로가 없는 HOK 고유 자산; provenance 유지,0B46EA800DFC7B37FAC3A889F644BD465A3E91F5CB8722B39A9780106357BCDB,0B46EA800DFC7B37FAC3A889F644BD465A3E91F5CB8722B39A9780106357BCDB
gfx/leaders/KOR/portrait_KOR_operative_Bonggil_Yoon.dds,ASSET_COPY,SHIPPED,no,gfx/leaders/KOR/portrait_KOR_operative_Bonggil_Yoon.dds,RT56과 같은 경로가 없는 HOK 고유 자산; provenance 유지,ECBEAC0ACB265DA8E2DDFB1B6C32A721E1AAA431D949D833EDCD06EDB36024EC,ECBEAC0ACB265DA8E2DDFB1B6C32A721E1AAA431D949D833EDCD06EDB36024EC
gfx/leaders/KOR/Portrait_KOR_Prince_Rhee.dds,ASSET_COPY,SHIPPED,no,gfx/leaders/KOR/Portrait_KOR_Prince_Rhee.dds,RT56과 같은 경로가 없는 HOK 고유 자산; provenance 유지,3209325C12BB1E3B6E5A4226088C5D5FD085E5917A760C7A6A799A98D994C6B5,3209325C12BB1E3B6E5A4226088C5D5FD085E5917A760C7A6A799A98D994C6B5
gfx/leaders/KOR/Portrait_KOR_provisional_peoples_committee.dds,ASSET_COPY,SHIPPED,no,gfx/leaders/KOR/Portrait_KOR_provisional_peoples_committee.dds,RT56과 같은 경로가 없는 HOK 고유 자산; provenance 유지,F55B9D2A86AFACB737006ECCA2FBF040C85E22B124A6C6CDA7335A6CE40B96BC,F55B9D2A86AFACB737006ECCA2FBF040C85E22B124A6C6CDA7335A6CE40B96BC
gfx/leaders/KOR/Portrait_KOR_provisional_peoples_committee_anarchist.dds,ASSET_COPY,SHIPPED,no,gfx/leaders/KOR/Portrait_KOR_provisional_peoples_committee_anarchist.dds,RT56과 같은 경로가 없는 HOK 고유 자산; provenance 유지,D7C47302D22B55AEF9B05FCE82B3E7107FB563128B7E0DE5ADCDDF479224C8FA,D7C47302D22B55AEF9B05FCE82B3E7107FB563128B7E0DE5ADCDDF479224C8FA
gfx/leaders/KOR/Portrait_KOR_Rotsky_Park.dds,ASSET_COPY,SHIPPED,no,gfx/leaders/KOR/Portrait_KOR_Rotsky_Park.dds,RT56과 같은 경로가 없는 HOK 고유 자산; provenance 유지,0E20A88C452D61EB17C0C4DAF538392B8716729BB68EA57F909B4ADD8B520809,0E20A88C452D61EB17C0C4DAF538392B8716729BB68EA57F909B4ADD8B520809
gfx/leaders/KOR/Portrait_KOR_Saik_Hong.dds,ASSET_COPY,SHIPPED,no,gfx/leaders/KOR/Portrait_KOR_Saik_Hong.dds,RT56과 같은 경로가 없는 HOK 고유 자산; provenance 유지,80269784F42BF97FBFC86C22A423629C45F0DFECAEDA11D170E04FB5AAD70C08,80269784F42BF97FBFC86C22A423629C45F0DFECAEDA11D170E04FB5AAD70C08
gfx/leaders/KOR/Portrait_KOR_scientist_Bugil_Hwang.dds,ASSET_COPY,SHIPPED,no,gfx/leaders/KOR/Portrait_KOR_scientist_Bugil_Hwang.dds,RT56과 같은 경로가 없는 HOK 고유 자산; provenance 유지,0E3813D7DD830961695586DFE722D18737CDA1A0CAF27A1D908932B0A5B8E823,0E3813D7DD830961695586DFE722D18737CDA1A0CAF27A1D908932B0A5B8E823
gfx/leaders/KOR/Portrait_KOR_scientist_Gyeongyeon_Jo.dds,ASSET_COPY,SHIPPED,no,gfx/leaders/KOR/Portrait_KOR_scientist_Gyeongyeon_Jo.dds,RT56과 같은 경로가 없는 HOK 고유 자산; provenance 유지,8AE6836D5C859CF2E37D0B354B709CD727351ED37F46AC58286195DCCA060FBB,8AE6836D5C859CF2E37D0B354B709CD727351ED37F46AC58286195DCCA060FBB
gfx/leaders/KOR/Portrait_KOR_scientist_Sanglok_Do.dds,ASSET_COPY,SHIPPED,no,gfx/leaders/KOR/Portrait_KOR_scientist_Sanglok_Do.dds,RT56과 같은 경로가 없는 HOK 고유 자산; provenance 유지,AD8EDC37EFE234787EB570494E2066BE54E56595D837F6809B08440FF6B23CB7,AD8EDC37EFE234787EB570494E2066BE54E56595D837F6809B08440FF6B23CB7
gfx/leaders/KOR/Portrait_KOR_scientist_Yonggwan_Kim.dds,ASSET_COPY,SHIPPED,no,gfx/leaders/KOR/Portrait_KOR_scientist_Yonggwan_Kim.dds,RT56과 같은 경로가 없는 HOK 고유 자산; provenance 유지,38B4F0340CBAE670965304D002BC5812A3049DB0FC95EF5D9316CA678D8EFE27,38B4F0340CBAE670965304D002BC5812A3049DB0FC95EF5D9316CA678D8EFE27
gfx/leaders/KOR/Portrait_KOR_Seokwon_Kim.dds,ASSET_COPY,SHIPPED,no,gfx/leaders/KOR/Portrait_KOR_Seokwon_Kim.dds,RT56과 같은 경로가 없는 HOK 고유 자산; provenance 유지,FE1C9600EA300699A3E5112C12E127BCB718C2F7BA9F86F55EC96D98A8B1E893,FE1C9600EA300699A3E5112C12E127BCB718C2F7BA9F86F55EC96D98A8B1E893
gfx/leaders/KOR/Portrait_KOR_Seonghak_Choi.dds,ASSET_COPY,SHIPPED,no,gfx/leaders/KOR/Portrait_KOR_Seonghak_Choi.dds,RT56과 같은 경로가 없는 HOK 고유 자산; provenance 유지,725DAA2532659BB7E9CC0E147BDFF8A6B16E632C7999DE30118EE00A24D2AC0B,725DAA2532659BB7E9CC0E147BDFF8A6B16E632C7999DE30118EE00A24D2AC0B
gfx/leaders/KOR/Portrait_KOR_Seongmo_Shin.dds,ASSET_COPY,SHIPPED,no,gfx/leaders/KOR/Portrait_KOR_Seongmo_Shin.dds,RT56과 같은 경로가 없는 HOK 고유 자산; provenance 유지,48E36A601CC5B5C9D7A76E5E7D288C3EA03B0108C1F8F5D99C2E03B9C4817929,48E36A601CC5B5C9D7A76E5E7D288C3EA03B0108C1F8F5D99C2E03B9C4817929
gfx/leaders/KOR/Portrait_KOR_Sichang_Park.dds,ASSET_COPY,SHIPPED,no,gfx/leaders/KOR/Portrait_KOR_Sichang_Park.dds,RT56과 같은 경로가 없는 HOK 고유 자산; provenance 유지,C8758362748DF6D94C0B07FBAD42E2743A233A9072B579E5801AC718550F2C83,C8758362748DF6D94C0B07FBAD42E2743A233A9072B579E5801AC718550F2C83
gfx/leaders/KOR/Portrait_KOR_Sin_Kim.dds,ASSET_COPY,SHIPPED,no,gfx/leaders/KOR/Portrait_KOR_Sin_Kim.dds,RT56과 같은 경로가 없는 HOK 고유 자산; provenance 유지,A8B904FE1F21D5C59FFF22E1186A2F1D32DC8DDA58D68A1E3F2CA7188EF1464A,A8B904FE1F21D5C59FFF22E1186A2F1D32DC8DDA58D68A1E3F2CA7188EF1464A
gfx/leaders/KOR/Portrait_KOR_Teul_Eo_Kim.dds,ASSET_COPY,SHIPPED,no,gfx/leaders/KOR/Portrait_KOR_Teul_Eo_Kim.dds,RT56과 같은 경로가 없는 HOK 고유 자산; provenance 유지,FEF1D9EB886304865C72094219A8A4CAEFECF34EF0550A1D57328025BA3F411B,FEF1D9EB886304865C72094219A8A4CAEFECF34EF0550A1D57328025BA3F411B
gfx/leaders/KOR/Portrait_KOR_Urihwangsilsaranghoe.dds,ASSET_COPY,SHIPPED,no,gfx/leaders/KOR/Portrait_KOR_Urihwangsilsaranghoe.dds,RT56과 같은 경로가 없는 HOK 고유 자산; provenance 유지,ED49517C5B0F2F356D55A3DB27F284B6924EF158D407E1FC8FA70D6024FB23CB,ED49517C5B0F2F356D55A3DB27F284B6924EF158D407E1FC8FA70D6024FB23CB
gfx/leaders/KOR/Portrait_KOR_Wonbong_Kim.dds,ASSET_COPY,SHIPPED,no,gfx/leaders/KOR/Portrait_KOR_Wonbong_Kim.dds,RT56과 같은 경로가 없는 HOK 고유 자산; provenance 유지,DEEABAED18C1C09369588D0D457266C76BDCE415C2F2EAC473483AE4BAEF6E67,DEEABAED18C1C09369588D0D457266C76BDCE415C2F2EAC473483AE4BAEF6E67
gfx/leaders/KOR/Portrait_KOR_Wonil_Son.dds,ASSET_COPY,SHIPPED,no,gfx/leaders/KOR/Portrait_KOR_Wonil_Son.dds,RT56과 같은 경로가 없는 HOK 고유 자산; provenance 유지,BB1793C7D2D70610B55A01846F612015D60481F80B07994A64C125F3F1482DA7,BB1793C7D2D70610B55A01846F612015D60481F80B07994A64C125F3F1482DA7
gfx/leaders/KOR/Portrait_KOR_Woon_Hyung_Yeo.dds,ASSET_COPY,SHIPPED,no,gfx/leaders/KOR/Portrait_KOR_Woon_Hyung_Yeo.dds,RT56과 같은 경로가 없는 HOK 고유 자산; provenance 유지,2B4F7A6785E3A8D79DDF2236974007D0C460FE50C91E188447AAAFD711A66A72,2B4F7A6785E3A8D79DDF2236974007D0C460FE50C91E188447AAAFD711A66A72
gfx/leaders/KOR/Portrait_KOR_Yeonsu_Gye.dds,ASSET_COPY,SHIPPED,no,gfx/leaders/KOR/Portrait_KOR_Yeonsu_Gye.dds,RT56과 같은 경로가 없는 HOK 고유 자산; provenance 유지,4A60DEDF5AD1DF5D892AAD76B00C3779DAC8298D8511268FA6ABF2F3F673C243,4A60DEDF5AD1DF5D892AAD76B00C3779DAC8298D8511268FA6ABF2F3F673C243
gfx/loadingscreens/load_10.dds,USE_RT56,OMITTED_HOST_OWNED,yes,RT56:gfx/loadingscreens/load_10.dds,공유 RT56 로딩 화면을 중복 선적하지 않음,62FFAB06E134326AFBA47EECD149C068441592C8136D289D97C508EC5BA7EB59,3BCDC7668879A9714F8286CC27C9C38C43FEDBC1B513E89A59910DACDE473BA5
gfx/loadingscreens/load_11.dds,USE_RT56,OMITTED_HOST_OWNED,yes,RT56:gfx/loadingscreens/load_11.dds,공유 RT56 로딩 화면을 중복 선적하지 않음,854DFE35A3DE37783E4C6D2044543842452CBED2D606562705ED2588029464DD,E5E727DC1F5B8339FC76D304DC4A8E36DA953AC48E9BABF8E28220602C1FC614
gfx/loadingscreens/load_HoK.dds,ASSET_COPY,SHIPPED,no,gfx/loadingscreens/load_HoK.dds,RT56과 같은 경로가 없는 HOK 고유 자산; provenance 유지,453A8447F8EF798EC0D379D200FD57AB12A0F6C5BFA48EA5E2FB44439324FEFC,453A8447F8EF798EC0D379D200FD57AB12A0F6C5BFA48EA5E2FB44439324FEFC
gfx/models/buildings/landmarks/landmark_gyeongbokgung.mesh,ASSET_COPY,SHIPPED,no,gfx/models/buildings/landmarks/landmark_gyeongbokgung.mesh,RT56과 같은 경로가 없는 HOK 고유 자산; provenance 유지,35B2014662DBDF065A0D3767A081D91452CBD2142AF8AF0BACD08D368AB79E4E,35B2014662DBDF065A0D3767A081D91452CBD2142AF8AF0BACD08D368AB79E4E
gfx/models/buildings/landmarks/landmark_gyeongbokgung_diffuse.dds,ASSET_COPY,SHIPPED,no,gfx/models/buildings/landmarks/landmark_gyeongbokgung_diffuse.dds,RT56과 같은 경로가 없는 HOK 고유 자산; provenance 유지,AE6AA4240BDF124A3FFF2529E3AC7F33374F2EC4043AB18854102824F4ABD3B8,AE6AA4240BDF124A3FFF2529E3AC7F33374F2EC4043AB18854102824F4ABD3B8
gfx/models/buildings/landmarks/landmark_gyeongbokgung_normals.dds,ASSET_COPY,SHIPPED,no,gfx/models/buildings/landmarks/landmark_gyeongbokgung_normals.dds,RT56과 같은 경로가 없는 HOK 고유 자산; provenance 유지,5EF832192B97273C5DC631A47142561579BC1647C41EB4F1D6A0ACD29D13AF8C,5EF832192B97273C5DC631A47142561579BC1647C41EB4F1D6A0ACD29D13AF8C
gfx/models/buildings/landmarks/landmark_gyeongbokgung_spec.dds,ASSET_COPY,SHIPPED,no,gfx/models/buildings/landmarks/landmark_gyeongbokgung_spec.dds,RT56과 같은 경로가 없는 HOK 고유 자산; provenance 유지,D1CFB5C6ED8E1FB23919710DBF504A535E00C63E75C55DA0BD0725560E6FB354,D1CFB5C6ED8E1FB23919710DBF504A535E00C63E75C55DA0BD0725560E6FB354
gfx/models/units/helicopters/KOR_helicopter_0_diffuse.dds,ASSET_COPY,SHIPPED,no,gfx/models/units/helicopters/KOR_helicopter_0_diffuse.dds,RT56과 같은 경로가 없는 HOK 고유 자산; provenance 유지,385022EE3E3AD1AD54F901E4F00C0FA80341E5A25173B2FC0776E43A6BE15F57,385022EE3E3AD1AD54F901E4F00C0FA80341E5A25173B2FC0776E43A6BE15F57
gfx/models/units/helicopters/KOR_helicopter_0_normal.dds,ASSET_COPY,SHIPPED,no,gfx/models/units/helicopters/KOR_helicopter_0_normal.dds,RT56과 같은 경로가 없는 HOK 고유 자산; provenance 유지,1AC8EDB732C2D4A5C446AEC86908AF8741D803A61318890F50FEEA05803CD488,1AC8EDB732C2D4A5C446AEC86908AF8741D803A61318890F50FEEA05803CD488
gfx/models/units/helicopters/KOR_helicopter_0_specular.dds,ASSET_COPY,SHIPPED,no,gfx/models/units/helicopters/KOR_helicopter_0_specular.dds,RT56과 같은 경로가 없는 HOK 고유 자산; provenance 유지,C6C723FE4FCBAEEEBF1F677EBBD8DD91FD4BE0552AC6029408C9C1F4816BA6BC,C6C723FE4FCBAEEEBF1F677EBBD8DD91FD4BE0552AC6029408C9C1F4816BA6BC
gfx/models/units/KOR_infantry.mesh,ASSET_COPY,SHIPPED,no,gfx/models/units/KOR_infantry.mesh,RT56과 같은 경로가 없는 HOK 고유 자산; provenance 유지,98F4FBCB57446B8B6CE9BB716F9114B6538396EE49D6F994DAC4CD8DCE7DFE89,98F4FBCB57446B8B6CE9BB716F9114B6538396EE49D6F994DAC4CD8DCE7DFE89
gfx/models/units/KOR_infantry_diffuse.dds,ASSET_COPY,SHIPPED,no,gfx/models/units/KOR_infantry_diffuse.dds,RT56과 같은 경로가 없는 HOK 고유 자산; provenance 유지,A3181E7B6A54E256E3638F240F0669976D23B677D6D9918BEC49AC746973F8F5,A3181E7B6A54E256E3638F240F0669976D23B677D6D9918BEC49AC746973F8F5
gfx/models/units/KOR_infantry_diffuse_desert.dds,ASSET_COPY,SHIPPED,no,gfx/models/units/KOR_infantry_diffuse_desert.dds,RT56과 같은 경로가 없는 HOK 고유 자산; provenance 유지,6379621E66BE409EEDE76D317EE831A781F71978C7A929EE361264699872E567,6379621E66BE409EEDE76D317EE831A781F71978C7A929EE361264699872E567
gfx/models/units/KOR_infantry_diffuse_snow.dds,ASSET_COPY,SHIPPED,no,gfx/models/units/KOR_infantry_diffuse_snow.dds,RT56과 같은 경로가 없는 HOK 고유 자산; provenance 유지,5E53FD537295D71E0B95158F15CACECCD8D673C471DDF6A2A89D6E35DAAFFAB8,5E53FD537295D71E0B95158F15CACECCD8D673C471DDF6A2A89D6E35DAAFFAB8
gfx/models/units/KOR_infantry_normal.dds,ASSET_COPY,SHIPPED,no,gfx/models/units/KOR_infantry_normal.dds,RT56과 같은 경로가 없는 HOK 고유 자산; provenance 유지,37AD2132ECEEA8455FA59D79F8E7FE84F550E91FD09D95309E99DD2D254705CC,37AD2132ECEEA8455FA59D79F8E7FE84F550E91FD09D95309E99DD2D254705CC
gfx/models/units/KOR_infantry_spec.dds,ASSET_COPY,SHIPPED,no,gfx/models/units/KOR_infantry_spec.dds,RT56과 같은 경로가 없는 HOK 고유 자산; provenance 유지,5785010D1E1F14BF8BB0DD6614C8A255BF13F46F2AE51371A36A4F3E435C32E1,5785010D1E1F14BF8BB0DD6614C8A255BF13F46F2AE51371A36A4F3E435C32E1
gfx/models/units/land_cruisers/KOR_land_cruiser_armor_diffuse.dds,ASSET_COPY,SHIPPED,no,gfx/models/units/land_cruisers/KOR_land_cruiser_armor_diffuse.dds,RT56과 같은 경로가 없는 HOK 고유 자산; provenance 유지,DF4B6E95EA10A2177742C72F8A5C41795D9B1658FDE955B118AD46B119CC6188,DF4B6E95EA10A2177742C72F8A5C41795D9B1658FDE955B118AD46B119CC6188
gfx/models/units/land_cruisers/KOR_land_cruiser_armor_normal.dds,ASSET_COPY,SHIPPED,no,gfx/models/units/land_cruisers/KOR_land_cruiser_armor_normal.dds,RT56과 같은 경로가 없는 HOK 고유 자산; provenance 유지,B647720EB1596190F462C938295B16C65F48F8B65C78FC3B65B11141E44D5325,B647720EB1596190F462C938295B16C65F48F8B65C78FC3B65B11141E44D5325
gfx/models/units/land_cruisers/KOR_land_cruiser_armor_specular.dds,ASSET_COPY,SHIPPED,no,gfx/models/units/land_cruisers/KOR_land_cruiser_armor_specular.dds,RT56과 같은 경로가 없는 HOK 고유 자산; provenance 유지,DBF74AC78ED657C0E9AC297F9698EC21C778A7D770976A54E66763FE001B62B6,DBF74AC78ED657C0E9AC297F9698EC21C778A7D770976A54E66763FE001B62B6
gfx/models/units/motherships/KOR_mothership.mesh,ASSET_COPY,SHIPPED,no,gfx/models/units/motherships/KOR_mothership.mesh,RT56과 같은 경로가 없는 HOK 고유 자산; provenance 유지,FF7CFDA6D1A4AE4223A8D733A5C4CE8FF7C0187805525FDE031341C36C0C2491,FF7CFDA6D1A4AE4223A8D733A5C4CE8FF7C0187805525FDE031341C36C0C2491
gfx/models/units/motherships/KOR_mothership_diffuse.dds,ASSET_COPY,SHIPPED,no,gfx/models/units/motherships/KOR_mothership_diffuse.dds,RT56과 같은 경로가 없는 HOK 고유 자산; provenance 유지,8429459E5AE7F1247064B7929E5761EC09DC4F2FC75D0CB69F18919FA15A86AE,8429459E5AE7F1247064B7929E5761EC09DC4F2FC75D0CB69F18919FA15A86AE
gfx/models/units/motherships/KOR_mothership_normal.dds,ASSET_COPY,SHIPPED,no,gfx/models/units/motherships/KOR_mothership_normal.dds,RT56과 같은 경로가 없는 HOK 고유 자산; provenance 유지,D1D4F4A676D75649A07D93F35BA66E3AC51D07A28A523D19C6364C3AA678003C,D1D4F4A676D75649A07D93F35BA66E3AC51D07A28A523D19C6364C3AA678003C
gfx/models/units/motherships/KOR_mothership_specular.dds,ASSET_COPY,SHIPPED,no,gfx/models/units/motherships/KOR_mothership_specular.dds,RT56과 같은 경로가 없는 HOK 고유 자산; provenance 유지,6EEA20CB0E91FF65DACCCA909264D609B6BD1107D24DEF3AE11FE3E47D039E3C,6EEA20CB0E91FF65DACCCA909264D609B6BD1107D24DEF3AE11FE3E47D039E3C
gfx/models/units/planes/KOR_plane_heavy.mesh,ASSET_COPY,SHIPPED,no,gfx/models/units/planes/KOR_plane_heavy.mesh,RT56과 같은 경로가 없는 HOK 고유 자산; provenance 유지,801091369F40E139485DE0B19DA8C3052382F12A6CD5F04532BE8450BCFA181C,801091369F40E139485DE0B19DA8C3052382F12A6CD5F04532BE8450BCFA181C
gfx/models/units/planes/KOR_plane_heavy_diffuse.dds,ASSET_COPY,SHIPPED,yes,gfx/models/units/planes/KOR_plane_heavy_diffuse.dds,HOK 한국 대형기 mesh와 짝을 이루는 원본 diffuse payload,928261DC72768191D4C8DBDDBC6086B788ADDD23B837F2485D4F90479BD3EE22,928261DC72768191D4C8DBDDBC6086B788ADDD23B837F2485D4F90479BD3EE22
gfx/models/units/planes/KOR_plane_heavy_normal.dds,ASSET_COPY,SHIPPED,no,gfx/models/units/planes/KOR_plane_heavy_normal.dds,RT56과 같은 경로가 없는 HOK 고유 자산; provenance 유지,93C2BEF24FA914F0A41B62F7E1774C55BAE70C3354EB92C318FCFCE0DDE5BFBA,93C2BEF24FA914F0A41B62F7E1774C55BAE70C3354EB92C318FCFCE0DDE5BFBA
gfx/models/units/planes/KOR_plane_heavy_specular.dds,ASSET_COPY,SHIPPED,no,gfx/models/units/planes/KOR_plane_heavy_specular.dds,RT56과 같은 경로가 없는 HOK 고유 자산; provenance 유지,21A8237B71623BED37FC5E90127067BD77916A29094F3286EF8B8A17433F92B9,21A8237B71623BED37FC5E90127067BD77916A29094F3286EF8B8A17433F92B9
gfx/models/units/planes/KOR_plane_light.mesh,ASSET_COPY,SHIPPED,no,gfx/models/units/planes/KOR_plane_light.mesh,RT56과 같은 경로가 없는 HOK 고유 자산; provenance 유지,4C9B8E03E258F3F686F8DAC0E40CBF4F12F26B7FC12001BD67E113178C31EDBD,4C9B8E03E258F3F686F8DAC0E40CBF4F12F26B7FC12001BD67E113178C31EDBD
gfx/models/units/planes/KOR_plane_light_diffuse.dds,ASSET_COPY,SHIPPED,yes,gfx/models/units/planes/KOR_plane_light_diffuse.dds,HOK 한국 경량기 mesh와 짝을 이루는 원본 diffuse payload,549C0347462CD950661C33A7698ADF4AC007841F0C38369B09912ABED02C5DEE,549C0347462CD950661C33A7698ADF4AC007841F0C38369B09912ABED02C5DEE
gfx/models/units/planes/KOR_plane_light_normal.dds,ASSET_COPY,SHIPPED,no,gfx/models/units/planes/KOR_plane_light_normal.dds,RT56과 같은 경로가 없는 HOK 고유 자산; provenance 유지,76461891ECB63039C0D00157863295DDACB6D2882BD304C9B373906B0449C204,76461891ECB63039C0D00157863295DDACB6D2882BD304C9B373906B0449C204
gfx/models/units/planes/KOR_plane_light_specular.dds,ASSET_COPY,SHIPPED,no,gfx/models/units/planes/KOR_plane_light_specular.dds,RT56과 같은 경로가 없는 HOK 고유 자산; provenance 유지,AEBEA2814F0D9ADE66B3CEDA1DBBFF3C14470859CFE71AA4246C4D990E2125A5,AEBEA2814F0D9ADE66B3CEDA1DBBFF3C14470859CFE71AA4246C4D990E2125A5
gfx/models/units/planes/KOR_plane_medium.mesh,ASSET_COPY,SHIPPED,no,gfx/models/units/planes/KOR_plane_medium.mesh,RT56과 같은 경로가 없는 HOK 고유 자산; provenance 유지,630006DC33C56A090E4A1D65FAD5C17E5D69957EE29D47DFFBA944E324CFBAF2,630006DC33C56A090E4A1D65FAD5C17E5D69957EE29D47DFFBA944E324CFBAF2
gfx/models/units/planes/KOR_plane_medium_diffuse.dds,ASSET_COPY,SHIPPED,yes,gfx/models/units/planes/KOR_plane_medium_diffuse.dds,HOK 한국 중형기 mesh와 짝을 이루는 원본 diffuse payload,F8468B21D0B8974964A42428D3D73A7ECB3DD78AF25A448BE5A858DD68E4C74C,F8468B21D0B8974964A42428D3D73A7ECB3DD78AF25A448BE5A858DD68E4C74C
gfx/models/units/planes/KOR_plane_medium_normal.dds,ASSET_COPY,SHIPPED,no,gfx/models/units/planes/KOR_plane_medium_normal.dds,RT56과 같은 경로가 없는 HOK 고유 자산; provenance 유지,CDEF99A8684C0EAD2A2DD31A2BC40103CEF8A60E5C1B3309EB46D05AACA2FADE,CDEF99A8684C0EAD2A2DD31A2BC40103CEF8A60E5C1B3309EB46D05AACA2FADE
gfx/models/units/planes/KOR_plane_medium_specular.dds,ASSET_COPY,SHIPPED,no,gfx/models/units/planes/KOR_plane_medium_specular.dds,RT56과 같은 경로가 없는 HOK 고유 자산; provenance 유지,DED9AA9FB735A8B7BDFE1ACCD6C7C501E3CFF079A29CFFAC6C923B80FB1799D7,DED9AA9FB735A8B7BDFE1ACCD6C7C501E3CFF079A29CFFAC6C923B80FB1799D7
gfx/models/units/railway_guns/KOR_railway_gun.mesh,ASSET_COPY,SHIPPED,no,gfx/models/units/railway_guns/KOR_railway_gun.mesh,RT56과 같은 경로가 없는 HOK 고유 자산; provenance 유지,FBD933780413F29824051BA0DA39F208B0B2B0F25820A8795A3637FC69C86DB0,FBD933780413F29824051BA0DA39F208B0B2B0F25820A8795A3637FC69C86DB0
gfx/models/units/railway_guns/KOR_railway_gun_diffuse.dds,ASSET_COPY,SHIPPED,no,gfx/models/units/railway_guns/KOR_railway_gun_diffuse.dds,RT56과 같은 경로가 없는 HOK 고유 자산; provenance 유지,D9C412D3569E4B7E33C8668A72ED78C39478BC22F1FEB230A98E48A74E0FC2DA,D9C412D3569E4B7E33C8668A72ED78C39478BC22F1FEB230A98E48A74E0FC2DA
gfx/models/units/railway_guns/KOR_railway_gun_normal.dds,ASSET_COPY,SHIPPED,no,gfx/models/units/railway_guns/KOR_railway_gun_normal.dds,RT56과 같은 경로가 없는 HOK 고유 자산; provenance 유지,B76C88474A52E066366C9EF7E817A032763C0F72C675B4C55F5BAF3E103BF55A,B76C88474A52E066366C9EF7E817A032763C0F72C675B4C55F5BAF3E103BF55A
gfx/models/units/railway_guns/KOR_railway_gun_specular.dds,ASSET_COPY,SHIPPED,no,gfx/models/units/railway_guns/KOR_railway_gun_specular.dds,RT56과 같은 경로가 없는 HOK 고유 자산; provenance 유지,5BFA86112D1DDE0775818CE38FC4D1E091554C99C95813FD10ED80738AFF3022,5BFA86112D1DDE0775818CE38FC4D1E091554C99C95813FD10ED80738AFF3022
gfx/models/units/special_forces/KOR_marine.mesh,ASSET_COPY,SHIPPED,no,gfx/models/units/special_forces/KOR_marine.mesh,RT56과 같은 경로가 없는 HOK 고유 자산; provenance 유지,D848AC018855B6A490C167A727D9B7DEB7805DE0B41878660006B2A17F8D90DD,D848AC018855B6A490C167A727D9B7DEB7805DE0B41878660006B2A17F8D90DD
gfx/models/units/special_forces/KOR_marine_diffuse.dds,ASSET_COPY,SHIPPED,no,gfx/models/units/special_forces/KOR_marine_diffuse.dds,RT56과 같은 경로가 없는 HOK 고유 자산; provenance 유지,2D4E7E28F114463E48B6FEC7F923584CD15A5C2C893FBC76B74CA2B17FA382FA,2D4E7E28F114463E48B6FEC7F923584CD15A5C2C893FBC76B74CA2B17FA382FA
gfx/models/units/special_forces/KOR_marine_normal.dds,ASSET_COPY,SHIPPED,no,gfx/models/units/special_forces/KOR_marine_normal.dds,RT56과 같은 경로가 없는 HOK 고유 자산; provenance 유지,99E6C163A0F103F60433402117F489297657B8FB2A268B843D3C0713C94F8C95,99E6C163A0F103F60433402117F489297657B8FB2A268B843D3C0713C94F8C95
gfx/models/units/special_forces/KOR_marine_specular.dds,ASSET_COPY,SHIPPED,no,gfx/models/units/special_forces/KOR_marine_specular.dds,RT56과 같은 경로가 없는 HOK 고유 자산; provenance 유지,EE45AE0201E010996EFD67EEBD8A12C0F8EB7B9E1424719CB27012E2B6D77267,EE45AE0201E010996EFD67EEBD8A12C0F8EB7B9E1424719CB27012E2B6D77267
gfx/models/units/special_forces/KOR_mountaineers.mesh,ASSET_COPY,SHIPPED,no,gfx/models/units/special_forces/KOR_mountaineers.mesh,RT56과 같은 경로가 없는 HOK 고유 자산; provenance 유지,09E8B04D89CA931B9B232F9107548FD93B9FE2A9F52F04408696C57E8E0C7249,09E8B04D89CA931B9B232F9107548FD93B9FE2A9F52F04408696C57E8E0C7249
gfx/models/units/special_forces/KOR_mountaineers_diffuse.dds,ASSET_COPY,SHIPPED,no,gfx/models/units/special_forces/KOR_mountaineers_diffuse.dds,RT56과 같은 경로가 없는 HOK 고유 자산; provenance 유지,56015F4869FC9C9B0F621836B51AB29230BC3F226608F5D1D1FB0DA2D16DC728,56015F4869FC9C9B0F621836B51AB29230BC3F226608F5D1D1FB0DA2D16DC728
gfx/models/units/special_forces/KOR_mountaineers_normal.dds,ASSET_COPY,SHIPPED,no,gfx/models/units/special_forces/KOR_mountaineers_normal.dds,RT56과 같은 경로가 없는 HOK 고유 자산; provenance 유지,F9C39A2A9E8B85B3A32A57F6AB54C049FDAD29B2003C0E35623269404B3349B0,F9C39A2A9E8B85B3A32A57F6AB54C049FDAD29B2003C0E35623269404B3349B0
gfx/models/units/special_forces/KOR_mountaineers_specular.dds,ASSET_COPY,SHIPPED,no,gfx/models/units/special_forces/KOR_mountaineers_specular.dds,RT56과 같은 경로가 없는 HOK 고유 자산; provenance 유지,14B2DA4EDF6925E584FEB1F9A951816E88D22CD827694013497B5A2C005364EE,14B2DA4EDF6925E584FEB1F9A951816E88D22CD827694013497B5A2C005364EE
gfx/models/units/special_forces/KOR_paratrooper.mesh,ASSET_COPY,SHIPPED,no,gfx/models/units/special_forces/KOR_paratrooper.mesh,RT56과 같은 경로가 없는 HOK 고유 자산; provenance 유지,33A63877B341003837E2F8849CCF82A4B56E1D65B4698C93EFD459A1D58E37B1,33A63877B341003837E2F8849CCF82A4B56E1D65B4698C93EFD459A1D58E37B1
gfx/models/units/special_forces/KOR_paratrooper_diffuse.dds,ASSET_COPY,SHIPPED,no,gfx/models/units/special_forces/KOR_paratrooper_diffuse.dds,RT56과 같은 경로가 없는 HOK 고유 자산; provenance 유지,6D2585B19D5B57888394C23DEC974769CD3937E006ABDD3B37345085B160C44B,6D2585B19D5B57888394C23DEC974769CD3937E006ABDD3B37345085B160C44B
gfx/models/units/special_forces/KOR_paratrooper_normal.dds,ASSET_COPY,SHIPPED,no,gfx/models/units/special_forces/KOR_paratrooper_normal.dds,RT56과 같은 경로가 없는 HOK 고유 자산; provenance 유지,F9C39A2A9E8B85B3A32A57F6AB54C049FDAD29B2003C0E35623269404B3349B0,F9C39A2A9E8B85B3A32A57F6AB54C049FDAD29B2003C0E35623269404B3349B0
gfx/models/units/special_forces/KOR_paratrooper_specular.dds,ASSET_COPY,SHIPPED,no,gfx/models/units/special_forces/KOR_paratrooper_specular.dds,RT56과 같은 경로가 없는 HOK 고유 자산; provenance 유지,14B2DA4EDF6925E584FEB1F9A951816E88D22CD827694013497B5A2C005364EE,14B2DA4EDF6925E584FEB1F9A951816E88D22CD827694013497B5A2C005364EE
gfx/models/units/supersonic_jets/KOR_supersonic_jet_plane.mesh,ASSET_COPY,SHIPPED,no,gfx/models/units/supersonic_jets/KOR_supersonic_jet_plane.mesh,RT56과 같은 경로가 없는 HOK 고유 자산; provenance 유지,16A5EF82C844474741C83090C432B434FFA422A071852AFA06289763D68486C4,16A5EF82C844474741C83090C432B434FFA422A071852AFA06289763D68486C4
gfx/models/units/supersonic_jets/KOR_supersonic_jet_plane_diffuse.dds,ASSET_COPY,SHIPPED,no,gfx/models/units/supersonic_jets/KOR_supersonic_jet_plane_diffuse.dds,RT56과 같은 경로가 없는 HOK 고유 자산; provenance 유지,E8284A1B3887A768C813B9C84067B0F978E1F145AE6E2A1887F2C145B4C3E837,E8284A1B3887A768C813B9C84067B0F978E1F145AE6E2A1887F2C145B4C3E837
gfx/models/units/supersonic_jets/KOR_supersonic_jet_plane_normal.dds,ASSET_COPY,SHIPPED,no,gfx/models/units/supersonic_jets/KOR_supersonic_jet_plane_normal.dds,RT56과 같은 경로가 없는 HOK 고유 자산; provenance 유지,BE7CC14A01AD9209BF1EF72DCF17D0A25F41E4585B522EF11C1BBB46E8069DF5,BE7CC14A01AD9209BF1EF72DCF17D0A25F41E4585B522EF11C1BBB46E8069DF5
gfx/models/units/supersonic_jets/KOR_supersonic_jet_plane_specular.dds,ASSET_COPY,SHIPPED,no,gfx/models/units/supersonic_jets/KOR_supersonic_jet_plane_specular.dds,RT56과 같은 경로가 없는 HOK 고유 자산; provenance 유지,D831C72070BAF4E61F5107C93991C178E7D95C5B7EB25B5EE193FDDBDB217364,D831C72070BAF4E61F5107C93991C178E7D95C5B7EB25B5EE193FDDBDB217364
gfx/models/units/tanks/HoK_Tank_animations.asset,ADD,SHIPPED,no,gfx/models/units/tanks/HoK_Tank_animations.asset,RT56과 같은 경로가 없는 HOK 고유 콘텐츠/메타데이터,BA2D0376EBAEDC89C6D95426A5FCEC7B70278FEEF6DA2FE016507D8A7B585D3D,BA2D0376EBAEDC89C6D95426A5FCEC7B70278FEEF6DA2FE016507D8A7B585D3D
gfx/models/units/tanks/KOR_gw_armor.mesh,ASSET_COPY,SHIPPED,no,gfx/models/units/tanks/KOR_gw_armor.mesh,RT56과 같은 경로가 없는 HOK 고유 자산; provenance 유지,7DE74E3376F9475A3AB3B9F4BE54B914AFF31D472D48B7C967E5FC74C07C8550,7DE74E3376F9475A3AB3B9F4BE54B914AFF31D472D48B7C967E5FC74C07C8550
gfx/models/units/tanks/KOR_gw_armor_attack.anim,ASSET_COPY,SHIPPED,no,gfx/models/units/tanks/KOR_gw_armor_attack.anim,RT56과 같은 경로가 없는 HOK 고유 자산; provenance 유지,D29B395DD87B3E24DFB0079311FE1EB75D1A3657D1C5A62163A5C4B1D978D15B,D29B395DD87B3E24DFB0079311FE1EB75D1A3657D1C5A62163A5C4B1D978D15B
gfx/models/units/tanks/KOR_gw_armor_diffuse.dds,ASSET_COPY,SHIPPED,no,gfx/models/units/tanks/KOR_gw_armor_diffuse.dds,RT56과 같은 경로가 없는 HOK 고유 자산; provenance 유지,77147F359D9938DE2650616D8A7CB1DCCC4F84CEEBE047167729CCAAC9BB6354,77147F359D9938DE2650616D8A7CB1DCCC4F84CEEBE047167729CCAAC9BB6354
gfx/models/units/tanks/KOR_gw_armor_idle.anim,ASSET_COPY,SHIPPED,no,gfx/models/units/tanks/KOR_gw_armor_idle.anim,RT56과 같은 경로가 없는 HOK 고유 자산; provenance 유지,5DF8C7A76D05CE75F08B57E4D14BEC26EFFAE615E056BA99C0D4B1E6489815DB,5DF8C7A76D05CE75F08B57E4D14BEC26EFFAE615E056BA99C0D4B1E6489815DB
gfx/models/units/tanks/KOR_gw_armor_moving.anim,ASSET_COPY,SHIPPED,no,gfx/models/units/tanks/KOR_gw_armor_moving.anim,RT56과 같은 경로가 없는 HOK 고유 자산; provenance 유지,729618C794839C96AEC27BEA83448909BFA72AD6A607002ED8AAC96334F39387,729618C794839C96AEC27BEA83448909BFA72AD6A607002ED8AAC96334F39387
gfx/models/units/tanks/KOR_gw_armor_normal.dds,ASSET_COPY,SHIPPED,no,gfx/models/units/tanks/KOR_gw_armor_normal.dds,RT56과 같은 경로가 없는 HOK 고유 자산; provenance 유지,8BFCDA788D1A38FD192911308CDDC9F4CD46D3301ED3E0E491D872F1F9DAD20A,8BFCDA788D1A38FD192911308CDDC9F4CD46D3301ED3E0E491D872F1F9DAD20A
gfx/models/units/tanks/KOR_gw_armor_specular.dds,ASSET_COPY,SHIPPED,no,gfx/models/units/tanks/KOR_gw_armor_specular.dds,RT56과 같은 경로가 없는 HOK 고유 자산; provenance 유지,E191F57DA73D111F722C12905F3ECE30E822C789B1C94382680015B6CE77B84C,E191F57DA73D111F722C12905F3ECE30E822C789B1C94382680015B6CE77B84C
gfx/models/units/tanks/KOR_heavy_armor.mesh,ASSET_COPY,SHIPPED,no,gfx/models/units/tanks/KOR_heavy_armor.mesh,RT56과 같은 경로가 없는 HOK 고유 자산; provenance 유지,5577C62E75E1616539A4987FDBDD977FB3AF4B72CE859E4650C0BE0454B3E02C,5577C62E75E1616539A4987FDBDD977FB3AF4B72CE859E4650C0BE0454B3E02C
gfx/models/units/tanks/KOR_heavy_armor_attack.anim,ASSET_COPY,SHIPPED,no,gfx/models/units/tanks/KOR_heavy_armor_attack.anim,RT56과 같은 경로가 없는 HOK 고유 자산; provenance 유지,2EFB93CC7B8876FB06695BAB23C6DEB33D990035D3DFAE1B3D683E56DF4CE586,2EFB93CC7B8876FB06695BAB23C6DEB33D990035D3DFAE1B3D683E56DF4CE586
gfx/models/units/tanks/KOR_heavy_armor_diffuse.dds,ASSET_COPY,SHIPPED,no,gfx/models/units/tanks/KOR_heavy_armor_diffuse.dds,RT56과 같은 경로가 없는 HOK 고유 자산; provenance 유지,0B6F5A9D11F544CF50BAF26BA9C2ECECA17E7B19F6D39438E953A7AFF495D9F3,0B6F5A9D11F544CF50BAF26BA9C2ECECA17E7B19F6D39438E953A7AFF495D9F3
gfx/models/units/tanks/KOR_heavy_armor_idle.anim,ASSET_COPY,SHIPPED,no,gfx/models/units/tanks/KOR_heavy_armor_idle.anim,RT56과 같은 경로가 없는 HOK 고유 자산; provenance 유지,3229FF9F84E7FD0ABA735DA505F9A7F998A2FBD346175888751937C7D7E5CE8D,3229FF9F84E7FD0ABA735DA505F9A7F998A2FBD346175888751937C7D7E5CE8D
gfx/models/units/tanks/KOR_heavy_armor_moving.anim,ASSET_COPY,SHIPPED,no,gfx/models/units/tanks/KOR_heavy_armor_moving.anim,RT56과 같은 경로가 없는 HOK 고유 자산; provenance 유지,CFC664B4C3526F32C0917DA341A47F634E6A809F8EFD9E031B8770B4609F4E0A,CFC664B4C3526F32C0917DA341A47F634E6A809F8EFD9E031B8770B4609F4E0A
gfx/models/units/tanks/KOR_heavy_armor_normal.dds,ASSET_COPY,SHIPPED,no,gfx/models/units/tanks/KOR_heavy_armor_normal.dds,RT56과 같은 경로가 없는 HOK 고유 자산; provenance 유지,BC15D50A982F6EA698728515861F7E8240D99FD3EAA58A42533675460F31E9EF,BC15D50A982F6EA698728515861F7E8240D99FD3EAA58A42533675460F31E9EF
gfx/models/units/tanks/KOR_heavy_armor_specular.dds,ASSET_COPY,SHIPPED,no,gfx/models/units/tanks/KOR_heavy_armor_specular.dds,RT56과 같은 경로가 없는 HOK 고유 자산; provenance 유지,E6D39E5D68E22C0EE73B627FAFA6441753CA215F413AB3170BFE360E5541B03A,E6D39E5D68E22C0EE73B627FAFA6441753CA215F413AB3170BFE360E5541B03A
gfx/models/units/tanks/KOR_light_armor.mesh,ASSET_COPY,SHIPPED,no,gfx/models/units/tanks/KOR_light_armor.mesh,RT56과 같은 경로가 없는 HOK 고유 자산; provenance 유지,642E2250DF4F407FED9BF38DC03B1DFC3B312FA9FF2C5121CC520C456B289CFA,642E2250DF4F407FED9BF38DC03B1DFC3B312FA9FF2C5121CC520C456B289CFA
gfx/models/units/tanks/KOR_light_armor_attack.anim,ASSET_COPY,SHIPPED,no,gfx/models/units/tanks/KOR_light_armor_attack.anim,RT56과 같은 경로가 없는 HOK 고유 자산; provenance 유지,84A68F08BAE025672990BEA8B321CBF4ED9DCA5064D8988645F056F92BE680F6,84A68F08BAE025672990BEA8B321CBF4ED9DCA5064D8988645F056F92BE680F6
gfx/models/units/tanks/KOR_light_armor_diffuse.dds,ASSET_COPY,SHIPPED,no,gfx/models/units/tanks/KOR_light_armor_diffuse.dds,RT56과 같은 경로가 없는 HOK 고유 자산; provenance 유지,4D77828BAAAF3EEEB85C92757F8947565BB17066013C7610F8ECF70BC4858D44,4D77828BAAAF3EEEB85C92757F8947565BB17066013C7610F8ECF70BC4858D44
gfx/models/units/tanks/KOR_light_armor_idle.anim,ASSET_COPY,SHIPPED,no,gfx/models/units/tanks/KOR_light_armor_idle.anim,RT56과 같은 경로가 없는 HOK 고유 자산; provenance 유지,9B776ACD5B04FAF197FAEFA995B006B92855A8238A3D80383465F178D6CBE010,9B776ACD5B04FAF197FAEFA995B006B92855A8238A3D80383465F178D6CBE010
gfx/models/units/tanks/KOR_light_armor_moving.anim,ASSET_COPY,SHIPPED,no,gfx/models/units/tanks/KOR_light_armor_moving.anim,RT56과 같은 경로가 없는 HOK 고유 자산; provenance 유지,D54663F2E0B62EE8DBBBB9A15407828C3126E8C2A7CA9556D0BE76E77C426F6C,D54663F2E0B62EE8DBBBB9A15407828C3126E8C2A7CA9556D0BE76E77C426F6C
gfx/models/units/tanks/KOR_light_armor_normal.dds,ASSET_COPY,SHIPPED,no,gfx/models/units/tanks/KOR_light_armor_normal.dds,RT56과 같은 경로가 없는 HOK 고유 자산; provenance 유지,29A7D8381930D50CD73C83C05852BBB682DCABF6DE9C9C09612326AA5B090CDD,29A7D8381930D50CD73C83C05852BBB682DCABF6DE9C9C09612326AA5B090CDD
gfx/models/units/tanks/KOR_light_armor_specular.dds,ASSET_COPY,SHIPPED,no,gfx/models/units/tanks/KOR_light_armor_specular.dds,RT56과 같은 경로가 없는 HOK 고유 자산; provenance 유지,1E36F6CCEF7C63CCFF97A30BEDB761F2A67D67135D8C74BA06BE7E946752F09C,1E36F6CCEF7C63CCFF97A30BEDB761F2A67D67135D8C74BA06BE7E946752F09C
gfx/models/units/tanks/KOR_medium_armor.mesh,ASSET_COPY,SHIPPED,no,gfx/models/units/tanks/KOR_medium_armor.mesh,RT56과 같은 경로가 없는 HOK 고유 자산; provenance 유지,B31CE9BFFDC9FBBECA2F9D19F6C39E5EE141AED37C0BD2C3419ED4D20746DDDE,B31CE9BFFDC9FBBECA2F9D19F6C39E5EE141AED37C0BD2C3419ED4D20746DDDE
gfx/models/units/tanks/KOR_medium_armor_attack.anim,ASSET_COPY,SHIPPED,no,gfx/models/units/tanks/KOR_medium_armor_attack.anim,RT56과 같은 경로가 없는 HOK 고유 자산; provenance 유지,6379883A37FA587558C5A0CC0AA402FF6891452D37058064E61B9EE3287A0887,6379883A37FA587558C5A0CC0AA402FF6891452D37058064E61B9EE3287A0887
gfx/models/units/tanks/KOR_medium_armor_diffuse.dds,ASSET_COPY,SHIPPED,no,gfx/models/units/tanks/KOR_medium_armor_diffuse.dds,RT56과 같은 경로가 없는 HOK 고유 자산; provenance 유지,226251B5453A585C796FB89565922E55AD184C10259C0DAE6EDC732BF03BB477,226251B5453A585C796FB89565922E55AD184C10259C0DAE6EDC732BF03BB477
gfx/models/units/tanks/KOR_medium_armor_idle.anim,ASSET_COPY,SHIPPED,no,gfx/models/units/tanks/KOR_medium_armor_idle.anim,RT56과 같은 경로가 없는 HOK 고유 자산; provenance 유지,77A4C1E44FF67DDAD5E94072702A84823B17D90DB3EA2D988F8F25B29AA27511,77A4C1E44FF67DDAD5E94072702A84823B17D90DB3EA2D988F8F25B29AA27511
gfx/models/units/tanks/KOR_medium_armor_moving.anim,ASSET_COPY,SHIPPED,no,gfx/models/units/tanks/KOR_medium_armor_moving.anim,RT56과 같은 경로가 없는 HOK 고유 자산; provenance 유지,33772989A1175A8AB33DE728E3EC186D46B49D58DB3424C12A38E7F468755ED5,33772989A1175A8AB33DE728E3EC186D46B49D58DB3424C12A38E7F468755ED5
gfx/models/units/tanks/KOR_medium_armor_normal.dds,ASSET_COPY,SHIPPED,no,gfx/models/units/tanks/KOR_medium_armor_normal.dds,RT56과 같은 경로가 없는 HOK 고유 자산; provenance 유지,E492127719AD5C365794AC0B8C61A52EFADC8B4BA616ECDBAF5D4C80568353B3,E492127719AD5C365794AC0B8C61A52EFADC8B4BA616ECDBAF5D4C80568353B3
gfx/models/units/tanks/KOR_medium_armor_specular.dds,ASSET_COPY,SHIPPED,no,gfx/models/units/tanks/KOR_medium_armor_specular.dds,RT56과 같은 경로가 없는 HOK 고유 자산; provenance 유지,E6D39E5D68E22C0EE73B627FAFA6441753CA215F413AB3170BFE360E5541B03A,E6D39E5D68E22C0EE73B627FAFA6441753CA215F413AB3170BFE360E5541B03A
gfx/models/units/tanks/KOR_modern_armor.mesh,ASSET_COPY,SHIPPED,no,gfx/models/units/tanks/KOR_modern_armor.mesh,RT56과 같은 경로가 없는 HOK 고유 자산; provenance 유지,6B4B04120247CA6284D0AAE5344104D31914F80A9CE493148E81DE376FAABA85,6B4B04120247CA6284D0AAE5344104D31914F80A9CE493148E81DE376FAABA85
gfx/models/units/tanks/KOR_modern_armor_attack.anim,ASSET_COPY,SHIPPED,no,gfx/models/units/tanks/KOR_modern_armor_attack.anim,RT56과 같은 경로가 없는 HOK 고유 자산; provenance 유지,7173254C6D465A835F0E492F60213CE9EEBDF29FA78EB973EDA1503C1A1CA418,7173254C6D465A835F0E492F60213CE9EEBDF29FA78EB973EDA1503C1A1CA418
gfx/models/units/tanks/KOR_modern_armor_diffuse.dds,ASSET_COPY,SHIPPED,no,gfx/models/units/tanks/KOR_modern_armor_diffuse.dds,RT56과 같은 경로가 없는 HOK 고유 자산; provenance 유지,94ACC04AED3A983058258398243790CD0132F9E3F5B9DEE7C2D220DCB80A9F16,94ACC04AED3A983058258398243790CD0132F9E3F5B9DEE7C2D220DCB80A9F16
gfx/models/units/tanks/KOR_modern_armor_idle.anim,ASSET_COPY,SHIPPED,no,gfx/models/units/tanks/KOR_modern_armor_idle.anim,RT56과 같은 경로가 없는 HOK 고유 자산; provenance 유지,22DDF61D8B2E2A6631FE578C12D424CFA0895575E13A1193661390F88CEDC267,22DDF61D8B2E2A6631FE578C12D424CFA0895575E13A1193661390F88CEDC267
gfx/models/units/tanks/KOR_modern_armor_moving.anim,ASSET_COPY,SHIPPED,no,gfx/models/units/tanks/KOR_modern_armor_moving.anim,RT56과 같은 경로가 없는 HOK 고유 자산; provenance 유지,EDBDF57F102C09FB766FF352557B5C6DA67AFA031C9513212D3F4275A558DD69,EDBDF57F102C09FB766FF352557B5C6DA67AFA031C9513212D3F4275A558DD69
gfx/models/units/tanks/KOR_modern_armor_normal.dds,ASSET_COPY,SHIPPED,no,gfx/models/units/tanks/KOR_modern_armor_normal.dds,RT56과 같은 경로가 없는 HOK 고유 자산; provenance 유지,353CB1524B07D490E2285232358C0F624351F2AB460112773D647900846D8778,353CB1524B07D490E2285232358C0F624351F2AB460112773D647900846D8778
gfx/models/units/tanks/KOR_modern_armor_specular.dds,ASSET_COPY,SHIPPED,no,gfx/models/units/tanks/KOR_modern_armor_specular.dds,RT56과 같은 경로가 없는 HOK 고유 자산; provenance 유지,E6D39E5D68E22C0EE73B627FAFA6441753CA215F413AB3170BFE360E5541B03A,E6D39E5D68E22C0EE73B627FAFA6441753CA215F413AB3170BFE360E5541B03A
gfx/models/units/tanks/KOR_super_heavy_armor.mesh,ASSET_COPY,SHIPPED,no,gfx/models/units/tanks/KOR_super_heavy_armor.mesh,RT56과 같은 경로가 없는 HOK 고유 자산; provenance 유지,0FCAD6DF1306812F7B7F4CA7EF509776B19D0A00F3308E8B7BBAA6B068CEC1D0,0FCAD6DF1306812F7B7F4CA7EF509776B19D0A00F3308E8B7BBAA6B068CEC1D0
gfx/models/units/tanks/KOR_super_heavy_armor_attack.anim,ASSET_COPY,SHIPPED,no,gfx/models/units/tanks/KOR_super_heavy_armor_attack.anim,RT56과 같은 경로가 없는 HOK 고유 자산; provenance 유지,AC34A93E096FE3910B41853D662668E142CF4A90F63A6E2AC2FD5BA78BD67513,AC34A93E096FE3910B41853D662668E142CF4A90F63A6E2AC2FD5BA78BD67513
gfx/models/units/tanks/KOR_super_heavy_armor_diffuse.dds,ASSET_COPY,SHIPPED,no,gfx/models/units/tanks/KOR_super_heavy_armor_diffuse.dds,RT56과 같은 경로가 없는 HOK 고유 자산; provenance 유지,87CC2C60C65629BC4FB85803D647CA97A4908B6D4DEB0E621DA38341989A48D8,87CC2C60C65629BC4FB85803D647CA97A4908B6D4DEB0E621DA38341989A48D8
gfx/models/units/tanks/KOR_super_heavy_armor_idle.anim,ASSET_COPY,SHIPPED,no,gfx/models/units/tanks/KOR_super_heavy_armor_idle.anim,RT56과 같은 경로가 없는 HOK 고유 자산; provenance 유지,46425A48120CC6ACFD3E99EB4AF884F1FBF6744B35D50A897810973C9D964E3C,46425A48120CC6ACFD3E99EB4AF884F1FBF6744B35D50A897810973C9D964E3C
gfx/models/units/tanks/KOR_super_heavy_armor_moving.anim,ASSET_COPY,SHIPPED,no,gfx/models/units/tanks/KOR_super_heavy_armor_moving.anim,RT56과 같은 경로가 없는 HOK 고유 자산; provenance 유지,A623534A20D37221DCE088227A086B6FE9F545852BCDE1453BE005E8531C31AA,A623534A20D37221DCE088227A086B6FE9F545852BCDE1453BE005E8531C31AA
gfx/models/units/tanks/KOR_super_heavy_armor_normal.dds,ASSET_COPY,SHIPPED,no,gfx/models/units/tanks/KOR_super_heavy_armor_normal.dds,RT56과 같은 경로가 없는 HOK 고유 자산; provenance 유지,03FA02149359B980204BB4A24A6F39BE5FDDE78A828941B2EAC48C6D00C990C3,03FA02149359B980204BB4A24A6F39BE5FDDE78A828941B2EAC48C6D00C990C3
gfx/models/units/tanks/KOR_super_heavy_armor_specular.dds,ASSET_COPY,SHIPPED,no,gfx/models/units/tanks/KOR_super_heavy_armor_specular.dds,RT56과 같은 경로가 없는 HOK 고유 자산; provenance 유지,E6D39E5D68E22C0EE73B627FAFA6441753CA215F413AB3170BFE360E5541B03A,E6D39E5D68E22C0EE73B627FAFA6441753CA215F413AB3170BFE360E5541B03A
gfx/models/units/tanks/KOR_tank_threads_01_diffuse.dds,ASSET_COPY,SHIPPED,no,gfx/models/units/tanks/KOR_tank_threads_01_diffuse.dds,RT56과 같은 경로가 없는 HOK 고유 자산; provenance 유지,6D5A07F05A4AD478BEBA6C8285AA3A73483EE8C2408B18ED880EA675F1B41DD1,6D5A07F05A4AD478BEBA6C8285AA3A73483EE8C2408B18ED880EA675F1B41DD1
gfx/models/units/tanks/KOR_tank_threads_01_normal.dds,ASSET_COPY,SHIPPED,no,gfx/models/units/tanks/KOR_tank_threads_01_normal.dds,RT56과 같은 경로가 없는 HOK 고유 자산; provenance 유지,1F7D370F19132C17F298484B1D32B201AB8B248C4481703145A727E1727E0684,1F7D370F19132C17F298484B1D32B201AB8B248C4481703145A727E1727E0684
gfx/models/units/tanks/KOR_tank_threads_01_specular.dds,ASSET_COPY,SHIPPED,no,gfx/models/units/tanks/KOR_tank_threads_01_specular.dds,RT56과 같은 경로가 없는 HOK 고유 자산; provenance 유지,1E36F6CCEF7C63CCFF97A30BEDB761F2A67D67135D8C74BA06BE7E946752F09C,1E36F6CCEF7C63CCFF97A30BEDB761F2A67D67135D8C74BA06BE7E946752F09C
gfx/models/units/vehicles/HoK_vehicles_animations.asset,ADD,SHIPPED,no,gfx/models/units/vehicles/HoK_vehicles_animations.asset,RT56과 같은 경로가 없는 HOK 고유 콘텐츠/메타데이터,B07A221D1BA64F961A6F2BE221F8D97E04FEDD983F4916876E4B70A4919481C9,B07A221D1BA64F961A6F2BE221F8D97E04FEDD983F4916876E4B70A4919481C9
gfx/models/units/vehicles/KOR_mechanized.mesh,ASSET_COPY,SHIPPED,no,gfx/models/units/vehicles/KOR_mechanized.mesh,RT56과 같은 경로가 없는 HOK 고유 자산; provenance 유지,D1837933B51668E9985CBDCBA0298779C6BD1CBC40F53215B35F06E479EBECB3,D1837933B51668E9985CBDCBA0298779C6BD1CBC40F53215B35F06E479EBECB3
gfx/models/units/vehicles/KOR_mechanized_attack.anim,ASSET_COPY,SHIPPED,no,gfx/models/units/vehicles/KOR_mechanized_attack.anim,RT56과 같은 경로가 없는 HOK 고유 자산; provenance 유지,C3D8DD8F48F8108D364A30DC664096245EF3C98D44BCEC36BEDC380F9553CA18,C3D8DD8F48F8108D364A30DC664096245EF3C98D44BCEC36BEDC380F9553CA18
gfx/models/units/vehicles/KOR_mechanized_diffuse.dds,ASSET_COPY,SHIPPED,no,gfx/models/units/vehicles/KOR_mechanized_diffuse.dds,RT56과 같은 경로가 없는 HOK 고유 자산; provenance 유지,7F903C13A06A1477FAFBD302264F4EFF882788EA69AB15F505D43FC58E027643,7F903C13A06A1477FAFBD302264F4EFF882788EA69AB15F505D43FC58E027643
gfx/models/units/vehicles/KOR_mechanized_idle.anim,ASSET_COPY,SHIPPED,no,gfx/models/units/vehicles/KOR_mechanized_idle.anim,RT56과 같은 경로가 없는 HOK 고유 자산; provenance 유지,D9C4046050EDF4E081354EF0F736C33999B66DD2807BEC9569F50E247A1E9027,D9C4046050EDF4E081354EF0F736C33999B66DD2807BEC9569F50E247A1E9027
gfx/models/units/vehicles/KOR_mechanized_moving.anim,ASSET_COPY,SHIPPED,no,gfx/models/units/vehicles/KOR_mechanized_moving.anim,RT56과 같은 경로가 없는 HOK 고유 자산; provenance 유지,DA6AE42CC7CC3E61950029D2C0FA40F651E631E49C4B67640730193A3DCD98EB,DA6AE42CC7CC3E61950029D2C0FA40F651E631E49C4B67640730193A3DCD98EB
gfx/models/units/vehicles/KOR_mechanized_normal.dds,ASSET_COPY,SHIPPED,no,gfx/models/units/vehicles/KOR_mechanized_normal.dds,RT56과 같은 경로가 없는 HOK 고유 자산; provenance 유지,9F1F05E7CEC3F95E444DFE6ACDFAF204B9C0CCB36FD5B5D44511B131B3DA1556,9F1F05E7CEC3F95E444DFE6ACDFAF204B9C0CCB36FD5B5D44511B131B3DA1556
gfx/models/units/vehicles/KOR_mechanized_specular.dds,ASSET_COPY,SHIPPED,no,gfx/models/units/vehicles/KOR_mechanized_specular.dds,RT56과 같은 경로가 없는 HOK 고유 자산; provenance 유지,66F835A6068C5A0F647CD56ECD879266B0651731DF160A0F38CA74FED9D4813E,66F835A6068C5A0F647CD56ECD879266B0651731DF160A0F38CA74FED9D4813E
history/countries/JAP - Japan.txt,THREE_WAY_MERGE,GENERATED,yes,history/countries/JAP - Japan.txt,현재 일본 국가사에 독립 한국을 위한 최소 delta 적용,13D7038F109ECA94B75B0BA02FD35FFFBE37EFBD709AC59460D48BA25D5B0BD5,C8F0DAF942BE8BEB96ACDA058D850F2524D0FBB9DC5B6ABD8AFB6E744996C85F
history/countries/KCH - Korean China.txt,ADD,SHIPPED,no,history/countries/KCH - Korean China.txt,RT56과 같은 경로가 없는 HOK 고유 콘텐츠/메타데이터,930B15B3687BE9098E776BBBE87F9A28BB89CF099E68181E5A3ADF5A17AD69A8,965C9D5DF6AD3C66874415D30DF3DC74975FD870F3D10E2615E908C8B8832204
history/countries/KJP - Korean Japan.txt,ADD,SHIPPED,no,history/countries/KJP - Korean Japan.txt,RT56과 같은 경로가 없는 HOK 고유 콘텐츠/메타데이터,34A0B87BF2247A66384CE2B4A1D984A6FD8D4499516D8F67985EA333606FA8D9,47828833F780235D484BD31770ED07374D41B65FC40507A97A079D5D30E4579C
history/countries/KOR - Korea.txt,OVERRIDE,SHIPPED,yes,history/countries/KOR - Korea.txt,독립 HOK 한국의 1936 시작 국가사를 의도적으로 제공,5E31EA03F90C7FFF687627668EF893C8DCD4377442928078199E5A9E83C73DD0,A3026A212ACE14982986ABB7C10B86E8711ACC81972ED3F70172DCF37C7E103B
history/countries/MON - Mongolia.txt,USE_RT56,OMITTED_HOST_OWNED,yes,RT56:history/countries/MON - Mongolia.txt,RT56 몽골 국가사를 유지,4758C20F7288607BFB7FE7A91B3A12F0ECF65721AD6B8CF8A8EC6167CBB998B7,B2D53BF2529669261C51BDCB32CD413B2F694751068E8FBD5DFD7F7224C93F3E
history/countries/RKY - Ryukyu.txt,ADD,SHIPPED,no,history/countries/RKY - Ryukyu.txt,RT56과 같은 경로가 없는 HOK 고유 콘텐츠/메타데이터,AB91A9FF26D892CACF92837D65CBEC096B31E3D288ED27B6500CECC5A5B5C230,AF7F601B9D14B73FF72C2971726D0978865CFD46B2081455E4784150E1F4A36B
history/countries/TWN - Taiwan.txt,ADD,SHIPPED,no,history/countries/TWN - Taiwan.txt,RT56과 같은 경로가 없는 HOK 고유 콘텐츠/메타데이터,0E1C43295F72F039C2E54743189CAB007282DDC86BDE1ED3AC6FB24D3ADD6A8F,F924A171EA5EDB244424D0895E88C2C207A780578C42A91624C43F4538167260
history/general/generic_advisors.txt,THREE_WAY_MERGE,GENERATED,yes,history/general/generic_advisors.txt,현재 generic advisor base에 필요한 한국 제외 조건만 병합,B20723056B2A3DD2D258ACC04D05E63B5A345F6562F2E9843C51ADDC6591B219,093AAA77DF85CD738868253C14911D97D09E98ECC5F6D90A3AF747E194AFBCC0
history/states/1028 - Hamgyong.txt,BINARY_MERGE,GENERATED,no,history/states/918-Hamgyong.txt,충돌 state 1028을 918로 이전,AA78EBB97BE029CA741CD41AC60F7B47974EC05B7DE702CE199404EF453CF759,6C55F14C0E04C4F2213A82585804228838E9584EA467BF5C870428D90171A15D
history/states/1029 - Gangwon.txt,BINARY_MERGE,GENERATED,no,history/states/1144-Gangwon.txt,충돌 state 1029를 1144로 이전,722BF8DF0B7D9AB8311B9AFFD6B96394F3BF55066312847B168459A0B4710854,466000A6D5EB0491CB3C40FE16913E5E96945585E67A5381EF8F486EAEBD1FFB
history/states/1030 - Gyeongsang.txt,BINARY_MERGE,GENERATED,no,history/states/920-Gyeongsang.txt,충돌 state 1030을 920으로 이전,4EE5219EA4927EE05D2D7BA0153EC86693A273F7D62C29CE6112FD2F8CC18C30,3CBDA9299A0DFC1132212B1BED1938009C29AAB0B717CADC2A2CF9972071F6A2
history/states/1031 - Chungcheong Jeolla.txt,BINARY_MERGE,GENERATED,no,history/states/1145-Chungcheong.txt,복합 donor state에서 충청 state 1145 재구축,519A076648462C8D7A202CEE77879E2FCB31BC322A35F788F53702BCA12EBA67,9AC7E95BD12F862D9BCC22D17FAECCDF8EB93C44E218B741D2691B17B80A3944
history/states/1082 - Jeolla.txt,BINARY_MERGE,GENERATED,no,history/states/919-Jeolla.txt,충돌 state 1082를 919로 이전,42BED2B37CCE3109A5E71F03BDDFE1B3A3C08F5A79CA103F4A2CBA61C643AE7D,85551522BB9AEDE90C74B679B0998E22DFA16FFA5D300DC9157497E744FE9720
history/states/1083 - Hwanghae.txt,BINARY_MERGE,GENERATED,no,history/states/917-Hwanghae.txt,충돌 state 1083을 917로 이전,3830F398FE1D316A70B719FCCA445EC9F94658F1230BCBFB059BA753C85E04FB,103C4F66149F547005BDB1D9ED275096F74FDCE35204E932589D13B54B430BB3
history/states/1084 - Jeju.txt,BINARY_MERGE,GENERATED,no,history/states/1146-Jeju.txt,충돌 state 1084를 1146으로 이전,4EB50FA4D264E6C619552E90F38E455671C22FFAB508AE8C9D4D004FCF220714,CA71A5C45B371F47B6F2150BB6B82FAD258FF8A028F79588EBC8B6D397AD04A4
history/states/1085 - Tsushima.txt,BINARY_MERGE,GENERATED,no,history/states/1147-Tsushima.txt,충돌 state 1085를 1147로 이전,CE45376BB74D5AE944BCEBD7F964DE87AF9D025618FD863D385B2ED73836752F,ED23B500286F2E4DEDF84A27F13E57CF441FB945E1B1B369198DC27BBE09BF9F
history/states/525-South Korea.txt,BINARY_MERGE,GENERATED,yes,history/states/525-South Korea.txt,RT56 state 525를 한국 지형 delta에 맞춰 재구축,D9AC2E47161042DDBB2C508C4B07C4C46B7A55F7C1B17B3F550394D59D2AF035,4FCA4FCBE292353F6531A1D336B37A885D5090DB0316A92440E84D4D3A7BEB75
history/states/527-North Korea.txt,BINARY_MERGE,GENERATED,yes,history/states/527-North Korea.txt,RT56 state 527을 한국 지형 delta에 맞춰 재구축,10910C113D3411E38105BAD3A23E242E5BEFDC34BB86C2B36A2237A3A742A636,E32CE7CADE911F71620C9B0D8526B90E088958C9257B540D4135720DA777E8E8
history/states/528-Nagasaki.txt,BINARY_MERGE,GENERATED,yes,history/states/528-Nagasaki.txt,RT56 state 528을 쓰시마 분리에 맞춰 재구축,7ED9DFE5BE88BC05B61B02186654AB9D422A76B72E8CB4391D1BFA2142FC8049,8FA837A6DC3AE9709A986A35C4541A5824AE9579EEFF7B1FBA01052EB84D8B8D
history/units/gookppong_KOR_air_bba.txt,ADD,SHIPPED,no,history/units/gookppong_KOR_air_bba.txt,RT56과 같은 경로가 없는 HOK 고유 콘텐츠/메타데이터,FC13E6946CB79A6D75F0AE7E271EED793C1348AC381E8F77A5F3CFE502983631,FC13E6946CB79A6D75F0AE7E271EED793C1348AC381E8F77A5F3CFE502983631
history/units/gookppong_KOR_air_legacy.txt,ADD,SHIPPED,no,history/units/gookppong_KOR_air_legacy.txt,RT56과 같은 경로가 없는 HOK 고유 콘텐츠/메타데이터,6C39D69CAF0FE6D3F9F20EA24662F4AA982348933044796257CB12E6D59F1288,6C39D69CAF0FE6D3F9F20EA24662F4AA982348933044796257CB12E6D59F1288
history/units/gookppong_KOR_naval_legacy.txt,ADD,SHIPPED,no,history/units/gookppong_KOR_naval_legacy.txt,RT56과 같은 경로가 없는 HOK 고유 콘텐츠/메타데이터,873C7845BBE6BA639277C631D71D437EF4280391EC4CEF10A3B416A2C3A898CD,873C7845BBE6BA639277C631D71D437EF4280391EC4CEF10A3B416A2C3A898CD
history/units/gookppong_KOR_naval_mtg.txt,ADD,SHIPPED,no,history/units/gookppong_KOR_naval_mtg.txt,RT56과 같은 경로가 없는 HOK 고유 콘텐츠/메타데이터,8C301065FCE2ACED61F05578F1C6DB5574D3ABBF83C57784C558CD15AEAA0AF1,8C301065FCE2ACED61F05578F1C6DB5574D3ABBF83C57784C558CD15AEAA0AF1
history/units/gookppong_middle_power_KOR_air_bba.txt,ADD,SHIPPED,no,history/units/gookppong_middle_power_KOR_air_bba.txt,RT56과 같은 경로가 없는 HOK 고유 콘텐츠/메타데이터,3D5D138EFB56BDEE427F995E6740A1731F604359FE877AEA1E9334ACC946B5A3,3D72900EA0B476C85A0085FA518869FB416D0348C00863FAB3D1F9114FEAEF93
history/units/gookppong_middle_power_KOR_air_legacy.txt,ADD,SHIPPED,no,history/units/gookppong_middle_power_KOR_air_legacy.txt,RT56과 같은 경로가 없는 HOK 고유 콘텐츠/메타데이터,E6FB11B6BD10F57702A5B35C5E3D67427D4E29D5EBE64DC2FB8F1860A8104CAC,D0B918D1966B3D7298AAEB16F5CD41CA1FB65F1611AF01AD88F3EF8FE49EE78D
history/units/JAP_1936.txt,THREE_WAY_MERGE,GENERATED,no,history/units/JAP_1936.txt,현재 바닐라 OOB에 독립 한국을 위한 주둔 재배치만 병합,A1F21C5BF0BB800431E86C585A187483AA048BD3700BBA1E9D2F1BAEBAD5AFBF,A1F21C5BF0BB800431E86C585A187483AA048BD3700BBA1E9D2F1BAEBAD5AFBF
history/units/JAP_1936_naval.txt,USE_RT56,OMITTED_HOST_OWNED,yes,RT56:history/units/JAP_1936_naval.txt,낡은 donor OOB를 싣지 않고 현재 RT56 항목을 유지,5CE5BA15F664ECB783795E0F21B86123F8D822F5057BF86FA3FA17A709ED9B0E,31998D04BC7D9654D626914960A56EAB9C7A336EB9EE8E9BF4C6566BD48CA673
history/units/JAP_1936_naval_legacy.txt,THREE_WAY_MERGE,GENERATED,no,history/units/JAP_1936_naval_legacy.txt,현재 바닐라 legacy naval OOB에 쓰시마 배치만 병합,41736D03C38690A38B391895E871D5BC791D809654677ADEA8B8ECD2991FDAFB,41736D03C38690A38B391895E871D5BC791D809654677ADEA8B8ECD2991FDAFB
history/units/JAP_1936_nsb.txt,THREE_WAY_MERGE,GENERATED,no,history/units/JAP_1936_nsb.txt,현재 바닐라 NSB OOB에 한국 주둔 재배치만 병합,26AD4DE240387F45C4F35C22108DDB5615E73A40AEA83AC3C129DBAE13E014AE,26AD4DE240387F45C4F35C22108DDB5615E73A40AEA83AC3C129DBAE13E014AE
history/units/KOR_1936_air_bba.txt,ADD,SHIPPED,no,history/units/KOR_1936_air_bba.txt,RT56과 같은 경로가 없는 HOK 고유 콘텐츠/메타데이터,0711138CA3C9A637AA90DCDC4E7E0B9F68D23D9DF711E3BA63B1438CF6101784,B1517A91D0E6FDA520F517CF4E303DDCDB4BF7131D0EB3F9E6017FCB08EDA1ED
history/units/KOR_1936_air_legacy.txt,ADD,SHIPPED,no,history/units/KOR_1936_air_legacy.txt,RT56과 같은 경로가 없는 HOK 고유 콘텐츠/메타데이터,7511204FAADBF20DDA189649557BD82230E5B532580E588ABD90B9F25FC9B591,45C7C55BC17576BAD05A4B9F97E16F51D22F67DD5C3CCB6B5FF77034641AEE75
history/units/KOR_1936_land_legacy.txt,ADD,SHIPPED,no,history/units/KOR_1936_land_legacy.txt,RT56과 같은 경로가 없는 HOK 고유 콘텐츠/메타데이터,9B2F7BB2AC52F38065F81186FB6FD5A8727DF4D095CAC4DBA8D4836DD96DA8E1,433F2D83573E75449DF5C6DADC0524094D80B201F1CE4757F79422161828ED40
history/units/KOR_1936_land_nsb.txt,ADD,SHIPPED,no,history/units/KOR_1936_land_nsb.txt,RT56과 같은 경로가 없는 HOK 고유 콘텐츠/메타데이터,9B2F7BB2AC52F38065F81186FB6FD5A8727DF4D095CAC4DBA8D4836DD96DA8E1,433F2D83573E75449DF5C6DADC0524094D80B201F1CE4757F79422161828ED40
history/units/KOR_1936_naval_legacy.txt,ADD,SHIPPED,no,history/units/KOR_1936_naval_legacy.txt,RT56과 같은 경로가 없는 HOK 고유 콘텐츠/메타데이터,CA4F01C6D8D512F502697519661674D45C810764ECCB1D9AFBB84363E72F8199,CA4F01C6D8D512F502697519661674D45C810764ECCB1D9AFBB84363E72F8199
history/units/KOR_1936_naval_mtg.txt,ADD,SHIPPED,no,history/units/KOR_1936_naval_mtg.txt,RT56과 같은 경로가 없는 HOK 고유 콘텐츠/메타데이터,2585B366978CB49814853FB06BF05818DCCF1404A5842339B6876B9BC3D6DE98,2585B366978CB49814853FB06BF05818DCCF1404A5842339B6876B9BC3D6DE98
history/units/KOR_Korean_Civil_War_democratic.txt,ADD,SHIPPED,no,history/units/KOR_Korean_Civil_War_democratic.txt,RT56과 같은 경로가 없는 HOK 고유 콘텐츠/메타데이터,254441E92966F94D9977255664843C07C2C34DFEAD30BE9DA4A621A7AA3CF828,6CAFC279825D76C48EA6F6498E5BCC2B35B6C5EEF15E84B35308848AB738D8A9
interface/buildings/landmarks_HoK.gfx,ADD,SHIPPED,no,interface/buildings/landmarks_HoK.gfx,RT56과 같은 경로가 없는 HOK 고유 콘텐츠/메타데이터,1C8C7384899063FC8C273A077CB75E718C73444901B4380BFA8E8C83601491DF,1C8C7384899063FC8C273A077CB75E718C73444901B4380BFA8E8C83601491DF
interface/characters_HoK.gfx,ADD,SHIPPED,no,interface/characters_HoK.gfx,RT56과 같은 경로가 없는 HOK 고유 콘텐츠/메타데이터,3BB4D4E5B68B44034EA25996C5FB83BC7B81E71E0E55228AFF7F10D2732C8A30,085A8C48D9B04BAB4B6C20143A3CDBEDF14874ECB05DFE849EF8D78AB9817A39
interface/countryintelligenceagencyview_kor.gfx,ADD,SHIPPED,no,interface/countryintelligenceagencyview_kor.gfx,RT56과 같은 경로가 없는 HOK 고유 콘텐츠/메타데이터,57BB8900D5D92F1F32F6A9198A2365B77D9F857F9ACB57DA4D29CF8DD7BAD974,57BB8900D5D92F1F32F6A9198A2365B77D9F857F9ACB57DA4D29CF8DD7BAD974
interface/decisions_HoK.gfx,ADD,SHIPPED,no,interface/decisions_HoK.gfx,RT56과 같은 경로가 없는 HOK 고유 콘텐츠/메타데이터,3D90FD8A9FF9E5FE5E5BB11D32D91D9990DB10859CCE4B85092F4D95F3531D21,BC1D301A6020FB27D7CEB97B8D3768A26F255711DB94FEDD2225AF2B5C5AF8DA
interface/eventpictures_HoK.gfx,ADD,SHIPPED,no,interface/eventpictures_HoK.gfx,RT56과 같은 경로가 없는 HOK 고유 콘텐츠/메타데이터,961A425469B7B2C0EAEBE66305039E791358C2FEB27D44DA7EE58EEC7642E925,13CB7A198EDCB7DE94A2B47238259FDD31C54C2C2CD9DC7C52D6535E794DE7BE
interface/frontendmainviewbg.gfx,OVERRIDE,SHIPPED,yes,interface/frontendmainviewbg.gfx,신규 포트의 HOK 브랜딩 배경을 의도적으로 사용,31437E1F34DF84AED189C3049CD7D82C2A3FD95E3B419E3AFE7C7147A1D2BBD1,31437E1F34DF84AED189C3049CD7D82C2A3FD95E3B419E3AFE7C7147A1D2BBD1
interface/goals_HoK.gfx,ADD,SHIPPED,no,interface/goals_HoK.gfx,RT56과 같은 경로가 없는 HOK 고유 콘텐츠/메타데이터,85BD6B1AB72FE37BA3D4D818CEA171B70278D1F55E2804F5A00854855C79E75E,572598ED9A5DC5D651CBAA7EA7E366AEA280E4DE1BA740606BBDE3A56BCB08B7
interface/goals_shine_HoK.gfx,ADD,SHIPPED,no,interface/goals_shine_HoK.gfx,RT56과 같은 경로가 없는 HOK 고유 콘텐츠/메타데이터,DA7EDB72671EDDC1ED22D9D24113680B7FCC09CE3B084D9359C9CC3A4757557A,8D2B812AFB3652632FEFD24058E2D9E8A61EACA97BF34354E5E61207DACA73CA
interface/ideas_HoK.gfx,ADD,SHIPPED,no,interface/ideas_HoK.gfx,RT56과 같은 경로가 없는 HOK 고유 콘텐츠/메타데이터,9AFDF0F9AB74EA11BE5AEDC10C682149929FFF7A5CD8D77F6CD675215DE00477,E25D309BF61EBD065217B7A436730D0DF857759501653010B835C7AA84B34013
interface/leader_portraits_HoK.gfx,ADD,SHIPPED,no,interface/leader_portraits_HoK.gfx,RT56과 같은 경로가 없는 HOK 고유 콘텐츠/메타데이터,A68A6B001EE4DA424FAE2D2471F8E0C425605EFE84F880E3D0C4002CCF0FDC32,A68A6B001EE4DA424FAE2D2471F8E0C425605EFE84F880E3D0C4002CCF0FDC32
interface/medals_HoK.gfx,ADD,SHIPPED,no,interface/medals_HoK.gfx,RT56과 같은 경로가 없는 HOK 고유 콘텐츠/메타데이터,D136CAEDE9E6038F5985A842E760DF01F5F5B9D2FA759FE98FB66D0CAF922E14,D136CAEDE9E6038F5985A842E760DF01F5F5B9D2FA759FE98FB66D0CAF922E14
interface/random_portraits_HoK.gfx,ADD,SHIPPED,no,interface/random_portraits_HoK.gfx,RT56과 같은 경로가 없는 HOK 고유 콘텐츠/메타데이터,E1964CDE0D0CEDBAED6137ED3965E10A26800A15CFBEA0B2735731A1E8C9A580,E1964CDE0D0CEDBAED6137ED3965E10A26800A15CFBEA0B2735731A1E8C9A580
interface/technologies_kor.gfx,ADD,SHIPPED,no,interface/technologies_kor.gfx,RT56과 같은 경로가 없는 HOK 고유 콘텐츠/메타데이터,E43F135842A413ADF5F971E379232E1137550C9DFC8E3BF866BE0C4CFD8B8FA2,E43F135842A413ADF5F971E379232E1137550C9DFC8E3BF866BE0C4CFD8B8FA2
interface/traits_HoK.gfx,ADD,SHIPPED,no,interface/traits_HoK.gfx,RT56과 같은 경로가 없는 HOK 고유 콘텐츠/메타데이터,80CF2341BAE34D2D3D196B57AA833EE7903773DB53198B867355DB7639277ECD,80CF2341BAE34D2D3D196B57AA833EE7903773DB53198B867355DB7639277ECD
localisation/english/HoK_achievements_l_english.yml,ADD,SHIPPED,no,localisation/english/HoK_achievements_l_english.yml,RT56과 같은 경로가 없는 HOK 고유 콘텐츠/메타데이터,4346A41FD0ECFB4742B33FBFA2656BA6A7DC6DABCE13A00E5ED0936FF8211B3C,A3112BEE5A3E50307F5F8ADC4C926837D444E96974E34E9085598C9BF6DF93A7
localisation/english/HoK_buildings_l_english.yml,ADD,SHIPPED,no,localisation/english/HoK_buildings_l_english.yml,RT56과 같은 경로가 없는 HOK 고유 콘텐츠/메타데이터,2DB69991201223E46D672F696AA2B0B4D77B47F54984A6A85224CFE293B3B829,2DB69991201223E46D672F696AA2B0B4D77B47F54984A6A85224CFE293B3B829
localisation/english/HoK_music_l_english.yml,ADD,SHIPPED,no,localisation/english/HoK_music_l_english.yml,RT56과 같은 경로가 없는 HOK 고유 콘텐츠/메타데이터,F1A8C54BCB458110EEDDC8D130B66DF357665FFF54D82B2C2C8B3AF9E0F20D20,140E9549F72C6972C7ECC90216F776DE92EC71716AF0C6FA73BA24EE0FD296D5
localisation/english/HoK_start_game_setup_l_english.yml,ADD,SHIPPED,no,localisation/english/HoK_start_game_setup_l_english.yml,RT56과 같은 경로가 없는 HOK 고유 콘텐츠/메타데이터,F12C97A6ACE9BB59E60DBF3AA79DC423239D38F702AF946C47EB0EA08E32A44C,F4210041856658D31BF22FB69FC0F6885930A9FEEFCC204600A942FFC740E527
localisation/english/korea_equipment_l_english.yml,ADD,SHIPPED,no,localisation/english/korea_equipment_l_english.yml,RT56과 같은 경로가 없는 HOK 고유 콘텐츠/메타데이터,1416BB62AE711524373A841B203324562FD14E1ECE5AF8A66FE88889307A3CD0,1416BB62AE711524373A841B203324562FD14E1ECE5AF8A66FE88889307A3CD0
localisation/english/korea_event_l_english.yml,ADD,SHIPPED,no,localisation/english/korea_event_l_english.yml,RT56과 같은 경로가 없는 HOK 고유 콘텐츠/메타데이터,A7B89819FC324A9339106F12E5C821F2FD95896CC2ADB382A6DC85F96EFDC25F,0AED990ADE6E2542FE1CA30054E2C4D315FA1CF9BC38D8CC8F1353F60B3898F4
localisation/english/korea_focus_l_english.yml,ADD,SHIPPED,no,localisation/english/korea_focus_l_english.yml,RT56과 같은 경로가 없는 HOK 고유 콘텐츠/메타데이터,AEF1294453500636DD802B57D737F2EA524EDB4E3B744F79FEDE4853300E7CAC,AEF1294453500636DD802B57D737F2EA524EDB4E3B744F79FEDE4853300E7CAC
localisation/english/korea_ideas_l_english.yml,ADD,SHIPPED,no,localisation/english/korea_ideas_l_english.yml,RT56과 같은 경로가 없는 HOK 고유 콘텐츠/메타데이터,C3497C7084FA303C714DCE14C2AEF07340042EB7789E052D081657985F37ACBB,C3497C7084FA303C714DCE14C2AEF07340042EB7789E052D081657985F37ACBB
localisation/english/korea_leader_traits_l_english.yml,ADD,SHIPPED,no,localisation/english/korea_leader_traits_l_english.yml,RT56과 같은 경로가 없는 HOK 고유 콘텐츠/메타데이터,48354F9ED48E6F3C1C0DC5AE4E39068BDFB72FEA62C9587B67D0C248E1907E6A,48354F9ED48E6F3C1C0DC5AE4E39068BDFB72FEA62C9587B67D0C248E1907E6A
localisation/english/korea_military_industrial_organization_l_english.yml,ADD,SHIPPED,no,localisation/english/korea_military_industrial_organization_l_english.yml,RT56과 같은 경로가 없는 HOK 고유 콘텐츠/메타데이터,DBABC5DA774BF26002C6CD60935708BFF1AA29570448875F4E4A6175EE098E45,DBABC5DA774BF26002C6CD60935708BFF1AA29570448875F4E4A6175EE098E45
localisation/english/korea_unit_medals_l_english.yml,ADD,SHIPPED,no,localisation/english/korea_unit_medals_l_english.yml,RT56과 같은 경로가 없는 HOK 고유 콘텐츠/메타데이터,E76197E5B8B840A71F4E4223C44ECEBC8746D678239F91A749B579DFE8D37351,E76197E5B8B840A71F4E4223C44ECEBC8746D678239F91A749B579DFE8D37351
localisation/english/replace/HoK_countries_l_english.yml,ADD,SHIPPED,no,localisation/english/replace/HoK_countries_l_english.yml,RT56과 같은 경로가 없는 HOK 고유 콘텐츠/메타데이터,572BF7E1DBE094B99A9188374E8EDD16FBCE9187E1FA899C7C83EC066685A578,02669BE361803968F360CD85BA6CEA93C9BCC3B975423897CE912E76C146B382
localisation/english/replace/HoK_factions_l_english.yml,ADD,SHIPPED,no,localisation/english/replace/HoK_factions_l_english.yml,RT56과 같은 경로가 없는 HOK 고유 콘텐츠/메타데이터,F50F1E674E700C86FB219EEEC0759642E47A1253E2921AAF975CA114A5731D42,F50F1E674E700C86FB219EEEC0759642E47A1253E2921AAF975CA114A5731D42
localisation/english/replace/HoK_loading_tips_l_english.yml,ADD,SHIPPED,no,localisation/english/replace/HoK_loading_tips_l_english.yml,RT56과 같은 경로가 없는 HOK 고유 콘텐츠/메타데이터,2A899E409C9E835C72439957C151D0CFC3921BD835160BF8594041440F7A2198,2A899E409C9E835C72439957C151D0CFC3921BD835160BF8594041440F7A2198
localisation/english/replace/HoK_state_name_l_english.yml,ADD,SHIPPED,no,localisation/english/replace/HoK_state_name_l_english.yml,RT56과 같은 경로가 없는 HOK 고유 콘텐츠/메타데이터,B1969F0075A83C3CE6C3EC5FC23173F58DD4EDFCBDF4F9A08154A04EAE2CB72A,C77206D20B1C5F08EEC5B146ABF06A1421A50AABC207F4A678A526E2881E18EE
localisation/english/replace/korea_characters_l_english.yml,ADD,SHIPPED,no,localisation/english/replace/korea_characters_l_english.yml,RT56과 같은 경로가 없는 HOK 고유 콘텐츠/메타데이터,F6939EB206A2CB637955C8D03BF807B25445E6DA18B01BC72DE0DCE023683AE5,F6939EB206A2CB637955C8D03BF807B25445E6DA18B01BC72DE0DCE023683AE5
localisation/english/replace/korea_decisions_l_english.yml,ADD,SHIPPED,no,localisation/english/replace/korea_decisions_l_english.yml,RT56과 같은 경로가 없는 HOK 고유 콘텐츠/메타데이터,BFCFE0A9BAA3766FCDF98B25EFBA7074933470A40E492DF8681A3EA15F1B982B,BFCFE0A9BAA3766FCDF98B25EFBA7074933470A40E492DF8681A3EA15F1B982B
localisation/english/replace/korea_parties_l_english.yml,ADD,SHIPPED,no,localisation/english/replace/korea_parties_l_english.yml,RT56과 같은 경로가 없는 HOK 고유 콘텐츠/메타데이터,4A3481DD7F283A1F98A131AA02EBB7875D2A92365A2A644593D5D22BC964287A,4A3481DD7F283A1F98A131AA02EBB7875D2A92365A2A644593D5D22BC964287A
localisation/korean/HoK_achievements_l_korean.yml,ADD,SHIPPED,no,localisation/korean/HoK_achievements_l_korean.yml,RT56과 같은 경로가 없는 HOK 고유 콘텐츠/메타데이터,C7F1FE558D3A02A3EDD2D5305C03968070A714A0639A3D820AC0949BA72A2077,9A840A0629825632AA719E749D237A6D0BDA81131048B99BC93EB9FF6E95481F
localisation/korean/HoK_buildings_l_korean.yml,ADD,SHIPPED,no,localisation/korean/HoK_buildings_l_korean.yml,RT56과 같은 경로가 없는 HOK 고유 콘텐츠/메타데이터,A46A1F7A19D65FB56B69676A8564280FB3DB66A5BA6842777AD770FFBBF55CBE,A46A1F7A19D65FB56B69676A8564280FB3DB66A5BA6842777AD770FFBBF55CBE
localisation/korean/HoK_music_l_korean.yml,ADD,SHIPPED,no,localisation/korean/HoK_music_l_korean.yml,RT56과 같은 경로가 없는 HOK 고유 콘텐츠/메타데이터,B910F4A1DAA56E6AD07246F1D755B1924FE1DBBB312E9AC8C2C422FF82EED72F,DAC3F4843E1A8A6DD3EF411E5360542CDA1DB29983DB65FEC39CC2300A0E8655
localisation/korean/HoK_start_game_setup_l_korean.yml,ADD,SHIPPED,no,localisation/korean/HoK_start_game_setup_l_korean.yml,RT56과 같은 경로가 없는 HOK 고유 콘텐츠/메타데이터,5867CDC8315EE2A24840E6F359D0F95D8CC5EE1B6E6E12EAD37B345F5C0084F6,63A438DEC315C5D46A761BB32A4FF9015937E655FE4DF5E45BD045B65DBA319D
localisation/korean/korea_equipment_l_korean.yml,ADD,SHIPPED,no,localisation/korean/korea_equipment_l_korean.yml,RT56과 같은 경로가 없는 HOK 고유 콘텐츠/메타데이터,6CF5B2FEEBF330E499F67523E39A2AC859FA61C83D403CC2729763E51F6665D0,6CF5B2FEEBF330E499F67523E39A2AC859FA61C83D403CC2729763E51F6665D0
localisation/korean/korea_event_l_korean.yml,ADD,SHIPPED,no,localisation/korean/korea_event_l_korean.yml,RT56과 같은 경로가 없는 HOK 고유 콘텐츠/메타데이터,56F93D319E9861E5D8B139CDA4579E490319DC41D27E067FCC0CE189500B6659,DC1992C494224A5C60FFAB31928E9750C8BF274CA5C2FA70BE32FB3C55C4D352
localisation/korean/korea_focus_l_korean.yml,ADD,SHIPPED,no,localisation/korean/korea_focus_l_korean.yml,RT56과 같은 경로가 없는 HOK 고유 콘텐츠/메타데이터,FEDCECF6A981415E77AB179734F94AEDE9C7EFB60397CDD8B4D18291FCCABA09,FEDCECF6A981415E77AB179734F94AEDE9C7EFB60397CDD8B4D18291FCCABA09
localisation/korean/korea_ideas_l_korean.yml,ADD,SHIPPED,no,localisation/korean/korea_ideas_l_korean.yml,RT56과 같은 경로가 없는 HOK 고유 콘텐츠/메타데이터,13A718309A2F566CBDC759F66F546041B7F8434CB6FE6B237D075660110D776E,13A718309A2F566CBDC759F66F546041B7F8434CB6FE6B237D075660110D776E
localisation/korean/korea_leader_traits_l_korean.yml,ADD,SHIPPED,no,localisation/korean/korea_leader_traits_l_korean.yml,RT56과 같은 경로가 없는 HOK 고유 콘텐츠/메타데이터,2AA384915EE57080E4243FFEDD115B0ABF8B47857926399F3E1EC13245043763,2AA384915EE57080E4243FFEDD115B0ABF8B47857926399F3E1EC13245043763
localisation/korean/korea_military_industrial_organization_l_korean.yml,ADD,SHIPPED,no,localisation/korean/korea_military_industrial_organization_l_korean.yml,RT56과 같은 경로가 없는 HOK 고유 콘텐츠/메타데이터,5DF5086DE5ECE8CBCC9480D3C45D9F5A02DCF4A3868B38B7DB06D99A5F004C09,5DF5086DE5ECE8CBCC9480D3C45D9F5A02DCF4A3868B38B7DB06D99A5F004C09
localisation/korean/korea_unit_medals_l_korean.yml,ADD,SHIPPED,no,localisation/korean/korea_unit_medals_l_korean.yml,RT56과 같은 경로가 없는 HOK 고유 콘텐츠/메타데이터,BAAC98C79E6DFE01FFCC765801F70C61D0C7DEFA1AD13EBF81EE6F18B1B06E94,BAAC98C79E6DFE01FFCC765801F70C61D0C7DEFA1AD13EBF81EE6F18B1B06E94
localisation/korean/replace/HoK_countries_l_korean.yml,ADD,SHIPPED,no,localisation/korean/replace/HoK_countries_l_korean.yml,RT56과 같은 경로가 없는 HOK 고유 콘텐츠/메타데이터,7AC36BC2675369854809260BD516F5019F4757111293974A75037410E479CFE3,FAA90AD60451B79BCCE1C5E5EE58ED7E2FA4D89BC7AB66AE8673E589670D5204
localisation/korean/replace/HoK_factions_l_korean.yml,ADD,SHIPPED,no,localisation/korean/replace/HoK_factions_l_korean.yml,RT56과 같은 경로가 없는 HOK 고유 콘텐츠/메타데이터,BB74B634196114A60AAC329D3B4B66DB0152F9B6CDF614E8057AB3793E0B2FD7,BB74B634196114A60AAC329D3B4B66DB0152F9B6CDF614E8057AB3793E0B2FD7
localisation/korean/replace/HoK_loading_tips_l_korean.yml,ADD,SHIPPED,no,localisation/korean/replace/HoK_loading_tips_l_korean.yml,RT56과 같은 경로가 없는 HOK 고유 콘텐츠/메타데이터,1072D4253DF60F2B3D217B4719E1AFE109906EB98D3AE849445720CDD8609265,1072D4253DF60F2B3D217B4719E1AFE109906EB98D3AE849445720CDD8609265
localisation/korean/replace/HoK_state_name_l_korean.yml,ADD,SHIPPED,no,localisation/korean/replace/HoK_state_name_l_korean.yml,RT56과 같은 경로가 없는 HOK 고유 콘텐츠/메타데이터,A35315556F14C435E2808E1702AB647B911370C1E3A297783EC629B654709466,73BE139C22965203B73B71E581399CD6147402C12CCE5F807DD430E20FD88FE0
localisation/korean/replace/korea_characters_l_korean.yml,ADD,SHIPPED,no,localisation/korean/replace/korea_characters_l_korean.yml,RT56과 같은 경로가 없는 HOK 고유 콘텐츠/메타데이터,58DD2DF1A765B21D5FAADE08DD7FD7058CD13CBA2986F3C67630E0489F23A05B,58DD2DF1A765B21D5FAADE08DD7FD7058CD13CBA2986F3C67630E0489F23A05B
localisation/korean/replace/korea_decisions_l_korean.yml,ADD,SHIPPED,no,localisation/korean/replace/korea_decisions_l_korean.yml,RT56과 같은 경로가 없는 HOK 고유 콘텐츠/메타데이터,C0C01CD8B1D877E3CAA2F063F550E5445C46A52E00EA231006326C1CA364A12A,C0C01CD8B1D877E3CAA2F063F550E5445C46A52E00EA231006326C1CA364A12A
localisation/korean/replace/korea_parties_l_korean.yml,ADD,SHIPPED,no,localisation/korean/replace/korea_parties_l_korean.yml,RT56과 같은 경로가 없는 HOK 고유 콘텐츠/메타데이터,03E5090254D2C2A39F46717A85C170DB9E671B27440FEC932D6D2EB000DC5D09,03E5090254D2C2A39F46717A85C170DB9E671B27440FEC932D6D2EB000DC5D09
map/buildings.txt,BINARY_MERGE,GENERATED,yes,map/buildings.txt,RT56 전역 buildings에 이식된 한국 참조 합성,DA7A22BC7F3996FC89496BEE248B530FA7039917564AD50B09F6B05A7F574A53,361F48EBE844ABA3EFCEC6DB3A1D893082F0B5A35A811B6071958754B9BB64F5
map/definition.csv,BINARY_MERGE,GENERATED,yes,map/definition.csv,RT56 definition base에 새 province 34개 합성,0DD53CE40928593FA59C4661863EA4257BDC1E3EC8FDA6D3F790C319A2F8F228,0B47E8CFC81D571BC1864280A213C9488AF17148B6D0F7581162BB7EEC6331D4
map/provinces.bmp,BINARY_MERGE,GENERATED,yes,map/provinces.bmp,RT56 bitmap base에 HOK 한국 픽셀 delta 합성,A00EC0E8C18E9F405FC7E7EA59A77848870F03C79E9E5F78CF6E12272D867600,B00C6CD4536000123CC670A41055C817162292BAD7A5A9BFA465FE4A1E9A3199
map/railways.txt,BINARY_MERGE,GENERATED,yes,map/railways.txt,RT56 전역 railway에 이식된 한국 연결 합성,BF651E0ED911AE67BE40592115E3BACD96E30950E8D64302E19EA2FAF853FD0C,8B030D43E8588C8282086E22BE3726DF3401DA7AACF7F3A91659BD25482EEB7C
map/strategicregions/186-Korea.txt,BINARY_MERGE,GENERATED,yes,map/strategicregions/186-Korea.txt,RT56 전략 지역에 이식된 한국 province membership 합성,A52B44F8D1FF6CA2638666014E3C82EDAA19186BC047C131F27EFE3EAE97E80E,4F548FC9A047DB27C0641C667914C90D058BDC98422A556DE58512641350E878
map/supply_nodes.txt,BINARY_MERGE,GENERATED,yes,map/supply_nodes.txt,RT56 전역 supply node에 한국 참조 합성,E34602B74E50A9A77CA5995EB621111F81B70D8D3DA84FD6B175FA2BB0E7E396,CBCB551BD417E1DC1A4AE153390AF9EB2B5599D0BA37ED902DB481BA1456039F
map/unitstacks.txt,BINARY_MERGE,GENERATED,yes,map/unitstacks.txt,RT56 전역 unit stack에 한국 위치 합성,2A794AAC4EFD8752E70FF1E72235A16904A2860B6C41D801EED8DF39AF2413D9,F19EE8B7DF33E832E6080FDE0AE5F6C1C3822481219FC8117C9D00A58F677350
music/Alive_as_the_flower_of_the_nation.ogg,ASSET_COPY,SHIPPED,no,music/Alive_as_the_flower_of_the_nation.ogg,RT56과 같은 경로가 없는 HOK 고유 자산; provenance 유지,2BE71AF4DF66ABE39098C03B0EAF63855C7D7E3466701F03A9D11BB334095C22,2BE71AF4DF66ABE39098C03B0EAF63855C7D7E3466701F03A9D11BB334095C22
music/Daegu_commune.ogg,ASSET_COPY,SHIPPED,no,music/Daegu_commune.ogg,RT56과 같은 경로가 없는 HOK 고유 자산; provenance 유지,216C4C1896E1D6DAF0317AB03A003654576E1D66BDA35CFEFA172CB748A1D9F8,216C4C1896E1D6DAF0317AB03A003654576E1D66BDA35CFEFA172CB748A1D9F8
music/Federation_of_Balhae.ogg,ASSET_COPY,SHIPPED,no,music/Federation_of_Balhae.ogg,RT56과 같은 경로가 없는 HOK 고유 자산; provenance 유지,B9532456B813599144F696B0DC001D23BBDE17C0873E5CA0625DE3DC53A13B0D,B9532456B813599144F696B0DC001D23BBDE17C0873E5CA0625DE3DC53A13B0D
music/hok_music.asset,ADD,SHIPPED,no,music/hok_music.asset,RT56과 같은 경로가 없는 HOK 고유 콘텐츠/메타데이터,1FDAE5902FD0143264FA828FD079099EADF9944F896ABA7821A06ED64AD9B38D,49833F0AEF5E3B29CCD86E36110F7D5D7F641F739F07494BA50AF016DF96DBD1
music/hok_songs.txt,ADD,SHIPPED,no,music/hok_songs.txt,RT56과 같은 경로가 없는 HOK 고유 콘텐츠/메타데이터,A4047EEC78D6C8938026240BA7E3042279A8285DAA68356D49CFCFB23ABE0007,A4047EEC78D6C8938026240BA7E3042279A8285DAA68356D49CFCFB23ABE0007
music/Lyrical_folk_song_of_korea.ogg,ASSET_COPY,SHIPPED,no,music/Lyrical_folk_song_of_korea.ogg,RT56과 같은 경로가 없는 HOK 고유 자산; provenance 유지,720A583E9910B471B96436E0924639CD9544A1121C08BE976D5AD4BC84CD5383,720A583E9910B471B96436E0924639CD9544A1121C08BE976D5AD4BC84CD5383
music/March_of_hwarang.ogg,ASSET_COPY,SHIPPED,no,music/March_of_hwarang.ogg,RT56과 같은 경로가 없는 HOK 고유 자산; provenance 유지,A7BF2C300872514941D50940F207523B2BB3CC93A34A54B68AB9C52A06B10479,A7BF2C300872514941D50940F207523B2BB3CC93A34A54B68AB9C52A06B10479
music/Minshu_ikki.ogg,USE_RT56,OMITTED_OUT_OF_SCOPE,no,(omitted; RT56/vanilla scope retained),삭제된 HOK JAP 민주화 경로의 song 조건만 있었고 KOR focus에는 재생 연결이 없는 고아 OGG; 최종 소유권 확인 전 기존 범위 밖 판정 유지,BF69629EC53A3E4C422A8619E72C5A6BD86DEC5D9971D36289129641EEB65371,
music/Sinarirang.ogg,ASSET_COPY,SHIPPED,no,music/Sinarirang.ogg,RT56과 같은 경로가 없는 HOK 고유 자산; provenance 유지,2E2209F5C257BD4695C8D74E110A79B7CD1313099F4FCECFD0C5FC6905271749,2E2209F5C257BD4695C8D74E110A79B7CD1313099F4FCECFD0C5FC6905271749
music/Songs_of_minjoong.ogg,ASSET_COPY,SHIPPED,no,music/Songs_of_minjoong.ogg,RT56과 같은 경로가 없는 HOK 고유 자산; provenance 유지,742795269B6CAB05E5E3D66308479CA0FE47AC050E307413A2B128E76C2C037D,742795269B6CAB05E5E3D66308479CA0FE47AC050E307413A2B128E76C2C037D
portraits/00_portraits_KOR.txt,ADD,SHIPPED,no,portraits/00_portraits_KOR.txt,RT56과 같은 경로가 없는 HOK 고유 콘텐츠/메타데이터,513A9C1492AD4A70572BDFFB8FF58F89A35E96D5C336BCF48D375594201E7FD3,513A9C1492AD4A70572BDFFB8FF58F89A35E96D5C336BCF48D375594201E7FD3
README.md,OVERRIDE,SHIPPED,yes,README.md,신규 포트의 사용자 안내와 현재 상태,F0973ADAF9AED00BB5ED56B252079E77C059E67DD06BFD72B74326E379A9B982,87F5C4527E7832298479B38D3C6375DF543FCE063025D55251416691CDDA713D
sound/kor/kor_Idle_001.wav,ASSET_COPY,SHIPPED,yes,sound/kor/kor_Idle_001.wav,HOK 한국 음성 payload; 논리 ID는 병합 registry가 단독 등록,EA99E7F94D80D2AF54A7CB75158845F576C33C905DA17A175179F064656A17E1,EA99E7F94D80D2AF54A7CB75158845F576C33C905DA17A175179F064656A17E1
sound/kor/kor_Idle_002.wav,ASSET_COPY,SHIPPED,yes,sound/kor/kor_Idle_002.wav,HOK 한국 음성 payload; 논리 ID는 병합 registry가 단독 등록,2611BFF8210A00DB08AAC1083D9D4A7C0B93230182AB95BF1D0AF62BE7A86E6C,2611BFF8210A00DB08AAC1083D9D4A7C0B93230182AB95BF1D0AF62BE7A86E6C
sound/kor/kor_Idle_003.wav,ASSET_COPY,SHIPPED,yes,sound/kor/kor_Idle_003.wav,HOK 한국 음성 payload; 논리 ID는 병합 registry가 단독 등록,E419F7D5B13CF8816261574A02BF6B390944CA88CEEC4DF93E3F9DC06B6C26C7,E419F7D5B13CF8816261574A02BF6B390944CA88CEEC4DF93E3F9DC06B6C26C7
sound/kor/kor_Idle_004.wav,ASSET_COPY,SHIPPED,yes,sound/kor/kor_Idle_004.wav,HOK 한국 음성 payload; 논리 ID는 병합 registry가 단독 등록,423A9FFAAA30585346A1B4B628D227C37F9DD2EEEB200B79E9DADC135E215A1E,423A9FFAAA30585346A1B4B628D227C37F9DD2EEEB200B79E9DADC135E215A1E
sound/kor/kor_Idle_005.wav,ASSET_COPY,SHIPPED,yes,sound/kor/kor_Idle_005.wav,HOK 한국 음성 payload; 논리 ID는 병합 registry가 단독 등록,E1B18119F7AB40F687518D61650BCBE70A15D6559EBA7BE309C3F00F15653442,E1B18119F7AB40F687518D61650BCBE70A15D6559EBA7BE309C3F00F15653442
sound/kor/kor_Neutral_001.wav,ASSET_COPY,SHIPPED,yes,sound/kor/kor_Neutral_001.wav,HOK 한국 음성 payload; 논리 ID는 병합 registry가 단독 등록,9BCB5BD3107BC9741B2E033144E950E5AA22C8B902888771DE9EDE641182CDD1,9BCB5BD3107BC9741B2E033144E950E5AA22C8B902888771DE9EDE641182CDD1
sound/kor/kor_Neutral_002.wav,ASSET_COPY,SHIPPED,yes,sound/kor/kor_Neutral_002.wav,HOK 한국 음성 payload; 논리 ID는 병합 registry가 단독 등록,0FE926756A983D9D32DB2F9486E9EF027C653172AAC199B3860BDF06603CAA33,0FE926756A983D9D32DB2F9486E9EF027C653172AAC199B3860BDF06603CAA33
sound/kor/kor_Neutral_003.wav,ASSET_COPY,SHIPPED,yes,sound/kor/kor_Neutral_003.wav,HOK 한국 음성 payload; 논리 ID는 병합 registry가 단독 등록,C1659158694629BFA3B7408EDB4CD9160C42E4B5BFA54876BCF2816FA92D4F21,C1659158694629BFA3B7408EDB4CD9160C42E4B5BFA54876BCF2816FA92D4F21
sound/kor/kor_Neutral_004.wav,ASSET_COPY,SHIPPED,yes,sound/kor/kor_Neutral_004.wav,HOK 한국 음성 payload; 논리 ID는 병합 registry가 단독 등록,3F5DB06C0D43AD2E13070030A36012CC85DF428B861A15FF605D4E3C9C030AF9,3F5DB06C0D43AD2E13070030A36012CC85DF428B861A15FF605D4E3C9C030AF9
sound/kor/kor_Positive_001.wav,ASSET_COPY,SHIPPED,yes,sound/kor/kor_Positive_001.wav,HOK 한국 음성 payload; 논리 ID는 병합 registry가 단독 등록,C32C773E24A7CBD5275675E9E70233310D5414DA99AECE8AB1DE3D5CF699FCDC,C32C773E24A7CBD5275675E9E70233310D5414DA99AECE8AB1DE3D5CF699FCDC
sound/kor/kor_Positive_002.wav,ASSET_COPY,SHIPPED,yes,sound/kor/kor_Positive_002.wav,HOK 한국 음성 payload; 논리 ID는 병합 registry가 단독 등록,CF15D8D741F3AD291CC76262F0CBF1835F817D1225AEAB26A1BEE2F1776E47D1,CF15D8D741F3AD291CC76262F0CBF1835F817D1225AEAB26A1BEE2F1776E47D1
sound/kor/kor_Positive_003.wav,ASSET_COPY,SHIPPED,yes,sound/kor/kor_Positive_003.wav,HOK 한국 음성 payload; 논리 ID는 병합 registry가 단독 등록,C4BB33E674E6143C0B05AD4B6B5D2301AA4ADCE7EE25532E0EFBF1AD836392CC,C4BB33E674E6143C0B05AD4B6B5D2301AA4ADCE7EE25532E0EFBF1AD836392CC
sound/kor/kor_Positive_004.wav,ASSET_COPY,SHIPPED,yes,sound/kor/kor_Positive_004.wav,HOK 한국 음성 payload; 논리 ID는 병합 registry가 단독 등록,42AD6F6600E743FB55FC9A908EB6D2D92BED03756FB86F5A71459D66FB6F60AE,42AD6F6600E743FB55FC9A908EB6D2D92BED03756FB86F5A71459D66FB6F60AE
sound/kor/kor_Positive_005.wav,ASSET_COPY,SHIPPED,no,sound/kor/kor_Positive_005.wav,HOK 한국 음성 payload; 논리 ID는 병합 registry가 단독 등록,6D00A237DE485634AEBD9B921DB82FC7611E7D0FAE0D03973039D562FD6F350B,6D00A237DE485634AEBD9B921DB82FC7611E7D0FAE0D03973039D562FD6F350B
sound/kor/kor_Retreat_001.wav,ASSET_COPY,SHIPPED,yes,sound/kor/kor_Retreat_001.wav,HOK 한국 음성 payload; 논리 ID는 병합 registry가 단독 등록,2409B58C4A156E404D4A6066B2F5AB0F71C083C1EF2C4DB5A2EBACE9E66CF848,2409B58C4A156E404D4A6066B2F5AB0F71C083C1EF2C4DB5A2EBACE9E66CF848
sound/kor/kor_Retreat_002.wav,ASSET_COPY,SHIPPED,yes,sound/kor/kor_Retreat_002.wav,HOK 한국 음성 payload; 논리 ID는 병합 registry가 단독 등록,055C0F776D75EF220DFFCDC2D76436D85337BA2E81513D7F3F72DF7931E909A4,055C0F776D75EF220DFFCDC2D76436D85337BA2E81513D7F3F72DF7931E909A4
sound/kor/kor_Retreat_003.wav,ASSET_COPY,SHIPPED,yes,sound/kor/kor_Retreat_003.wav,HOK 한국 음성 payload; 논리 ID는 병합 registry가 단독 등록,8EB7CBFD7AF83AC9A19BDCD5A23A838E87F861508EAE866750A766752056732B,8EB7CBFD7AF83AC9A19BDCD5A23A838E87F861508EAE866750A766752056732B
sound/kor/kor_Retreat_004.wav,ASSET_COPY,SHIPPED,yes,sound/kor/kor_Retreat_004.wav,HOK 한국 음성 payload; 논리 ID는 병합 registry가 단독 등록,72DCBC970CEA5CCDADE4E344BDA64A513C6717D96A0C0D0F1DFFE867E0F42A32,72DCBC970CEA5CCDADE4E344BDA64A513C6717D96A0C0D0F1DFFE867E0F42A32
sound/voice_korea.asset,THREE_WAY_MERGE,GENERATED,no,sound/r56_vo_Korean.asset,RT56 category/compressor에 HOK 음원·재생 목록·volume을 병합한 단일 registry,41837D11DAAC2369529C4BEAED29E1E44DBA66DD455016F12B8972B810E4389C,49D0C69AECCD813536A81828AD5FE3D739A91399663740A80A6D654862982282
thumbnail.png,ASSET_COPY,SHIPPED,yes,thumbnail.png,HOK 고유 한국 시각 정체성 자산; 출처를 유지해 의도적으로 선적,715C2DAB04E09637A31FE100CF185B2D21D7EEE80AF6AE6E5117A875E0A9AEE1,715C2DAB04E09637A31FE100CF185B2D21D7EEE80AF6AE6E5117A875E0A9AEE1
thumbnail_full.png,ASSET_COPY,SHIPPED,no,thumbnail_full.png,RT56과 같은 경로가 없는 HOK 고유 자산; provenance 유지,02145F0C253D96AE4804EFA1ADEF51CE27E2D2AE2873E2C37DE6CC2EDC24F52F,02145F0C253D96AE4804EFA1ADEF51CE27E2D2AE2873E2C37DE6CC2EDC24F52F
thumnnail_HoK_logo.png,ASSET_COPY,SHIPPED,no,thumnnail_HoK_logo.png,RT56과 같은 경로가 없는 HOK 고유 자산; provenance 유지,92F6AEB94BFB69119EE9113D37B0BDC47C2E37613D303D3685AE275323A34FE2,92F6AEB94BFB69119EE9113D37B0BDC47C2E37613D303D3685AE275323A34FE2
